DateKey,FullDateAlternateKey,DayNumberOfWeek,EnglishDayNameOfWeek,DayNumberOfMonth,MonthNumberOfYear,EnglishMonthName,CalendarQuarter,CalendarYear,FiscalYear
20050101,2005-01-01,7,Saturday,1,1,January,1,2005,2005
20050102,2005-01-02,1,Sunday,2,1,January,1,2005,2005
20050103,2005-01-03,2,Monday,3,1,January,1,2005,2005
20050104,2005-01-04,3,Tuesday,4,1,January,1,2005,2005
20050105,2005-01-05,4,Wednesday,5,1,January,1,2005,2005
20050106,2005-01-06,5,Thursday,6,1,January,1,2005,2005
20050107,2005-01-07,6,Friday,7,1,January,1,2005,2005
20050108,2005-01-08,7,Saturday,8,1,January,1,2005,2005
20050109,2005-01-09,1,Sunday,9,1,January,1,2005,2005
20050110,2005-01-10,2,Monday,10,1,January,1,2005,2005
20050111,2005-01-11,3,Tuesday,11,1,January,1,2005,2005
20050112,2005-01-12,4,Wednesday,12,1,January,1,2005,2005
20050113,2005-01-13,5,Thursday,13,1,January,1,2005,2005
20050114,2005-01-14,6,Friday,14,1,January,1,2005,2005
20050115,2005-01-15,7,Saturday,15,1,January,1,2005,2005
20050116,2005-01-16,1,Sunday,16,1,January,1,2005,2005
20050117,2005-01-17,2,Monday,17,1,January,1,2005,2005
20050118,2005-01-18,3,Tuesday,18,1,January,1,2005,2005
20050119,2005-01-19,4,Wednesday,19,1,January,1,2005,2005
20050120,2005-01-20,5,Thursday,20,1,January,1,2005,2005
20050121,2005-01-21,6,Friday,21,1,January,1,2005,2005
20050122,2005-01-22,7,Saturday,22,1,January,1,2005,2005
20050123,2005-01-23,1,Sunday,23,1,January,1,2005,2005
20050124,2005-01-24,2,Monday,24,1,January,1,2005,2005
20050125,2005-01-25,3,Tuesday,25,1,January,1,2005,2005
20050126,2005-01-26,4,Wednesday,26,1,January,1,2005,2005
20050127,2005-01-27,5,Thursday,27,1,January,1,2005,2005
20050128,2005-01-28,6,Friday,28,1,January,1,2005,2005
20050129,2005-01-29,7,Saturday,29,1,January,1,2005,2005
20050130,2005-01-30,1,Sunday,30,1,January,1,2005,2005
20050131,2005-01-31,2,Monday,31,1,January,1,2005,2005
20050201,2005-02-01,3,Tuesday,1,2,February,1,2005,2005
20050202,2005-02-02,4,Wednesday,2,2,February,1,2005,2005
20050203,2005-02-03,5,Thursday,3,2,February,1,2005,2005
20050204,2005-02-04,6,Friday,4,2,February,1,2005,2005
20050205,2005-02-05,7,Saturday,5,2,February,1,2005,2005
20050206,2005-02-06,1,Sunday,6,2,February,1,2005,2005
20050207,2005-02-07,2,Monday,7,2,February,1,2005,2005
20050208,2005-02-08,3,Tuesday,8,2,February,1,2005,2005
20050209,2005-02-09,4,Wednesday,9,2,February,1,2005,2005
20050210,2005-02-10,5,Thursday,10,2,February,1,2005,2005
20050211,2005-02-11,6,Friday,11,2,February,1,2005,2005
20050212,2005-02-12,7,Saturday,12,2,February,1,2005,2005
20050213,2005-02-13,1,Sunday,13,2,February,1,2005,2005
20050214,2005-02-14,2,Monday,14,2,February,1,2005,2005
20050215,2005-02-15,3,Tuesday,15,2,February,1,2005,2005
20050216,2005-02-16,4,Wednesday,16,2,February,1,2005,2005
20050217,2005-02-17,5,Thursday,17,2,February,1,2005,2005
20050218,2005-02-18,6,Friday,18,2,February,1,2005,2005
20050219,2005-02-19,7,Saturday,19,2,February,1,2005,2005
20050220,2005-02-20,1,Sunday,20,2,February,1,2005,2005
20050221,2005-02-21,2,Monday,21,2,February,1,2005,2005
20050222,2005-02-22,3,Tuesday,22,2,February,1,2005,2005
20050223,2005-02-23,4,Wednesday,23,2,February,1,2005,2005
20050224,2005-02-24,5,Thursday,24,2,February,1,2005,2005
20050225,2005-02-25,6,Friday,25,2,February,1,2005,2005
20050226,2005-02-26,7,Saturday,26,2,February,1,2005,2005
20050227,2005-02-27,1,Sunday,27,2,February,1,2005,2005
20050228,2005-02-28,2,Monday,28,2,February,1,2005,2005
20050301,2005-03-01,3,Tuesday,1,3,March,1,2005,2005
20050302,2005-03-02,4,Wednesday,2,3,March,1,2005,2005
20050303,2005-03-03,5,Thursday,3,3,March,1,2005,2005
20050304,2005-03-04,6,Friday,4,3,March,1,2005,2005
20050305,2005-03-05,7,Saturday,5,3,March,1,2005,2005
20050306,2005-03-06,1,Sunday,6,3,March,1,2005,2005
20050307,2005-03-07,2,Monday,7,3,March,1,2005,2005
20050308,2005-03-08,3,Tuesday,8,3,March,1,2005,2005
20050309,2005-03-09,4,Wednesday,9,3,March,1,2005,2005
20050310,2005-03-10,5,Thursday,10,3,March,1,2005,2005
20050311,2005-03-11,6,Friday,11,3,March,1,2005,2005
20050312,2005-03-12,7,Saturday,12,3,March,1,2005,2005
20050313,2005-03-13,1,Sunday,13,3,March,1,2005,2005
20050314,2005-03-14,2,Monday,14,3,March,1,2005,2005
20050315,2005-03-15,3,Tuesday,15,3,March,1,2005,2005
20050316,2005-03-16,4,Wednesday,16,3,March,1,2005,2005
20050317,2005-03-17,5,Thursday,17,3,March,1,2005,2005
20050318,2005-03-18,6,Friday,18,3,March,1,2005,2005
20050319,2005-03-19,7,Saturday,19,3,March,1,2005,2005
20050320,2005-03-20,1,Sunday,20,3,March,1,2005,2005
20050321,2005-03-21,2,Monday,21,3,March,1,2005,2005
20050322,2005-03-22,3,Tuesday,22,3,March,1,2005,2005
20050323,2005-03-23,4,Wednesday,23,3,March,1,2005,2005
20050324,2005-03-24,5,Thursday,24,3,March,1,2005,2005
20050325,2005-03-25,6,Friday,25,3,March,1,2005,2005
20050326,2005-03-26,7,Saturday,26,3,March,1,2005,2005
20050327,2005-03-27,1,Sunday,27,3,March,1,2005,2005
20050328,2005-03-28,2,Monday,28,3,March,1,2005,2005
20050329,2005-03-29,3,Tuesday,29,3,March,1,2005,2005
20050330,2005-03-30,4,Wednesday,30,3,March,1,2005,2005
20050331,2005-03-31,5,Thursday,31,3,March,1,2005,2005
20050401,2005-04-01,6,Friday,1,4,April,2,2005,2005
20050402,2005-04-02,7,Saturday,2,4,April,2,2005,2005
20050403,2005-04-03,1,Sunday,3,4,April,2,2005,2005
20050404,2005-04-04,2,Monday,4,4,April,2,2005,2005
20050405,2005-04-05,3,Tuesday,5,4,April,2,2005,2005
20050406,2005-04-06,4,Wednesday,6,4,April,2,2005,2005
20050407,2005-04-07,5,Thursday,7,4,April,2,2005,2005
20050408,2005-04-08,6,Friday,8,4,April,2,2005,2005
20050409,2005-04-09,7,Saturday,9,4,April,2,2005,2005
20050410,2005-04-10,1,Sunday,10,4,April,2,2005,2005
20050411,2005-04-11,2,Monday,11,4,April,2,2005,2005
20050412,2005-04-12,3,Tuesday,12,4,April,2,2005,2005
20050413,2005-04-13,4,Wednesday,13,4,April,2,2005,2005
20050414,2005-04-14,5,Thursday,14,4,April,2,2005,2005
20050415,2005-04-15,6,Friday,15,4,April,2,2005,2005
20050416,2005-04-16,7,Saturday,16,4,April,2,2005,2005
20050417,2005-04-17,1,Sunday,17,4,April,2,2005,2005
20050418,2005-04-18,2,Monday,18,4,April,2,2005,2005
20050419,2005-04-19,3,Tuesday,19,4,April,2,2005,2005
20050420,2005-04-20,4,Wednesday,20,4,April,2,2005,2005
20050421,2005-04-21,5,Thursday,21,4,April,2,2005,2005
20050422,2005-04-22,6,Friday,22,4,April,2,2005,2005
20050423,2005-04-23,7,Saturday,23,4,April,2,2005,2005
20050424,2005-04-24,1,Sunday,24,4,April,2,2005,2005
20050425,2005-04-25,2,Monday,25,4,April,2,2005,2005
20050426,2005-04-26,3,Tuesday,26,4,April,2,2005,2005
20050427,2005-04-27,4,Wednesday,27,4,April,2,2005,2005
20050428,2005-04-28,5,Thursday,28,4,April,2,2005,2005
20050429,2005-04-29,6,Friday,29,4,April,2,2005,2005
20050430,2005-04-30,7,Saturday,30,4,April,2,2005,2005
20050501,2005-05-01,1,Sunday,1,5,May,2,2005,2005
20050502,2005-05-02,2,Monday,2,5,May,2,2005,2005
20050503,2005-05-03,3,Tuesday,3,5,May,2,2005,2005
20050504,2005-05-04,4,Wednesday,4,5,May,2,2005,2005
20050505,2005-05-05,5,Thursday,5,5,May,2,2005,2005
20050506,2005-05-06,6,Friday,6,5,May,2,2005,2005
20050507,2005-05-07,7,Saturday,7,5,May,2,2005,2005
20050508,2005-05-08,1,Sunday,8,5,May,2,2005,2005
20050509,2005-05-09,2,Monday,9,5,May,2,2005,2005
20050510,2005-05-10,3,Tuesday,10,5,May,2,2005,2005
20050511,2005-05-11,4,Wednesday,11,5,May,2,2005,2005
20050512,2005-05-12,5,Thursday,12,5,May,2,2005,2005
20050513,2005-05-13,6,Friday,13,5,May,2,2005,2005
20050514,2005-05-14,7,Saturday,14,5,May,2,2005,2005
20050515,2005-05-15,1,Sunday,15,5,May,2,2005,2005
20050516,2005-05-16,2,Monday,16,5,May,2,2005,2005
20050517,2005-05-17,3,Tuesday,17,5,May,2,2005,2005
20050518,2005-05-18,4,Wednesday,18,5,May,2,2005,2005
20050519,2005-05-19,5,Thursday,19,5,May,2,2005,2005
20050520,2005-05-20,6,Friday,20,5,May,2,2005,2005
20050521,2005-05-21,7,Saturday,21,5,May,2,2005,2005
20050522,2005-05-22,1,Sunday,22,5,May,2,2005,2005
20050523,2005-05-23,2,Monday,23,5,May,2,2005,2005
20050524,2005-05-24,3,Tuesday,24,5,May,2,2005,2005
20050525,2005-05-25,4,Wednesday,25,5,May,2,2005,2005
20050526,2005-05-26,5,Thursday,26,5,May,2,2005,2005
20050527,2005-05-27,6,Friday,27,5,May,2,2005,2005
20050528,2005-05-28,7,Saturday,28,5,May,2,2005,2005
20050529,2005-05-29,1,Sunday,29,5,May,2,2005,2005
20050530,2005-05-30,2,Monday,30,5,May,2,2005,2005
20050531,2005-05-31,3,Tuesday,31,5,May,2,2005,2005
20050601,2005-06-01,4,Wednesday,1,6,June,2,2005,2005
20050602,2005-06-02,5,Thursday,2,6,June,2,2005,2005
20050603,2005-06-03,6,Friday,3,6,June,2,2005,2005
20050604,2005-06-04,7,Saturday,4,6,June,2,2005,2005
20050605,2005-06-05,1,Sunday,5,6,June,2,2005,2005
20050606,2005-06-06,2,Monday,6,6,June,2,2005,2005
20050607,2005-06-07,3,Tuesday,7,6,June,2,2005,2005
20050608,2005-06-08,4,Wednesday,8,6,June,2,2005,2005
20050609,2005-06-09,5,Thursday,9,6,June,2,2005,2005
20050610,2005-06-10,6,Friday,10,6,June,2,2005,2005
20050611,2005-06-11,7,Saturday,11,6,June,2,2005,2005
20050612,2005-06-12,1,Sunday,12,6,June,2,2005,2005
20050613,2005-06-13,2,Monday,13,6,June,2,2005,2005
20050614,2005-06-14,3,Tuesday,14,6,June,2,2005,2005
20050615,2005-06-15,4,Wednesday,15,6,June,2,2005,2005
20050616,2005-06-16,5,Thursday,16,6,June,2,2005,2005
20050617,2005-06-17,6,Friday,17,6,June,2,2005,2005
20050618,2005-06-18,7,Saturday,18,6,June,2,2005,2005
20050619,2005-06-19,1,Sunday,19,6,June,2,2005,2005
20050620,2005-06-20,2,Monday,20,6,June,2,2005,2005
20050621,2005-06-21,3,Tuesday,21,6,June,2,2005,2005
20050622,2005-06-22,4,Wednesday,22,6,June,2,2005,2005
20050623,2005-06-23,5,Thursday,23,6,June,2,2005,2005
20050624,2005-06-24,6,Friday,24,6,June,2,2005,2005
20050625,2005-06-25,7,Saturday,25,6,June,2,2005,2005
20050626,2005-06-26,1,Sunday,26,6,June,2,2005,2005
20050627,2005-06-27,2,Monday,27,6,June,2,2005,2005
20050628,2005-06-28,3,Tuesday,28,6,June,2,2005,2005
20050629,2005-06-29,4,Wednesday,29,6,June,2,2005,2005
20050630,2005-06-30,5,Thursday,30,6,June,2,2005,2005
20050701,2005-07-01,6,Friday,1,7,July,3,2005,2006
20050702,2005-07-02,7,Saturday,2,7,July,3,2005,2006
20050703,2005-07-03,1,Sunday,3,7,July,3,2005,2006
20050704,2005-07-04,2,Monday,4,7,July,3,2005,2006
20050705,2005-07-05,3,Tuesday,5,7,July,3,2005,2006
20050706,2005-07-06,4,Wednesday,6,7,July,3,2005,2006
20050707,2005-07-07,5,Thursday,7,7,July,3,2005,2006
20050708,2005-07-08,6,Friday,8,7,July,3,2005,2006
20050709,2005-07-09,7,Saturday,9,7,July,3,2005,2006
20050710,2005-07-10,1,Sunday,10,7,July,3,2005,2006
20050711,2005-07-11,2,Monday,11,7,July,3,2005,2006
20050712,2005-07-12,3,Tuesday,12,7,July,3,2005,2006
20050713,2005-07-13,4,Wednesday,13,7,July,3,2005,2006
20050714,2005-07-14,5,Thursday,14,7,July,3,2005,2006
20050715,2005-07-15,6,Friday,15,7,July,3,2005,2006
20050716,2005-07-16,7,Saturday,16,7,July,3,2005,2006
20050717,2005-07-17,1,Sunday,17,7,July,3,2005,2006
20050718,2005-07-18,2,Monday,18,7,July,3,2005,2006
20050719,2005-07-19,3,Tuesday,19,7,July,3,2005,2006
20050720,2005-07-20,4,Wednesday,20,7,July,3,2005,2006
20050721,2005-07-21,5,Thursday,21,7,July,3,2005,2006
20050722,2005-07-22,6,Friday,22,7,July,3,2005,2006
20050723,2005-07-23,7,Saturday,23,7,July,3,2005,2006
20050724,2005-07-24,1,Sunday,24,7,July,3,2005,2006
20050725,2005-07-25,2,Monday,25,7,July,3,2005,2006
20050726,2005-07-26,3,Tuesday,26,7,July,3,2005,2006
20050727,2005-07-27,4,Wednesday,27,7,July,3,2005,2006
20050728,2005-07-28,5,Thursday,28,7,July,3,2005,2006
20050729,2005-07-29,6,Friday,29,7,July,3,2005,2006
20050730,2005-07-30,7,Saturday,30,7,July,3,2005,2006
20050731,2005-07-31,1,Sunday,31,7,July,3,2005,2006
20050801,2005-08-01,2,Monday,1,8,August,3,2005,2006
20050802,2005-08-02,3,Tuesday,2,8,August,3,2005,2006
20050803,2005-08-03,4,Wednesday,3,8,August,3,2005,2006
20050804,2005-08-04,5,Thursday,4,8,August,3,2005,2006
20050805,2005-08-05,6,Friday,5,8,August,3,2005,2006
20050806,2005-08-06,7,Saturday,6,8,August,3,2005,2006
20050807,2005-08-07,1,Sunday,7,8,August,3,2005,2006
20050808,2005-08-08,2,Monday,8,8,August,3,2005,2006
20050809,2005-08-09,3,Tuesday,9,8,August,3,2005,2006
20050810,2005-08-10,4,Wednesday,10,8,August,3,2005,2006
20050811,2005-08-11,5,Thursday,11,8,August,3,2005,2006
20050812,2005-08-12,6,Friday,12,8,August,3,2005,2006
20050813,2005-08-13,7,Saturday,13,8,August,3,2005,2006
20050814,2005-08-14,1,Sunday,14,8,August,3,2005,2006
20050815,2005-08-15,2,Monday,15,8,August,3,2005,2006
20050816,2005-08-16,3,Tuesday,16,8,August,3,2005,2006
20050817,2005-08-17,4,Wednesday,17,8,August,3,2005,2006
20050818,2005-08-18,5,Thursday,18,8,August,3,2005,2006
20050819,2005-08-19,6,Friday,19,8,August,3,2005,2006
20050820,2005-08-20,7,Saturday,20,8,August,3,2005,2006
20050821,2005-08-21,1,Sunday,21,8,August,3,2005,2006
20050822,2005-08-22,2,Monday,22,8,August,3,2005,2006
20050823,2005-08-23,3,Tuesday,23,8,August,3,2005,2006
20050824,2005-08-24,4,Wednesday,24,8,August,3,2005,2006
20050825,2005-08-25,5,Thursday,25,8,August,3,2005,2006
20050826,2005-08-26,6,Friday,26,8,August,3,2005,2006
20050827,2005-08-27,7,Saturday,27,8,August,3,2005,2006
20050828,2005-08-28,1,Sunday,28,8,August,3,2005,2006
20050829,2005-08-29,2,Monday,29,8,August,3,2005,2006
20050830,2005-08-30,3,Tuesday,30,8,August,3,2005,2006
20050831,2005-08-31,4,Wednesday,31,8,August,3,2005,2006
20050901,2005-09-01,5,Thursday,1,9,September,3,2005,2006
20050902,2005-09-02,6,Friday,2,9,September,3,2005,2006
20050903,2005-09-03,7,Saturday,3,9,September,3,2005,2006
20050904,2005-09-04,1,Sunday,4,9,September,3,2005,2006
20050905,2005-09-05,2,Monday,5,9,September,3,2005,2006
20050906,2005-09-06,3,Tuesday,6,9,September,3,2005,2006
20050907,2005-09-07,4,Wednesday,7,9,September,3,2005,2006
20050908,2005-09-08,5,Thursday,8,9,September,3,2005,2006
20050909,2005-09-09,6,Friday,9,9,September,3,2005,2006
20050910,2005-09-10,7,Saturday,10,9,September,3,2005,2006
20050911,2005-09-11,1,Sunday,11,9,September,3,2005,2006
20050912,2005-09-12,2,Monday,12,9,September,3,2005,2006
20050913,2005-09-13,3,Tuesday,13,9,September,3,2005,2006
20050914,2005-09-14,4,Wednesday,14,9,September,3,2005,2006
20050915,2005-09-15,5,Thursday,15,9,September,3,2005,2006
20050916,2005-09-16,6,Friday,16,9,September,3,2005,2006
20050917,2005-09-17,7,Saturday,17,9,September,3,2005,2006
20050918,2005-09-18,1,Sunday,18,9,September,3,2005,2006
20050919,2005-09-19,2,Monday,19,9,September,3,2005,2006
20050920,2005-09-20,3,Tuesday,20,9,September,3,2005,2006
20050921,2005-09-21,4,Wednesday,21,9,September,3,2005,2006
20050922,2005-09-22,5,Thursday,22,9,September,3,2005,2006
20050923,2005-09-23,6,Friday,23,9,September,3,2005,2006
20050924,2005-09-24,7,Saturday,24,9,September,3,2005,2006
20050925,2005-09-25,1,Sunday,25,9,September,3,2005,2006
20050926,2005-09-26,2,Monday,26,9,September,3,2005,2006
20050927,2005-09-27,3,Tuesday,27,9,September,3,2005,2006
20050928,2005-09-28,4,Wednesday,28,9,September,3,2005,2006
20050929,2005-09-29,5,Thursday,29,9,September,3,2005,2006
20050930,2005-09-30,6,Friday,30,9,September,3,2005,2006
20051001,2005-10-01,7,Saturday,1,10,October,4,2005,2006
20051002,2005-10-02,1,Sunday,2,10,October,4,2005,2006
20051003,2005-10-03,2,Monday,3,10,October,4,2005,2006
20051004,2005-10-04,3,Tuesday,4,10,October,4,2005,2006
20051005,2005-10-05,4,Wednesday,5,10,October,4,2005,2006
20051006,2005-10-06,5,Thursday,6,10,October,4,2005,2006
20051007,2005-10-07,6,Friday,7,10,October,4,2005,2006
20051008,2005-10-08,7,Saturday,8,10,October,4,2005,2006
20051009,2005-10-09,1,Sunday,9,10,October,4,2005,2006
20051010,2005-10-10,2,Monday,10,10,October,4,2005,2006
20051011,2005-10-11,3,Tuesday,11,10,October,4,2005,2006
20051012,2005-10-12,4,Wednesday,12,10,October,4,2005,2006
20051013,2005-10-13,5,Thursday,13,10,October,4,2005,2006
20051014,2005-10-14,6,Friday,14,10,October,4,2005,2006
20051015,2005-10-15,7,Saturday,15,10,October,4,2005,2006
20051016,2005-10-16,1,Sunday,16,10,October,4,2005,2006
20051017,2005-10-17,2,Monday,17,10,October,4,2005,2006
20051018,2005-10-18,3,Tuesday,18,10,October,4,2005,2006
20051019,2005-10-19,4,Wednesday,19,10,October,4,2005,2006
20051020,2005-10-20,5,Thursday,20,10,October,4,2005,2006
20051021,2005-10-21,6,Friday,21,10,October,4,2005,2006
20051022,2005-10-22,7,Saturday,22,10,October,4,2005,2006
20051023,2005-10-23,1,Sunday,23,10,October,4,2005,2006
20051024,2005-10-24,2,Monday,24,10,October,4,2005,2006
20051025,2005-10-25,3,Tuesday,25,10,October,4,2005,2006
20051026,2005-10-26,4,Wednesday,26,10,October,4,2005,2006
20051027,2005-10-27,5,Thursday,27,10,October,4,2005,2006
20051028,2005-10-28,6,Friday,28,10,October,4,2005,2006
20051029,2005-10-29,7,Saturday,29,10,October,4,2005,2006
20051030,2005-10-30,1,Sunday,30,10,October,4,2005,2006
20051031,2005-10-31,2,Monday,31,10,October,4,2005,2006
20051101,2005-11-01,3,Tuesday,1,11,November,4,2005,2006
20051102,2005-11-02,4,Wednesday,2,11,November,4,2005,2006
20051103,2005-11-03,5,Thursday,3,11,November,4,2005,2006
20051104,2005-11-04,6,Friday,4,11,November,4,2005,2006
20051105,2005-11-05,7,Saturday,5,11,November,4,2005,2006
20051106,2005-11-06,1,Sunday,6,11,November,4,2005,2006
20051107,2005-11-07,2,Monday,7,11,November,4,2005,2006
20051108,2005-11-08,3,Tuesday,8,11,November,4,2005,2006
20051109,2005-11-09,4,Wednesday,9,11,November,4,2005,2006
20051110,2005-11-10,5,Thursday,10,11,November,4,2005,2006
20051111,2005-11-11,6,Friday,11,11,November,4,2005,2006
20051112,2005-11-12,7,Saturday,12,11,November,4,2005,2006
20051113,2005-11-13,1,Sunday,13,11,November,4,2005,2006
20051114,2005-11-14,2,Monday,14,11,November,4,2005,2006
20051115,2005-11-15,3,Tuesday,15,11,November,4,2005,2006
20051116,2005-11-16,4,Wednesday,16,11,November,4,2005,2006
20051117,2005-11-17,5,Thursday,17,11,November,4,2005,2006
20051118,2005-11-18,6,Friday,18,11,November,4,2005,2006
20051119,2005-11-19,7,Saturday,19,11,November,4,2005,2006
20051120,2005-11-20,1,Sunday,20,11,November,4,2005,2006
20051121,2005-11-21,2,Monday,21,11,November,4,2005,2006
20051122,2005-11-22,3,Tuesday,22,11,November,4,2005,2006
20051123,2005-11-23,4,Wednesday,23,11,November,4,2005,2006
20051124,2005-11-24,5,Thursday,24,11,November,4,2005,2006
20051125,2005-11-25,6,Friday,25,11,November,4,2005,2006
20051126,2005-11-26,7,Saturday,26,11,November,4,2005,2006
20051127,2005-11-27,1,Sunday,27,11,November,4,2005,2006
20051128,2005-11-28,2,Monday,28,11,November,4,2005,2006
20051129,2005-11-29,3,Tuesday,29,11,November,4,2005,2006
20051130,2005-11-30,4,Wednesday,30,11,November,4,2005,2006
20051201,2005-12-01,5,Thursday,1,12,December,4,2005,2006
20051202,2005-12-02,6,Friday,2,12,December,4,2005,2006
20051203,2005-12-03,7,Saturday,3,12,December,4,2005,2006
20051204,2005-12-04,1,Sunday,4,12,December,4,2005,2006
20051205,2005-12-05,2,Monday,5,12,December,4,2005,2006
20051206,2005-12-06,3,Tuesday,6,12,December,4,2005,2006
20051207,2005-12-07,4,Wednesday,7,12,December,4,2005,2006
20051208,2005-12-08,5,Thursday,8,12,December,4,2005,2006
20051209,2005-12-09,6,Friday,9,12,December,4,2005,2006
20051210,2005-12-10,7,Saturday,10,12,December,4,2005,2006
20051211,2005-12-11,1,Sunday,11,12,December,4,2005,2006
20051212,2005-12-12,2,Monday,12,12,December,4,2005,2006
20051213,2005-12-13,3,Tuesday,13,12,December,4,2005,2006
20051214,2005-12-14,4,Wednesday,14,12,December,4,2005,2006
20051215,2005-12-15,5,Thursday,15,12,December,4,2005,2006
20051216,2005-12-16,6,Friday,16,12,December,4,2005,2006
20051217,2005-12-17,7,Saturday,17,12,December,4,2005,2006
20051218,2005-12-18,1,Sunday,18,12,December,4,2005,2006
20051219,2005-12-19,2,Monday,19,12,December,4,2005,2006
20051220,2005-12-20,3,Tuesday,20,12,December,4,2005,2006
20051221,2005-12-21,4,Wednesday,21,12,December,4,2005,2006
20051222,2005-12-22,5,Thursday,22,12,December,4,2005,2006
20051223,2005-12-23,6,Friday,23,12,December,4,2005,2006
20051224,2005-12-24,7,Saturday,24,12,December,4,2005,2006
20051225,2005-12-25,1,Sunday,25,12,December,4,2005,2006
20051226,2005-12-26,2,Monday,26,12,December,4,2005,2006
20051227,2005-12-27,3,Tuesday,27,12,December,4,2005,2006
20051228,2005-12-28,4,Wednesday,28,12,December,4,2005,2006
20051229,2005-12-29,5,Thursday,29,12,December,4,2005,2006
20051230,2005-12-30,6,Friday,30,12,December,4,2005,2006
20051231,2005-12-31,7,Saturday,31,12,December,4,2005,2006
20060101,2006-01-01,1,Sunday,1,1,January,1,2006,2006
20060102,2006-01-02,2,Monday,2,1,January,1,2006,2006
20060103,2006-01-03,3,Tuesday,3,1,January,1,2006,2006
20060104,2006-01-04,4,Wednesday,4,1,January,1,2006,2006
20060105,2006-01-05,5,Thursday,5,1,January,1,2006,2006
20060106,2006-01-06,6,Friday,6,1,January,1,2006,2006
20060107,2006-01-07,7,Saturday,7,1,January,1,2006,2006
20060108,2006-01-08,1,Sunday,8,1,January,1,2006,2006
20060109,2006-01-09,2,Monday,9,1,January,1,2006,2006
20060110,2006-01-10,3,Tuesday,10,1,January,1,2006,2006
20060111,2006-01-11,4,Wednesday,11,1,January,1,2006,2006
20060112,2006-01-12,5,Thursday,12,1,January,1,2006,2006
20060113,2006-01-13,6,Friday,13,1,January,1,2006,2006
20060114,2006-01-14,7,Saturday,14,1,January,1,2006,2006
20060115,2006-01-15,1,Sunday,15,1,January,1,2006,2006
20060116,2006-01-16,2,Monday,16,1,January,1,2006,2006
20060117,2006-01-17,3,Tuesday,17,1,January,1,2006,2006
20060118,2006-01-18,4,Wednesday,18,1,January,1,2006,2006
20060119,2006-01-19,5,Thursday,19,1,January,1,2006,2006
20060120,2006-01-20,6,Friday,20,1,January,1,2006,2006
20060121,2006-01-21,7,Saturday,21,1,January,1,2006,2006
20060122,2006-01-22,1,Sunday,22,1,January,1,2006,2006
20060123,2006-01-23,2,Monday,23,1,January,1,2006,2006
20060124,2006-01-24,3,Tuesday,24,1,January,1,2006,2006
20060125,2006-01-25,4,Wednesday,25,1,January,1,2006,2006
20060126,2006-01-26,5,Thursday,26,1,January,1,2006,2006
20060127,2006-01-27,6,Friday,27,1,January,1,2006,2006
20060128,2006-01-28,7,Saturday,28,1,January,1,2006,2006
20060129,2006-01-29,1,Sunday,29,1,January,1,2006,2006
20060130,2006-01-30,2,Monday,30,1,January,1,2006,2006
20060131,2006-01-31,3,Tuesday,31,1,January,1,2006,2006
20060201,2006-02-01,4,Wednesday,1,2,February,1,2006,2006
20060202,2006-02-02,5,Thursday,2,2,February,1,2006,2006
20060203,2006-02-03,6,Friday,3,2,February,1,2006,2006
20060204,2006-02-04,7,Saturday,4,2,February,1,2006,2006
20060205,2006-02-05,1,Sunday,5,2,February,1,2006,2006
20060206,2006-02-06,2,Monday,6,2,February,1,2006,2006
20060207,2006-02-07,3,Tuesday,7,2,February,1,2006,2006
20060208,2006-02-08,4,Wednesday,8,2,February,1,2006,2006
20060209,2006-02-09,5,Thursday,9,2,February,1,2006,2006
20060210,2006-02-10,6,Friday,10,2,February,1,2006,2006
20060211,2006-02-11,7,Saturday,11,2,February,1,2006,2006
20060212,2006-02-12,1,Sunday,12,2,February,1,2006,2006
20060213,2006-02-13,2,Monday,13,2,February,1,2006,2006
20060214,2006-02-14,3,Tuesday,14,2,February,1,2006,2006
20060215,2006-02-15,4,Wednesday,15,2,February,1,2006,2006
20060216,2006-02-16,5,Thursday,16,2,February,1,2006,2006
20060217,2006-02-17,6,Friday,17,2,February,1,2006,2006
20060218,2006-02-18,7,Saturday,18,2,February,1,2006,2006
20060219,2006-02-19,1,Sunday,19,2,February,1,2006,2006
20060220,2006-02-20,2,Monday,20,2,February,1,2006,2006
20060221,2006-02-21,3,Tuesday,21,2,February,1,2006,2006
20060222,2006-02-22,4,Wednesday,22,2,February,1,2006,2006
20060223,2006-02-23,5,Thursday,23,2,February,1,2006,2006
20060224,2006-02-24,6,Friday,24,2,February,1,2006,2006
20060225,2006-02-25,7,Saturday,25,2,February,1,2006,2006
20060226,2006-02-26,1,Sunday,26,2,February,1,2006,2006
20060227,2006-02-27,2,Monday,27,2,February,1,2006,2006
20060228,2006-02-28,3,Tuesday,28,2,February,1,2006,2006
20060301,2006-03-01,4,Wednesday,1,3,March,1,2006,2006
20060302,2006-03-02,5,Thursday,2,3,March,1,2006,2006
20060303,2006-03-03,6,Friday,3,3,March,1,2006,2006
20060304,2006-03-04,7,Saturday,4,3,March,1,2006,2006
20060305,2006-03-05,1,Sunday,5,3,March,1,2006,2006
20060306,2006-03-06,2,Monday,6,3,March,1,2006,2006
20060307,2006-03-07,3,Tuesday,7,3,March,1,2006,2006
20060308,2006-03-08,4,Wednesday,8,3,March,1,2006,2006
20060309,2006-03-09,5,Thursday,9,3,March,1,2006,2006
20060310,2006-03-10,6,Friday,10,3,March,1,2006,2006
20060311,2006-03-11,7,Saturday,11,3,March,1,2006,2006
20060312,2006-03-12,1,Sunday,12,3,March,1,2006,2006
20060313,2006-03-13,2,Monday,13,3,March,1,2006,2006
20060314,2006-03-14,3,Tuesday,14,3,March,1,2006,2006
20060315,2006-03-15,4,Wednesday,15,3,March,1,2006,2006
20060316,2006-03-16,5,Thursday,16,3,March,1,2006,2006
20060317,2006-03-17,6,Friday,17,3,March,1,2006,2006
20060318,2006-03-18,7,Saturday,18,3,March,1,2006,2006
20060319,2006-03-19,1,Sunday,19,3,March,1,2006,2006
20060320,2006-03-20,2,Monday,20,3,March,1,2006,2006
20060321,2006-03-21,3,Tuesday,21,3,March,1,2006,2006
20060322,2006-03-22,4,Wednesday,22,3,March,1,2006,2006
20060323,2006-03-23,5,Thursday,23,3,March,1,2006,2006
20060324,2006-03-24,6,Friday,24,3,March,1,2006,2006
20060325,2006-03-25,7,Saturday,25,3,March,1,2006,2006
20060326,2006-03-26,1,Sunday,26,3,March,1,2006,2006
20060327,2006-03-27,2,Monday,27,3,March,1,2006,2006
20060328,2006-03-28,3,Tuesday,28,3,March,1,2006,2006
20060329,2006-03-29,4,Wednesday,29,3,March,1,2006,2006
20060330,2006-03-30,5,Thursday,30,3,March,1,2006,2006
20060331,2006-03-31,6,Friday,31,3,March,1,2006,2006
20060401,2006-04-01,7,Saturday,1,4,April,2,2006,2006
20060402,2006-04-02,1,Sunday,2,4,April,2,2006,2006
20060403,2006-04-03,2,Monday,3,4,April,2,2006,2006
20060404,2006-04-04,3,Tuesday,4,4,April,2,2006,2006
20060405,2006-04-05,4,Wednesday,5,4,April,2,2006,2006
20060406,2006-04-06,5,Thursday,6,4,April,2,2006,2006
20060407,2006-04-07,6,Friday,7,4,April,2,2006,2006
20060408,2006-04-08,7,Saturday,8,4,April,2,2006,2006
20060409,2006-04-09,1,Sunday,9,4,April,2,2006,2006
20060410,2006-04-10,2,Monday,10,4,April,2,2006,2006
20060411,2006-04-11,3,Tuesday,11,4,April,2,2006,2006
20060412,2006-04-12,4,Wednesday,12,4,April,2,2006,2006
20060413,2006-04-13,5,Thursday,13,4,April,2,2006,2006
20060414,2006-04-14,6,Friday,14,4,April,2,2006,2006
20060415,2006-04-15,7,Saturday,15,4,April,2,2006,2006
20060416,2006-04-16,1,Sunday,16,4,April,2,2006,2006
20060417,2006-04-17,2,Monday,17,4,April,2,2006,2006
20060418,2006-04-18,3,Tuesday,18,4,April,2,2006,2006
20060419,2006-04-19,4,Wednesday,19,4,April,2,2006,2006
20060420,2006-04-20,5,Thursday,20,4,April,2,2006,2006
20060421,2006-04-21,6,Friday,21,4,April,2,2006,2006
20060422,2006-04-22,7,Saturday,22,4,April,2,2006,2006
20060423,2006-04-23,1,Sunday,23,4,April,2,2006,2006
20060424,2006-04-24,2,Monday,24,4,April,2,2006,2006
20060425,2006-04-25,3,Tuesday,25,4,April,2,2006,2006
20060426,2006-04-26,4,Wednesday,26,4,April,2,2006,2006
20060427,2006-04-27,5,Thursday,27,4,April,2,2006,2006
20060428,2006-04-28,6,Friday,28,4,April,2,2006,2006
20060429,2006-04-29,7,Saturday,29,4,April,2,2006,2006
20060430,2006-04-30,1,Sunday,30,4,April,2,2006,2006
20060501,2006-05-01,2,Monday,1,5,May,2,2006,2006
20060502,2006-05-02,3,Tuesday,2,5,May,2,2006,2006
20060503,2006-05-03,4,Wednesday,3,5,May,2,2006,2006
20060504,2006-05-04,5,Thursday,4,5,May,2,2006,2006
20060505,2006-05-05,6,Friday,5,5,May,2,2006,2006
20060506,2006-05-06,7,Saturday,6,5,May,2,2006,2006
20060507,2006-05-07,1,Sunday,7,5,May,2,2006,2006
20060508,2006-05-08,2,Monday,8,5,May,2,2006,2006
20060509,2006-05-09,3,Tuesday,9,5,May,2,2006,2006
20060510,2006-05-10,4,Wednesday,10,5,May,2,2006,2006
20060511,2006-05-11,5,Thursday,11,5,May,2,2006,2006
20060512,2006-05-12,6,Friday,12,5,May,2,2006,2006
20060513,2006-05-13,7,Saturday,13,5,May,2,2006,2006
20060514,2006-05-14,1,Sunday,14,5,May,2,2006,2006
20060515,2006-05-15,2,Monday,15,5,May,2,2006,2006
20060516,2006-05-16,3,Tuesday,16,5,May,2,2006,2006
20060517,2006-05-17,4,Wednesday,17,5,May,2,2006,2006
20060518,2006-05-18,5,Thursday,18,5,May,2,2006,2006
20060519,2006-05-19,6,Friday,19,5,May,2,2006,2006
20060520,2006-05-20,7,Saturday,20,5,May,2,2006,2006
20060521,2006-05-21,1,Sunday,21,5,May,2,2006,2006
20060522,2006-05-22,2,Monday,22,5,May,2,2006,2006
20060523,2006-05-23,3,Tuesday,23,5,May,2,2006,2006
20060524,2006-05-24,4,Wednesday,24,5,May,2,2006,2006
20060525,2006-05-25,5,Thursday,25,5,May,2,2006,2006
20060526,2006-05-26,6,Friday,26,5,May,2,2006,2006
20060527,2006-05-27,7,Saturday,27,5,May,2,2006,2006
20060528,2006-05-28,1,Sunday,28,5,May,2,2006,2006
20060529,2006-05-29,2,Monday,29,5,May,2,2006,2006
20060530,2006-05-30,3,Tuesday,30,5,May,2,2006,2006
20060531,2006-05-31,4,Wednesday,31,5,May,2,2006,2006
20060601,2006-06-01,5,Thursday,1,6,June,2,2006,2006
20060602,2006-06-02,6,Friday,2,6,June,2,2006,2006
20060603,2006-06-03,7,Saturday,3,6,June,2,2006,2006
20060604,2006-06-04,1,Sunday,4,6,June,2,2006,2006
20060605,2006-06-05,2,Monday,5,6,June,2,2006,2006
20060606,2006-06-06,3,Tuesday,6,6,June,2,2006,2006
20060607,2006-06-07,4,Wednesday,7,6,June,2,2006,2006
20060608,2006-06-08,5,Thursday,8,6,June,2,2006,2006
20060609,2006-06-09,6,Friday,9,6,June,2,2006,2006
20060610,2006-06-10,7,Saturday,10,6,June,2,2006,2006
20060611,2006-06-11,1,Sunday,11,6,June,2,2006,2006
20060612,2006-06-12,2,Monday,12,6,June,2,2006,2006
20060613,2006-06-13,3,Tuesday,13,6,June,2,2006,2006
20060614,2006-06-14,4,Wednesday,14,6,June,2,2006,2006
20060615,2006-06-15,5,Thursday,15,6,June,2,2006,2006
20060616,2006-06-16,6,Friday,16,6,June,2,2006,2006
20060617,2006-06-17,7,Saturday,17,6,June,2,2006,2006
20060618,2006-06-18,1,Sunday,18,6,June,2,2006,2006
20060619,2006-06-19,2,Monday,19,6,June,2,2006,2006
20060620,2006-06-20,3,Tuesday,20,6,June,2,2006,2006
20060621,2006-06-21,4,Wednesday,21,6,June,2,2006,2006
20060622,2006-06-22,5,Thursday,22,6,June,2,2006,2006
20060623,2006-06-23,6,Friday,23,6,June,2,2006,2006
20060624,2006-06-24,7,Saturday,24,6,June,2,2006,2006
20060625,2006-06-25,1,Sunday,25,6,June,2,2006,2006
20060626,2006-06-26,2,Monday,26,6,June,2,2006,2006
20060627,2006-06-27,3,Tuesday,27,6,June,2,2006,2006
20060628,2006-06-28,4,Wednesday,28,6,June,2,2006,2006
20060629,2006-06-29,5,Thursday,29,6,June,2,2006,2006
20060630,2006-06-30,6,Friday,30,6,June,2,2006,2006
20060701,2006-07-01,7,Saturday,1,7,July,3,2006,2007
20060702,2006-07-02,1,Sunday,2,7,July,3,2006,2007
20060703,2006-07-03,2,Monday,3,7,July,3,2006,2007
20060704,2006-07-04,3,Tuesday,4,7,July,3,2006,2007
20060705,2006-07-05,4,Wednesday,5,7,July,3,2006,2007
20060706,2006-07-06,5,Thursday,6,7,July,3,2006,2007
20060707,2006-07-07,6,Friday,7,7,July,3,2006,2007
20060708,2006-07-08,7,Saturday,8,7,July,3,2006,2007
20060709,2006-07-09,1,Sunday,9,7,July,3,2006,2007
20060710,2006-07-10,2,Monday,10,7,July,3,2006,2007
20060711,2006-07-11,3,Tuesday,11,7,July,3,2006,2007
20060712,2006-07-12,4,Wednesday,12,7,July,3,2006,2007
20060713,2006-07-13,5,Thursday,13,7,July,3,2006,2007
20060714,2006-07-14,6,Friday,14,7,July,3,2006,2007
20060715,2006-07-15,7,Saturday,15,7,July,3,2006,2007
20060716,2006-07-16,1,Sunday,16,7,July,3,2006,2007
20060717,2006-07-17,2,Monday,17,7,July,3,2006,2007
20060718,2006-07-18,3,Tuesday,18,7,July,3,2006,2007
20060719,2006-07-19,4,Wednesday,19,7,July,3,2006,2007
20060720,2006-07-20,5,Thursday,20,7,July,3,2006,2007
20060721,2006-07-21,6,Friday,21,7,July,3,2006,2007
20060722,2006-07-22,7,Saturday,22,7,July,3,2006,2007
20060723,2006-07-23,1,Sunday,23,7,July,3,2006,2007
20060724,2006-07-24,2,Monday,24,7,July,3,2006,2007
20060725,2006-07-25,3,Tuesday,25,7,July,3,2006,2007
20060726,2006-07-26,4,Wednesday,26,7,July,3,2006,2007
20060727,2006-07-27,5,Thursday,27,7,July,3,2006,2007
20060728,2006-07-28,6,Friday,28,7,July,3,2006,2007
20060729,2006-07-29,7,Saturday,29,7,July,3,2006,2007
20060730,2006-07-30,1,Sunday,30,7,July,3,2006,2007
20060731,2006-07-31,2,Monday,31,7,July,3,2006,2007
20060801,2006-08-01,3,Tuesday,1,8,August,3,2006,2007
20060802,2006-08-02,4,Wednesday,2,8,August,3,2006,2007
20060803,2006-08-03,5,Thursday,3,8,August,3,2006,2007
20060804,2006-08-04,6,Friday,4,8,August,3,2006,2007
20060805,2006-08-05,7,Saturday,5,8,August,3,2006,2007
20060806,2006-08-06,1,Sunday,6,8,August,3,2006,2007
20060807,2006-08-07,2,Monday,7,8,August,3,2006,2007
20060808,2006-08-08,3,Tuesday,8,8,August,3,2006,2007
20060809,2006-08-09,4,Wednesday,9,8,August,3,2006,2007
20060810,2006-08-10,5,Thursday,10,8,August,3,2006,2007
20060811,2006-08-11,6,Friday,11,8,August,3,2006,2007
20060812,2006-08-12,7,Saturday,12,8,August,3,2006,2007
20060813,2006-08-13,1,Sunday,13,8,August,3,2006,2007
20060814,2006-08-14,2,Monday,14,8,August,3,2006,2007
20060815,2006-08-15,3,Tuesday,15,8,August,3,2006,2007
20060816,2006-08-16,4,Wednesday,16,8,August,3,2006,2007
20060817,2006-08-17,5,Thursday,17,8,August,3,2006,2007
20060818,2006-08-18,6,Friday,18,8,August,3,2006,2007
20060819,2006-08-19,7,Saturday,19,8,August,3,2006,2007
20060820,2006-08-20,1,Sunday,20,8,August,3,2006,2007
20060821,2006-08-21,2,Monday,21,8,August,3,2006,2007
20060822,2006-08-22,3,Tuesday,22,8,August,3,2006,2007
20060823,2006-08-23,4,Wednesday,23,8,August,3,2006,2007
20060824,2006-08-24,5,Thursday,24,8,August,3,2006,2007
20060825,2006-08-25,6,Friday,25,8,August,3,2006,2007
20060826,2006-08-26,7,Saturday,26,8,August,3,2006,2007
20060827,2006-08-27,1,Sunday,27,8,August,3,2006,2007
20060828,2006-08-28,2,Monday,28,8,August,3,2006,2007
20060829,2006-08-29,3,Tuesday,29,8,August,3,2006,2007
20060830,2006-08-30,4,Wednesday,30,8,August,3,2006,2007
20060831,2006-08-31,5,Thursday,31,8,August,3,2006,2007
20060901,2006-09-01,6,Friday,1,9,September,3,2006,2007
20060902,2006-09-02,7,Saturday,2,9,September,3,2006,2007
20060903,2006-09-03,1,Sunday,3,9,September,3,2006,2007
20060904,2006-09-04,2,Monday,4,9,September,3,2006,2007
20060905,2006-09-05,3,Tuesday,5,9,September,3,2006,2007
20060906,2006-09-06,4,Wednesday,6,9,September,3,2006,2007
20060907,2006-09-07,5,Thursday,7,9,September,3,2006,2007
20060908,2006-09-08,6,Friday,8,9,September,3,2006,2007
20060909,2006-09-09,7,Saturday,9,9,September,3,2006,2007
20060910,2006-09-10,1,Sunday,10,9,September,3,2006,2007
20060911,2006-09-11,2,Monday,11,9,September,3,2006,2007
20060912,2006-09-12,3,Tuesday,12,9,September,3,2006,2007
20060913,2006-09-13,4,Wednesday,13,9,September,3,2006,2007
20060914,2006-09-14,5,Thursday,14,9,September,3,2006,2007
20060915,2006-09-15,6,Friday,15,9,September,3,2006,2007
20060916,2006-09-16,7,Saturday,16,9,September,3,2006,2007
20060917,2006-09-17,1,Sunday,17,9,September,3,2006,2007
20060918,2006-09-18,2,Monday,18,9,September,3,2006,2007
20060919,2006-09-19,3,Tuesday,19,9,September,3,2006,2007
20060920,2006-09-20,4,Wednesday,20,9,September,3,2006,2007
20060921,2006-09-21,5,Thursday,21,9,September,3,2006,2007
20060922,2006-09-22,6,Friday,22,9,September,3,2006,2007
20060923,2006-09-23,7,Saturday,23,9,September,3,2006,2007
20060924,2006-09-24,1,Sunday,24,9,September,3,2006,2007
20060925,2006-09-25,2,Monday,25,9,September,3,2006,2007
20060926,2006-09-26,3,Tuesday,26,9,September,3,2006,2007
20060927,2006-09-27,4,Wednesday,27,9,September,3,2006,2007
20060928,2006-09-28,5,Thursday,28,9,September,3,2006,2007
20060929,2006-09-29,6,Friday,29,9,September,3,2006,2007
20060930,2006-09-30,7,Saturday,30,9,September,3,2006,2007
20061001,2006-10-01,1,Sunday,1,10,October,4,2006,2007
20061002,2006-10-02,2,Monday,2,10,October,4,2006,2007
20061003,2006-10-03,3,Tuesday,3,10,October,4,2006,2007
20061004,2006-10-04,4,Wednesday,4,10,October,4,2006,2007
20061005,2006-10-05,5,Thursday,5,10,October,4,2006,2007
20061006,2006-10-06,6,Friday,6,10,October,4,2006,2007
20061007,2006-10-07,7,Saturday,7,10,October,4,2006,2007
20061008,2006-10-08,1,Sunday,8,10,October,4,2006,2007
20061009,2006-10-09,2,Monday,9,10,October,4,2006,2007
20061010,2006-10-10,3,Tuesday,10,10,October,4,2006,2007
20061011,2006-10-11,4,Wednesday,11,10,October,4,2006,2007
20061012,2006-10-12,5,Thursday,12,10,October,4,2006,2007
20061013,2006-10-13,6,Friday,13,10,October,4,2006,2007
20061014,2006-10-14,7,Saturday,14,10,October,4,2006,2007
20061015,2006-10-15,1,Sunday,15,10,October,4,2006,2007
20061016,2006-10-16,2,Monday,16,10,October,4,2006,2007
20061017,2006-10-17,3,Tuesday,17,10,October,4,2006,2007
20061018,2006-10-18,4,Wednesday,18,10,October,4,2006,2007
20061019,2006-10-19,5,Thursday,19,10,October,4,2006,2007
20061020,2006-10-20,6,Friday,20,10,October,4,2006,2007
20061021,2006-10-21,7,Saturday,21,10,October,4,2006,2007
20061022,2006-10-22,1,Sunday,22,10,October,4,2006,2007
20061023,2006-10-23,2,Monday,23,10,October,4,2006,2007
20061024,2006-10-24,3,Tuesday,24,10,October,4,2006,2007
20061025,2006-10-25,4,Wednesday,25,10,October,4,2006,2007
20061026,2006-10-26,5,Thursday,26,10,October,4,2006,2007
20061027,2006-10-27,6,Friday,27,10,October,4,2006,2007
20061028,2006-10-28,7,Saturday,28,10,October,4,2006,2007
20061029,2006-10-29,1,Sunday,29,10,October,4,2006,2007
20061030,2006-10-30,2,Monday,30,10,October,4,2006,2007
20061031,2006-10-31,3,Tuesday,31,10,October,4,2006,2007
20061101,2006-11-01,4,Wednesday,1,11,November,4,2006,2007
20061102,2006-11-02,5,Thursday,2,11,November,4,2006,2007
20061103,2006-11-03,6,Friday,3,11,November,4,2006,2007
20061104,2006-11-04,7,Saturday,4,11,November,4,2006,2007
20061105,2006-11-05,1,Sunday,5,11,November,4,2006,2007
20061106,2006-11-06,2,Monday,6,11,November,4,2006,2007
20061107,2006-11-07,3,Tuesday,7,11,November,4,2006,2007
20061108,2006-11-08,4,Wednesday,8,11,November,4,2006,2007
20061109,2006-11-09,5,Thursday,9,11,November,4,2006,2007
20061110,2006-11-10,6,Friday,10,11,November,4,2006,2007
20061111,2006-11-11,7,Saturday,11,11,November,4,2006,2007
20061112,2006-11-12,1,Sunday,12,11,November,4,2006,2007
20061113,2006-11-13,2,Monday,13,11,November,4,2006,2007
20061114,2006-11-14,3,Tuesday,14,11,November,4,2006,2007
20061115,2006-11-15,4,Wednesday,15,11,November,4,2006,2007
20061116,2006-11-16,5,Thursday,16,11,November,4,2006,2007
20061117,2006-11-17,6,Friday,17,11,November,4,2006,2007
20061118,2006-11-18,7,Saturday,18,11,November,4,2006,2007
20061119,2006-11-19,1,Sunday,19,11,November,4,2006,2007
20061120,2006-11-20,2,Monday,20,11,November,4,2006,2007
20061121,2006-11-21,3,Tuesday,21,11,November,4,2006,2007
20061122,2006-11-22,4,Wednesday,22,11,November,4,2006,2007
20061123,2006-11-23,5,Thursday,23,11,November,4,2006,2007
20061124,2006-11-24,6,Friday,24,11,November,4,2006,2007
20061125,2006-11-25,7,Saturday,25,11,November,4,2006,2007
20061126,2006-11-26,1,Sunday,26,11,November,4,2006,2007
20061127,2006-11-27,2,Monday,27,11,November,4,2006,2007
20061128,2006-11-28,3,Tuesday,28,11,November,4,2006,2007
20061129,2006-11-29,4,Wednesday,29,11,November,4,2006,2007
20061130,2006-11-30,5,Thursday,30,11,November,4,2006,2007
20061201,2006-12-01,6,Friday,1,12,December,4,2006,2007
20061202,2006-12-02,7,Saturday,2,12,December,4,2006,2007
20061203,2006-12-03,1,Sunday,3,12,December,4,2006,2007
20061204,2006-12-04,2,Monday,4,12,December,4,2006,2007
20061205,2006-12-05,3,Tuesday,5,12,December,4,2006,2007
20061206,2006-12-06,4,Wednesday,6,12,December,4,2006,2007
20061207,2006-12-07,5,Thursday,7,12,December,4,2006,2007
20061208,2006-12-08,6,Friday,8,12,December,4,2006,2007
20061209,2006-12-09,7,Saturday,9,12,December,4,2006,2007
20061210,2006-12-10,1,Sunday,10,12,December,4,2006,2007
20061211,2006-12-11,2,Monday,11,12,December,4,2006,2007
20061212,2006-12-12,3,Tuesday,12,12,December,4,2006,2007
20061213,2006-12-13,4,Wednesday,13,12,December,4,2006,2007
20061214,2006-12-14,5,Thursday,14,12,December,4,2006,2007
20061215,2006-12-15,6,Friday,15,12,December,4,2006,2007
20061216,2006-12-16,7,Saturday,16,12,December,4,2006,2007
20061217,2006-12-17,1,Sunday,17,12,December,4,2006,2007
20061218,2006-12-18,2,Monday,18,12,December,4,2006,2007
20061219,2006-12-19,3,Tuesday,19,12,December,4,2006,2007
20061220,2006-12-20,4,Wednesday,20,12,December,4,2006,2007
20061221,2006-12-21,5,Thursday,21,12,December,4,2006,2007
20061222,2006-12-22,6,Friday,22,12,December,4,2006,2007
20061223,2006-12-23,7,Saturday,23,12,December,4,2006,2007
20061224,2006-12-24,1,Sunday,24,12,December,4,2006,2007
20061225,2006-12-25,2,Monday,25,12,December,4,2006,2007
20061226,2006-12-26,3,Tuesday,26,12,December,4,2006,2007
20061227,2006-12-27,4,Wednesday,27,12,December,4,2006,2007
20061228,2006-12-28,5,Thursday,28,12,December,4,2006,2007
20061229,2006-12-29,6,Friday,29,12,December,4,2006,2007
20061230,2006-12-30,7,Saturday,30,12,December,4,2006,2007
20061231,2006-12-31,1,Sunday,31,12,December,4,2006,2007
20070101,2007-01-01,2,Monday,1,1,January,1,2007,2007
20070102,2007-01-02,3,Tuesday,2,1,January,1,2007,2007
20070103,2007-01-03,4,Wednesday,3,1,January,1,2007,2007
20070104,2007-01-04,5,Thursday,4,1,January,1,2007,2007
20070105,2007-01-05,6,Friday,5,1,January,1,2007,2007
20070106,2007-01-06,7,Saturday,6,1,January,1,2007,2007
20070107,2007-01-07,1,Sunday,7,1,January,1,2007,2007
20070108,2007-01-08,2,Monday,8,1,January,1,2007,2007
20070109,2007-01-09,3,Tuesday,9,1,January,1,2007,2007
20070110,2007-01-10,4,Wednesday,10,1,January,1,2007,2007
20070111,2007-01-11,5,Thursday,11,1,January,1,2007,2007
20070112,2007-01-12,6,Friday,12,1,January,1,2007,2007
20070113,2007-01-13,7,Saturday,13,1,January,1,2007,2007
20070114,2007-01-14,1,Sunday,14,1,January,1,2007,2007
20070115,2007-01-15,2,Monday,15,1,January,1,2007,2007
20070116,2007-01-16,3,Tuesday,16,1,January,1,2007,2007
20070117,2007-01-17,4,Wednesday,17,1,January,1,2007,2007
20070118,2007-01-18,5,Thursday,18,1,January,1,2007,2007
20070119,2007-01-19,6,Friday,19,1,January,1,2007,2007
20070120,2007-01-20,7,Saturday,20,1,January,1,2007,2007
20070121,2007-01-21,1,Sunday,21,1,January,1,2007,2007
20070122,2007-01-22,2,Monday,22,1,January,1,2007,2007
20070123,2007-01-23,3,Tuesday,23,1,January,1,2007,2007
20070124,2007-01-24,4,Wednesday,24,1,January,1,2007,2007
20070125,2007-01-25,5,Thursday,25,1,January,1,2007,2007
20070126,2007-01-26,6,Friday,26,1,January,1,2007,2007
20070127,2007-01-27,7,Saturday,27,1,January,1,2007,2007
20070128,2007-01-28,1,Sunday,28,1,January,1,2007,2007
20070129,2007-01-29,2,Monday,29,1,January,1,2007,2007
20070130,2007-01-30,3,Tuesday,30,1,January,1,2007,2007
20070131,2007-01-31,4,Wednesday,31,1,January,1,2007,2007
20070201,2007-02-01,5,Thursday,1,2,February,1,2007,2007
20070202,2007-02-02,6,Friday,2,2,February,1,2007,2007
20070203,2007-02-03,7,Saturday,3,2,February,1,2007,2007
20070204,2007-02-04,1,Sunday,4,2,February,1,2007,2007
20070205,2007-02-05,2,Monday,5,2,February,1,2007,2007
20070206,2007-02-06,3,Tuesday,6,2,February,1,2007,2007
20070207,2007-02-07,4,Wednesday,7,2,February,1,2007,2007
20070208,2007-02-08,5,Thursday,8,2,February,1,2007,2007
20070209,2007-02-09,6,Friday,9,2,February,1,2007,2007
20070210,2007-02-10,7,Saturday,10,2,February,1,2007,2007
20070211,2007-02-11,1,Sunday,11,2,February,1,2007,2007
20070212,2007-02-12,2,Monday,12,2,February,1,2007,2007
20070213,2007-02-13,3,Tuesday,13,2,February,1,2007,2007
20070214,2007-02-14,4,Wednesday,14,2,February,1,2007,2007
20070215,2007-02-15,5,Thursday,15,2,February,1,2007,2007
20070216,2007-02-16,6,Friday,16,2,February,1,2007,2007
20070217,2007-02-17,7,Saturday,17,2,February,1,2007,2007
20070218,2007-02-18,1,Sunday,18,2,February,1,2007,2007
20070219,2007-02-19,2,Monday,19,2,February,1,2007,2007
20070220,2007-02-20,3,Tuesday,20,2,February,1,2007,2007
20070221,2007-02-21,4,Wednesday,21,2,February,1,2007,2007
20070222,2007-02-22,5,Thursday,22,2,February,1,2007,2007
20070223,2007-02-23,6,Friday,23,2,February,1,2007,2007
20070224,2007-02-24,7,Saturday,24,2,February,1,2007,2007
20070225,2007-02-25,1,Sunday,25,2,February,1,2007,2007
20070226,2007-02-26,2,Monday,26,2,February,1,2007,2007
20070227,2007-02-27,3,Tuesday,27,2,February,1,2007,2007
20070228,2007-02-28,4,Wednesday,28,2,February,1,2007,2007
20070301,2007-03-01,5,Thursday,1,3,March,1,2007,2007
20070302,2007-03-02,6,Friday,2,3,March,1,2007,2007
20070303,2007-03-03,7,Saturday,3,3,March,1,2007,2007
20070304,2007-03-04,1,Sunday,4,3,March,1,2007,2007
20070305,2007-03-05,2,Monday,5,3,March,1,2007,2007
20070306,2007-03-06,3,Tuesday,6,3,March,1,2007,2007
20070307,2007-03-07,4,Wednesday,7,3,March,1,2007,2007
20070308,2007-03-08,5,Thursday,8,3,March,1,2007,2007
20070309,2007-03-09,6,Friday,9,3,March,1,2007,2007
20070310,2007-03-10,7,Saturday,10,3,March,1,2007,2007
20070311,2007-03-11,1,Sunday,11,3,March,1,2007,2007
20070312,2007-03-12,2,Monday,12,3,March,1,2007,2007
20070313,2007-03-13,3,Tuesday,13,3,March,1,2007,2007
20070314,2007-03-14,4,Wednesday,14,3,March,1,2007,2007
20070315,2007-03-15,5,Thursday,15,3,March,1,2007,2007
20070316,2007-03-16,6,Friday,16,3,March,1,2007,2007
20070317,2007-03-17,7,Saturday,17,3,March,1,2007,2007
20070318,2007-03-18,1,Sunday,18,3,March,1,2007,2007
20070319,2007-03-19,2,Monday,19,3,March,1,2007,2007
20070320,2007-03-20,3,Tuesday,20,3,March,1,2007,2007
20070321,2007-03-21,4,Wednesday,21,3,March,1,2007,2007
20070322,2007-03-22,5,Thursday,22,3,March,1,2007,2007
20070323,2007-03-23,6,Friday,23,3,March,1,2007,2007
20070324,2007-03-24,7,Saturday,24,3,March,1,2007,2007
20070325,2007-03-25,1,Sunday,25,3,March,1,2007,2007
20070326,2007-03-26,2,Monday,26,3,March,1,2007,2007
20070327,2007-03-27,3,Tuesday,27,3,March,1,2007,2007
20070328,2007-03-28,4,Wednesday,28,3,March,1,2007,2007
20070329,2007-03-29,5,Thursday,29,3,March,1,2007,2007
20070330,2007-03-30,6,Friday,30,3,March,1,2007,2007
20070331,2007-03-31,7,Saturday,31,3,March,1,2007,2007
20070401,2007-04-01,1,Sunday,1,4,April,2,2007,2007
20070402,2007-04-02,2,Monday,2,4,April,2,2007,2007
20070403,2007-04-03,3,Tuesday,3,4,April,2,2007,2007
20070404,2007-04-04,4,Wednesday,4,4,April,2,2007,2007
20070405,2007-04-05,5,Thursday,5,4,April,2,2007,2007
20070406,2007-04-06,6,Friday,6,4,April,2,2007,2007
20070407,2007-04-07,7,Saturday,7,4,April,2,2007,2007
20070408,2007-04-08,1,Sunday,8,4,April,2,2007,2007
20070409,2007-04-09,2,Monday,9,4,April,2,2007,2007
20070410,2007-04-10,3,Tuesday,10,4,April,2,2007,2007
20070411,2007-04-11,4,Wednesday,11,4,April,2,2007,2007
20070412,2007-04-12,5,Thursday,12,4,April,2,2007,2007
20070413,2007-04-13,6,Friday,13,4,April,2,2007,2007
20070414,2007-04-14,7,Saturday,14,4,April,2,2007,2007
20070415,2007-04-15,1,Sunday,15,4,April,2,2007,2007
20070416,2007-04-16,2,Monday,16,4,April,2,2007,2007
20070417,2007-04-17,3,Tuesday,17,4,April,2,2007,2007
20070418,2007-04-18,4,Wednesday,18,4,April,2,2007,2007
20070419,2007-04-19,5,Thursday,19,4,April,2,2007,2007
20070420,2007-04-20,6,Friday,20,4,April,2,2007,2007
20070421,2007-04-21,7,Saturday,21,4,April,2,2007,2007
20070422,2007-04-22,1,Sunday,22,4,April,2,2007,2007
20070423,2007-04-23,2,Monday,23,4,April,2,2007,2007
20070424,2007-04-24,3,Tuesday,24,4,April,2,2007,2007
20070425,2007-04-25,4,Wednesday,25,4,April,2,2007,2007
20070426,2007-04-26,5,Thursday,26,4,April,2,2007,2007
20070427,2007-04-27,6,Friday,27,4,April,2,2007,2007
20070428,2007-04-28,7,Saturday,28,4,April,2,2007,2007
20070429,2007-04-29,1,Sunday,29,4,April,2,2007,2007
20070430,2007-04-30,2,Monday,30,4,April,2,2007,2007
20070501,2007-05-01,3,Tuesday,1,5,May,2,2007,2007
20070502,2007-05-02,4,Wednesday,2,5,May,2,2007,2007
20070503,2007-05-03,5,Thursday,3,5,May,2,2007,2007
20070504,2007-05-04,6,Friday,4,5,May,2,2007,2007
20070505,2007-05-05,7,Saturday,5,5,May,2,2007,2007
20070506,2007-05-06,1,Sunday,6,5,May,2,2007,2007
20070507,2007-05-07,2,Monday,7,5,May,2,2007,2007
20070508,2007-05-08,3,Tuesday,8,5,May,2,2007,2007
20070509,2007-05-09,4,Wednesday,9,5,May,2,2007,2007
20070510,2007-05-10,5,Thursday,10,5,May,2,2007,2007
20070511,2007-05-11,6,Friday,11,5,May,2,2007,2007
20070512,2007-05-12,7,Saturday,12,5,May,2,2007,2007
20070513,2007-05-13,1,Sunday,13,5,May,2,2007,2007
20070514,2007-05-14,2,Monday,14,5,May,2,2007,2007
20070515,2007-05-15,3,Tuesday,15,5,May,2,2007,2007
20070516,2007-05-16,4,Wednesday,16,5,May,2,2007,2007
20070517,2007-05-17,5,Thursday,17,5,May,2,2007,2007
20070518,2007-05-18,6,Friday,18,5,May,2,2007,2007
20070519,2007-05-19,7,Saturday,19,5,May,2,2007,2007
20070520,2007-05-20,1,Sunday,20,5,May,2,2007,2007
20070521,2007-05-21,2,Monday,21,5,May,2,2007,2007
20070522,2007-05-22,3,Tuesday,22,5,May,2,2007,2007
20070523,2007-05-23,4,Wednesday,23,5,May,2,2007,2007
20070524,2007-05-24,5,Thursday,24,5,May,2,2007,2007
20070525,2007-05-25,6,Friday,25,5,May,2,2007,2007
20070526,2007-05-26,7,Saturday,26,5,May,2,2007,2007
20070527,2007-05-27,1,Sunday,27,5,May,2,2007,2007
20070528,2007-05-28,2,Monday,28,5,May,2,2007,2007
20070529,2007-05-29,3,Tuesday,29,5,May,2,2007,2007
20070530,2007-05-30,4,Wednesday,30,5,May,2,2007,2007
20070531,2007-05-31,5,Thursday,31,5,May,2,2007,2007
20070601,2007-06-01,6,Friday,1,6,June,2,2007,2007
20070602,2007-06-02,7,Saturday,2,6,June,2,2007,2007
20070603,2007-06-03,1,Sunday,3,6,June,2,2007,2007
20070604,2007-06-04,2,Monday,4,6,June,2,2007,2007
20070605,2007-06-05,3,Tuesday,5,6,June,2,2007,2007
20070606,2007-06-06,4,Wednesday,6,6,June,2,2007,2007
20070607,2007-06-07,5,Thursday,7,6,June,2,2007,2007
20070608,2007-06-08,6,Friday,8,6,June,2,2007,2007
20070609,2007-06-09,7,Saturday,9,6,June,2,2007,2007
20070610,2007-06-10,1,Sunday,10,6,June,2,2007,2007
20070611,2007-06-11,2,Monday,11,6,June,2,2007,2007
20070612,2007-06-12,3,Tuesday,12,6,June,2,2007,2007
20070613,2007-06-13,4,Wednesday,13,6,June,2,2007,2007
20070614,2007-06-14,5,Thursday,14,6,June,2,2007,2007
20070615,2007-06-15,6,Friday,15,6,June,2,2007,2007
20070616,2007-06-16,7,Saturday,16,6,June,2,2007,2007
20070617,2007-06-17,1,Sunday,17,6,June,2,2007,2007
20070618,2007-06-18,2,Monday,18,6,June,2,2007,2007
20070619,2007-06-19,3,Tuesday,19,6,June,2,2007,2007
20070620,2007-06-20,4,Wednesday,20,6,June,2,2007,2007
20070621,2007-06-21,5,Thursday,21,6,June,2,2007,2007
20070622,2007-06-22,6,Friday,22,6,June,2,2007,2007
20070623,2007-06-23,7,Saturday,23,6,June,2,2007,2007
20070624,2007-06-24,1,Sunday,24,6,June,2,2007,2007
20070625,2007-06-25,2,Monday,25,6,June,2,2007,2007
20070626,2007-06-26,3,Tuesday,26,6,June,2,2007,2007
20070627,2007-06-27,4,Wednesday,27,6,June,2,2007,2007
20070628,2007-06-28,5,Thursday,28,6,June,2,2007,2007
20070629,2007-06-29,6,Friday,29,6,June,2,2007,2007
20070630,2007-06-30,7,Saturday,30,6,June,2,2007,2007
20070701,2007-07-01,1,Sunday,1,7,July,3,2007,2008
20070702,2007-07-02,2,Monday,2,7,July,3,2007,2008
20070703,2007-07-03,3,Tuesday,3,7,July,3,2007,2008
20070704,2007-07-04,4,Wednesday,4,7,July,3,2007,2008
20070705,2007-07-05,5,Thursday,5,7,July,3,2007,2008
20070706,2007-07-06,6,Friday,6,7,July,3,2007,2008
20070707,2007-07-07,7,Saturday,7,7,July,3,2007,2008
20070708,2007-07-08,1,Sunday,8,7,July,3,2007,2008
20070709,2007-07-09,2,Monday,9,7,July,3,2007,2008
20070710,2007-07-10,3,Tuesday,10,7,July,3,2007,2008
20070711,2007-07-11,4,Wednesday,11,7,July,3,2007,2008
20070712,2007-07-12,5,Thursday,12,7,July,3,2007,2008
20070713,2007-07-13,6,Friday,13,7,July,3,2007,2008
20070714,2007-07-14,7,Saturday,14,7,July,3,2007,2008
20070715,2007-07-15,1,Sunday,15,7,July,3,2007,2008
20070716,2007-07-16,2,Monday,16,7,July,3,2007,2008
20070717,2007-07-17,3,Tuesday,17,7,July,3,2007,2008
20070718,2007-07-18,4,Wednesday,18,7,July,3,2007,2008
20070719,2007-07-19,5,Thursday,19,7,July,3,2007,2008
20070720,2007-07-20,6,Friday,20,7,July,3,2007,2008
20070721,2007-07-21,7,Saturday,21,7,July,3,2007,2008
20070722,2007-07-22,1,Sunday,22,7,July,3,2007,2008
20070723,2007-07-23,2,Monday,23,7,July,3,2007,2008
20070724,2007-07-24,3,Tuesday,24,7,July,3,2007,2008
20070725,2007-07-25,4,Wednesday,25,7,July,3,2007,2008
20070726,2007-07-26,5,Thursday,26,7,July,3,2007,2008
20070727,2007-07-27,6,Friday,27,7,July,3,2007,2008
20070728,2007-07-28,7,Saturday,28,7,July,3,2007,2008
20070729,2007-07-29,1,Sunday,29,7,July,3,2007,2008
20070730,2007-07-30,2,Monday,30,7,July,3,2007,2008
20070731,2007-07-31,3,Tuesday,31,7,July,3,2007,2008
20070801,2007-08-01,4,Wednesday,1,8,August,3,2007,2008
20070802,2007-08-02,5,Thursday,2,8,August,3,2007,2008
20070803,2007-08-03,6,Friday,3,8,August,3,2007,2008
20070804,2007-08-04,7,Saturday,4,8,August,3,2007,2008
20070805,2007-08-05,1,Sunday,5,8,August,3,2007,2008
20070806,2007-08-06,2,Monday,6,8,August,3,2007,2008
20070807,2007-08-07,3,Tuesday,7,8,August,3,2007,2008
20070808,2007-08-08,4,Wednesday,8,8,August,3,2007,2008
20070809,2007-08-09,5,Thursday,9,8,August,3,2007,2008
20070810,2007-08-10,6,Friday,10,8,August,3,2007,2008
20070811,2007-08-11,7,Saturday,11,8,August,3,2007,2008
20070812,2007-08-12,1,Sunday,12,8,August,3,2007,2008
20070813,2007-08-13,2,Monday,13,8,August,3,2007,2008
20070814,2007-08-14,3,Tuesday,14,8,August,3,2007,2008
20070815,2007-08-15,4,Wednesday,15,8,August,3,2007,2008
20070816,2007-08-16,5,Thursday,16,8,August,3,2007,2008
20070817,2007-08-17,6,Friday,17,8,August,3,2007,2008
20070818,2007-08-18,7,Saturday,18,8,August,3,2007,2008
20070819,2007-08-19,1,Sunday,19,8,August,3,2007,2008
20070820,2007-08-20,2,Monday,20,8,August,3,2007,2008
20070821,2007-08-21,3,Tuesday,21,8,August,3,2007,2008
20070822,2007-08-22,4,Wednesday,22,8,August,3,2007,2008
20070823,2007-08-23,5,Thursday,23,8,August,3,2007,2008
20070824,2007-08-24,6,Friday,24,8,August,3,2007,2008
20070825,2007-08-25,7,Saturday,25,8,August,3,2007,2008
20070826,2007-08-26,1,Sunday,26,8,August,3,2007,2008
20070827,2007-08-27,2,Monday,27,8,August,3,2007,2008
20070828,2007-08-28,3,Tuesday,28,8,August,3,2007,2008
20070829,2007-08-29,4,Wednesday,29,8,August,3,2007,2008
20070830,2007-08-30,5,Thursday,30,8,August,3,2007,2008
20070831,2007-08-31,6,Friday,31,8,August,3,2007,2008
20070901,2007-09-01,7,Saturday,1,9,September,3,2007,2008
20070902,2007-09-02,1,Sunday,2,9,September,3,2007,2008
20070903,2007-09-03,2,Monday,3,9,September,3,2007,2008
20070904,2007-09-04,3,Tuesday,4,9,September,3,2007,2008
20070905,2007-09-05,4,Wednesday,5,9,September,3,2007,2008
20070906,2007-09-06,5,Thursday,6,9,September,3,2007,2008
20070907,2007-09-07,6,Friday,7,9,September,3,2007,2008
20070908,2007-09-08,7,Saturday,8,9,September,3,2007,2008
20070909,2007-09-09,1,Sunday,9,9,September,3,2007,2008
20070910,2007-09-10,2,Monday,10,9,September,3,2007,2008
20070911,2007-09-11,3,Tuesday,11,9,September,3,2007,2008
20070912,2007-09-12,4,Wednesday,12,9,September,3,2007,2008
20070913,2007-09-13,5,Thursday,13,9,September,3,2007,2008
20070914,2007-09-14,6,Friday,14,9,September,3,2007,2008
20070915,2007-09-15,7,Saturday,15,9,September,3,2007,2008
20070916,2007-09-16,1,Sunday,16,9,September,3,2007,2008
20070917,2007-09-17,2,Monday,17,9,September,3,2007,2008
20070918,2007-09-18,3,Tuesday,18,9,September,3,2007,2008
20070919,2007-09-19,4,Wednesday,19,9,September,3,2007,2008
20070920,2007-09-20,5,Thursday,20,9,September,3,2007,2008
20070921,2007-09-21,6,Friday,21,9,September,3,2007,2008
20070922,2007-09-22,7,Saturday,22,9,September,3,2007,2008
20070923,2007-09-23,1,Sunday,23,9,September,3,2007,2008
20070924,2007-09-24,2,Monday,24,9,September,3,2007,2008
20070925,2007-09-25,3,Tuesday,25,9,September,3,2007,2008
20070926,2007-09-26,4,Wednesday,26,9,September,3,2007,2008
20070927,2007-09-27,5,Thursday,27,9,September,3,2007,2008
20070928,2007-09-28,6,Friday,28,9,September,3,2007,2008
20070929,2007-09-29,7,Saturday,29,9,September,3,2007,2008
20070930,2007-09-30,1,Sunday,30,9,September,3,2007,2008
20071001,2007-10-01,2,Monday,1,10,October,4,2007,2008
20071002,2007-10-02,3,Tuesday,2,10,October,4,2007,2008
20071003,2007-10-03,4,Wednesday,3,10,October,4,2007,2008
20071004,2007-10-04,5,Thursday,4,10,October,4,2007,2008
20071005,2007-10-05,6,Friday,5,10,October,4,2007,2008
20071006,2007-10-06,7,Saturday,6,10,October,4,2007,2008
20071007,2007-10-07,1,Sunday,7,10,October,4,2007,2008
20071008,2007-10-08,2,Monday,8,10,October,4,2007,2008
20071009,2007-10-09,3,Tuesday,9,10,October,4,2007,2008
20071010,2007-10-10,4,Wednesday,10,10,October,4,2007,2008
20071011,2007-10-11,5,Thursday,11,10,October,4,2007,2008
20071012,2007-10-12,6,Friday,12,10,October,4,2007,2008
20071013,2007-10-13,7,Saturday,13,10,October,4,2007,2008
20071014,2007-10-14,1,Sunday,14,10,October,4,2007,2008
20071015,2007-10-15,2,Monday,15,10,October,4,2007,2008
20071016,2007-10-16,3,Tuesday,16,10,October,4,2007,2008
20071017,2007-10-17,4,Wednesday,17,10,October,4,2007,2008
20071018,2007-10-18,5,Thursday,18,10,October,4,2007,2008
20071019,2007-10-19,6,Friday,19,10,October,4,2007,2008
20071020,2007-10-20,7,Saturday,20,10,October,4,2007,2008
20071021,2007-10-21,1,Sunday,21,10,October,4,2007,2008
20071022,2007-10-22,2,Monday,22,10,October,4,2007,2008
20071023,2007-10-23,3,Tuesday,23,10,October,4,2007,2008
20071024,2007-10-24,4,Wednesday,24,10,October,4,2007,2008
20071025,2007-10-25,5,Thursday,25,10,October,4,2007,2008
20071026,2007-10-26,6,Friday,26,10,October,4,2007,2008
20071027,2007-10-27,7,Saturday,27,10,October,4,2007,2008
20071028,2007-10-28,1,Sunday,28,10,October,4,2007,2008
20071029,2007-10-29,2,Monday,29,10,October,4,2007,2008
20071030,2007-10-30,3,Tuesday,30,10,October,4,2007,2008
20071031,2007-10-31,4,Wednesday,31,10,October,4,2007,2008
20071101,2007-11-01,5,Thursday,1,11,November,4,2007,2008
20071102,2007-11-02,6,Friday,2,11,November,4,2007,2008
20071103,2007-11-03,7,Saturday,3,11,November,4,2007,2008
20071104,2007-11-04,1,Sunday,4,11,November,4,2007,2008
20071105,2007-11-05,2,Monday,5,11,November,4,2007,2008
20071106,2007-11-06,3,Tuesday,6,11,November,4,2007,2008
20071107,2007-11-07,4,Wednesday,7,11,November,4,2007,2008
20071108,2007-11-08,5,Thursday,8,11,November,4,2007,2008
20071109,2007-11-09,6,Friday,9,11,November,4,2007,2008
20071110,2007-11-10,7,Saturday,10,11,November,4,2007,2008
20071111,2007-11-11,1,Sunday,11,11,November,4,2007,2008
20071112,2007-11-12,2,Monday,12,11,November,4,2007,2008
20071113,2007-11-13,3,Tuesday,13,11,November,4,2007,2008
20071114,2007-11-14,4,Wednesday,14,11,November,4,2007,2008
20071115,2007-11-15,5,Thursday,15,11,November,4,2007,2008
20071116,2007-11-16,6,Friday,16,11,November,4,2007,2008
20071117,2007-11-17,7,Saturday,17,11,November,4,2007,2008
20071118,2007-11-18,1,Sunday,18,11,November,4,2007,2008
20071119,2007-11-19,2,Monday,19,11,November,4,2007,2008
20071120,2007-11-20,3,Tuesday,20,11,November,4,2007,2008
20071121,2007-11-21,4,Wednesday,21,11,November,4,2007,2008
20071122,2007-11-22,5,Thursday,22,11,November,4,2007,2008
20071123,2007-11-23,6,Friday,23,11,November,4,2007,2008
20071124,2007-11-24,7,Saturday,24,11,November,4,2007,2008
20071125,2007-11-25,1,Sunday,25,11,November,4,2007,2008
20071126,2007-11-26,2,Monday,26,11,November,4,2007,2008
20071127,2007-11-27,3,Tuesday,27,11,November,4,2007,2008
20071128,2007-11-28,4,Wednesday,28,11,November,4,2007,2008
20071129,2007-11-29,5,Thursday,29,11,November,4,2007,2008
20071130,2007-11-30,6,Friday,30,11,November,4,2007,2008
20071201,2007-12-01,7,Saturday,1,12,December,4,2007,2008
20071202,2007-12-02,1,Sunday,2,12,December,4,2007,2008
20071203,2007-12-03,2,Monday,3,12,December,4,2007,2008
20071204,2007-12-04,3,Tuesday,4,12,December,4,2007,2008
20071205,2007-12-05,4,Wednesday,5,12,December,4,2007,2008
20071206,2007-12-06,5,Thursday,6,12,December,4,2007,2008
20071207,2007-12-07,6,Friday,7,12,December,4,2007,2008
20071208,2007-12-08,7,Saturday,8,12,December,4,2007,2008
20071209,2007-12-09,1,Sunday,9,12,December,4,2007,2008
20071210,2007-12-10,2,Monday,10,12,December,4,2007,2008
20071211,2007-12-11,3,Tuesday,11,12,December,4,2007,2008
20071212,2007-12-12,4,Wednesday,12,12,December,4,2007,2008
20071213,2007-12-13,5,Thursday,13,12,December,4,2007,2008
20071214,2007-12-14,6,Friday,14,12,December,4,2007,2008
20071215,2007-12-15,7,Saturday,15,12,December,4,2007,2008
20071216,2007-12-16,1,Sunday,16,12,December,4,2007,2008
20071217,2007-12-17,2,Monday,17,12,December,4,2007,2008
20071218,2007-12-18,3,Tuesday,18,12,December,4,2007,2008
20071219,2007-12-19,4,Wednesday,19,12,December,4,2007,2008
20071220,2007-12-20,5,Thursday,20,12,December,4,2007,2008
20071221,2007-12-21,6,Friday,21,12,December,4,2007,2008
20071222,2007-12-22,7,Saturday,22,12,December,4,2007,2008
20071223,2007-12-23,1,Sunday,23,12,December,4,2007,2008
20071224,2007-12-24,2,Monday,24,12,December,4,2007,2008
20071225,2007-12-25,3,Tuesday,25,12,December,4,2007,2008
20071226,2007-12-26,4,Wednesday,26,12,December,4,2007,2008
20071227,2007-12-27,5,Thursday,27,12,December,4,2007,2008
20071228,2007-12-28,6,Friday,28,12,December,4,2007,2008
20071229,2007-12-29,7,Saturday,29,12,December,4,2007,2008
20071230,2007-12-30,1,Sunday,30,12,December,4,2007,2008
20071231,2007-12-31,2,Monday,31,12,December,4,2007,2008
20080101,2008-01-01,3,Tuesday,1,1,January,1,2008,2008
20080102,2008-01-02,4,Wednesday,2,1,January,1,2008,2008
20080103,2008-01-03,5,Thursday,3,1,January,1,2008,2008
20080104,2008-01-04,6,Friday,4,1,January,1,2008,2008
20080105,2008-01-05,7,Saturday,5,1,January,1,2008,2008
20080106,2008-01-06,1,Sunday,6,1,January,1,2008,2008
20080107,2008-01-07,2,Monday,7,1,January,1,2008,2008
20080108,2008-01-08,3,Tuesday,8,1,January,1,2008,2008
20080109,2008-01-09,4,Wednesday,9,1,January,1,2008,2008
20080110,2008-01-10,5,Thursday,10,1,January,1,2008,2008
20080111,2008-01-11,6,Friday,11,1,January,1,2008,2008
20080112,2008-01-12,7,Saturday,12,1,January,1,2008,2008
20080113,2008-01-13,1,Sunday,13,1,January,1,2008,2008
20080114,2008-01-14,2,Monday,14,1,January,1,2008,2008
20080115,2008-01-15,3,Tuesday,15,1,January,1,2008,2008
20080116,2008-01-16,4,Wednesday,16,1,January,1,2008,2008
20080117,2008-01-17,5,Thursday,17,1,January,1,2008,2008
20080118,2008-01-18,6,Friday,18,1,January,1,2008,2008
20080119,2008-01-19,7,Saturday,19,1,January,1,2008,2008
20080120,2008-01-20,1,Sunday,20,1,January,1,2008,2008
20080121,2008-01-21,2,Monday,21,1,January,1,2008,2008
20080122,2008-01-22,3,Tuesday,22,1,January,1,2008,2008
20080123,2008-01-23,4,Wednesday,23,1,January,1,2008,2008
20080124,2008-01-24,5,Thursday,24,1,January,1,2008,2008
20080125,2008-01-25,6,Friday,25,1,January,1,2008,2008
20080126,2008-01-26,7,Saturday,26,1,January,1,2008,2008
20080127,2008-01-27,1,Sunday,27,1,January,1,2008,2008
20080128,2008-01-28,2,Monday,28,1,January,1,2008,2008
20080129,2008-01-29,3,Tuesday,29,1,January,1,2008,2008
20080130,2008-01-30,4,Wednesday,30,1,January,1,2008,2008
20080131,2008-01-31,5,Thursday,31,1,January,1,2008,2008
20080201,2008-02-01,6,Friday,1,2,February,1,2008,2008
20080202,2008-02-02,7,Saturday,2,2,February,1,2008,2008
20080203,2008-02-03,1,Sunday,3,2,February,1,2008,2008
20080204,2008-02-04,2,Monday,4,2,February,1,2008,2008
20080205,2008-02-05,3,Tuesday,5,2,February,1,2008,2008
20080206,2008-02-06,4,Wednesday,6,2,February,1,2008,2008
20080207,2008-02-07,5,Thursday,7,2,February,1,2008,2008
20080208,2008-02-08,6,Friday,8,2,February,1,2008,2008
20080209,2008-02-09,7,Saturday,9,2,February,1,2008,2008
20080210,2008-02-10,1,Sunday,10,2,February,1,2008,2008
20080211,2008-02-11,2,Monday,11,2,February,1,2008,2008
20080212,2008-02-12,3,Tuesday,12,2,February,1,2008,2008
20080213,2008-02-13,4,Wednesday,13,2,February,1,2008,2008
20080214,2008-02-14,5,Thursday,14,2,February,1,2008,2008
20080215,2008-02-15,6,Friday,15,2,February,1,2008,2008
20080216,2008-02-16,7,Saturday,16,2,February,1,2008,2008
20080217,2008-02-17,1,Sunday,17,2,February,1,2008,2008
20080218,2008-02-18,2,Monday,18,2,February,1,2008,2008
20080219,2008-02-19,3,Tuesday,19,2,February,1,2008,2008
20080220,2008-02-20,4,Wednesday,20,2,February,1,2008,2008
20080221,2008-02-21,5,Thursday,21,2,February,1,2008,2008
20080222,2008-02-22,6,Friday,22,2,February,1,2008,2008
20080223,2008-02-23,7,Saturday,23,2,February,1,2008,2008
20080224,2008-02-24,1,Sunday,24,2,February,1,2008,2008
20080225,2008-02-25,2,Monday,25,2,February,1,2008,2008
20080226,2008-02-26,3,Tuesday,26,2,February,1,2008,2008
20080227,2008-02-27,4,Wednesday,27,2,February,1,2008,2008
20080228,2008-02-28,5,Thursday,28,2,February,1,2008,2008
20080229,2008-02-29,6,Friday,29,2,February,1,2008,2008
20080301,2008-03-01,7,Saturday,1,3,March,1,2008,2008
20080302,2008-03-02,1,Sunday,2,3,March,1,2008,2008
20080303,2008-03-03,2,Monday,3,3,March,1,2008,2008
20080304,2008-03-04,3,Tuesday,4,3,March,1,2008,2008
20080305,2008-03-05,4,Wednesday,5,3,March,1,2008,2008
20080306,2008-03-06,5,Thursday,6,3,March,1,2008,2008
20080307,2008-03-07,6,Friday,7,3,March,1,2008,2008
20080308,2008-03-08,7,Saturday,8,3,March,1,2008,2008
20080309,2008-03-09,1,Sunday,9,3,March,1,2008,2008
20080310,2008-03-10,2,Monday,10,3,March,1,2008,2008
20080311,2008-03-11,3,Tuesday,11,3,March,1,2008,2008
20080312,2008-03-12,4,Wednesday,12,3,March,1,2008,2008
20080313,2008-03-13,5,Thursday,13,3,March,1,2008,2008
20080314,2008-03-14,6,Friday,14,3,March,1,2008,2008
20080315,2008-03-15,7,Saturday,15,3,March,1,2008,2008
20080316,2008-03-16,1,Sunday,16,3,March,1,2008,2008
20080317,2008-03-17,2,Monday,17,3,March,1,2008,2008
20080318,2008-03-18,3,Tuesday,18,3,March,1,2008,2008
20080319,2008-03-19,4,Wednesday,19,3,March,1,2008,2008
20080320,2008-03-20,5,Thursday,20,3,March,1,2008,2008
20080321,2008-03-21,6,Friday,21,3,March,1,2008,2008
20080322,2008-03-22,7,Saturday,22,3,March,1,2008,2008
20080323,2008-03-23,1,Sunday,23,3,March,1,2008,2008
20080324,2008-03-24,2,Monday,24,3,March,1,2008,2008
20080325,2008-03-25,3,Tuesday,25,3,March,1,2008,2008
20080326,2008-03-26,4,Wednesday,26,3,March,1,2008,2008
20080327,2008-03-27,5,Thursday,27,3,March,1,2008,2008
20080328,2008-03-28,6,Friday,28,3,March,1,2008,2008
20080329,2008-03-29,7,Saturday,29,3,March,1,2008,2008
20080330,2008-03-30,1,Sunday,30,3,March,1,2008,2008
20080331,2008-03-31,2,Monday,31,3,March,1,2008,2008
20080401,2008-04-01,3,Tuesday,1,4,April,2,2008,2008
20080402,2008-04-02,4,Wednesday,2,4,April,2,2008,2008
20080403,2008-04-03,5,Thursday,3,4,April,2,2008,2008
20080404,2008-04-04,6,Friday,4,4,April,2,2008,2008
20080405,2008-04-05,7,Saturday,5,4,April,2,2008,2008
20080406,2008-04-06,1,Sunday,6,4,April,2,2008,2008
20080407,2008-04-07,2,Monday,7,4,April,2,2008,2008
20080408,2008-04-08,3,Tuesday,8,4,April,2,2008,2008
20080409,2008-04-09,4,Wednesday,9,4,April,2,2008,2008
20080410,2008-04-10,5,Thursday,10,4,April,2,2008,2008
20080411,2008-04-11,6,Friday,11,4,April,2,2008,2008
20080412,2008-04-12,7,Saturday,12,4,April,2,2008,2008
20080413,2008-04-13,1,Sunday,13,4,April,2,2008,2008
20080414,2008-04-14,2,Monday,14,4,April,2,2008,2008
20080415,2008-04-15,3,Tuesday,15,4,April,2,2008,2008
20080416,2008-04-16,4,Wednesday,16,4,April,2,2008,2008
20080417,2008-04-17,5,Thursday,17,4,April,2,2008,2008
20080418,2008-04-18,6,Friday,18,4,April,2,2008,2008
20080419,2008-04-19,7,Saturday,19,4,April,2,2008,2008
20080420,2008-04-20,1,Sunday,20,4,April,2,2008,2008
20080421,2008-04-21,2,Monday,21,4,April,2,2008,2008
20080422,2008-04-22,3,Tuesday,22,4,April,2,2008,2008
20080423,2008-04-23,4,Wednesday,23,4,April,2,2008,2008
20080424,2008-04-24,5,Thursday,24,4,April,2,2008,2008
20080425,2008-04-25,6,Friday,25,4,April,2,2008,2008
20080426,2008-04-26,7,Saturday,26,4,April,2,2008,2008
20080427,2008-04-27,1,Sunday,27,4,April,2,2008,2008
20080428,2008-04-28,2,Monday,28,4,April,2,2008,2008
20080429,2008-04-29,3,Tuesday,29,4,April,2,2008,2008
20080430,2008-04-30,4,Wednesday,30,4,April,2,2008,2008
20080501,2008-05-01,5,Thursday,1,5,May,2,2008,2008
20080502,2008-05-02,6,Friday,2,5,May,2,2008,2008
20080503,2008-05-03,7,Saturday,3,5,May,2,2008,2008
20080504,2008-05-04,1,Sunday,4,5,May,2,2008,2008
20080505,2008-05-05,2,Monday,5,5,May,2,2008,2008
20080506,2008-05-06,3,Tuesday,6,5,May,2,2008,2008
20080507,2008-05-07,4,Wednesday,7,5,May,2,2008,2008
20080508,2008-05-08,5,Thursday,8,5,May,2,2008,2008
20080509,2008-05-09,6,Friday,9,5,May,2,2008,2008
20080510,2008-05-10,7,Saturday,10,5,May,2,2008,2008
20080511,2008-05-11,1,Sunday,11,5,May,2,2008,2008
20080512,2008-05-12,2,Monday,12,5,May,2,2008,2008
20080513,2008-05-13,3,Tuesday,13,5,May,2,2008,2008
20080514,2008-05-14,4,Wednesday,14,5,May,2,2008,2008
20080515,2008-05-15,5,Thursday,15,5,May,2,2008,2008
20080516,2008-05-16,6,Friday,16,5,May,2,2008,2008
20080517,2008-05-17,7,Saturday,17,5,May,2,2008,2008
20080518,2008-05-18,1,Sunday,18,5,May,2,2008,2008
20080519,2008-05-19,2,Monday,19,5,May,2,2008,2008
20080520,2008-05-20,3,Tuesday,20,5,May,2,2008,2008
20080521,2008-05-21,4,Wednesday,21,5,May,2,2008,2008
20080522,2008-05-22,5,Thursday,22,5,May,2,2008,2008
20080523,2008-05-23,6,Friday,23,5,May,2,2008,2008
20080524,2008-05-24,7,Saturday,24,5,May,2,2008,2008
20080525,2008-05-25,1,Sunday,25,5,May,2,2008,2008
20080526,2008-05-26,2,Monday,26,5,May,2,2008,2008
20080527,2008-05-27,3,Tuesday,27,5,May,2,2008,2008
20080528,2008-05-28,4,Wednesday,28,5,May,2,2008,2008
20080529,2008-05-29,5,Thursday,29,5,May,2,2008,2008
20080530,2008-05-30,6,Friday,30,5,May,2,2008,2008
20080531,2008-05-31,7,Saturday,31,5,May,2,2008,2008
20080601,2008-06-01,1,Sunday,1,6,June,2,2008,2008
20080602,2008-06-02,2,Monday,2,6,June,2,2008,2008
20080603,2008-06-03,3,Tuesday,3,6,June,2,2008,2008
20080604,2008-06-04,4,Wednesday,4,6,June,2,2008,2008
20080605,2008-06-05,5,Thursday,5,6,June,2,2008,2008
20080606,2008-06-06,6,Friday,6,6,June,2,2008,2008
20080607,2008-06-07,7,Saturday,7,6,June,2,2008,2008
20080608,2008-06-08,1,Sunday,8,6,June,2,2008,2008
20080609,2008-06-09,2,Monday,9,6,June,2,2008,2008
20080610,2008-06-10,3,Tuesday,10,6,June,2,2008,2008
20080611,2008-06-11,4,Wednesday,11,6,June,2,2008,2008
20080612,2008-06-12,5,Thursday,12,6,June,2,2008,2008
20080613,2008-06-13,6,Friday,13,6,June,2,2008,2008
20080614,2008-06-14,7,Saturday,14,6,June,2,2008,2008
20080615,2008-06-15,1,Sunday,15,6,June,2,2008,2008
20080616,2008-06-16,2,Monday,16,6,June,2,2008,2008
20080617,2008-06-17,3,Tuesday,17,6,June,2,2008,2008
20080618,2008-06-18,4,Wednesday,18,6,June,2,2008,2008
20080619,2008-06-19,5,Thursday,19,6,June,2,2008,2008
20080620,2008-06-20,6,Friday,20,6,June,2,2008,2008
20080621,2008-06-21,7,Saturday,21,6,June,2,2008,2008
20080622,2008-06-22,1,Sunday,22,6,June,2,2008,2008
20080623,2008-06-23,2,Monday,23,6,June,2,2008,2008
20080624,2008-06-24,3,Tuesday,24,6,June,2,2008,2008
20080625,2008-06-25,4,Wednesday,25,6,June,2,2008,2008
20080626,2008-06-26,5,Thursday,26,6,June,2,2008,2008
20080627,2008-06-27,6,Friday,27,6,June,2,2008,2008
20080628,2008-06-28,7,Saturday,28,6,June,2,2008,2008
20080629,2008-06-29,1,Sunday,29,6,June,2,2008,2008
20080630,2008-06-30,2,Monday,30,6,June,2,2008,2008
20080701,2008-07-01,3,Tuesday,1,7,July,3,2008,2009
20080702,2008-07-02,4,Wednesday,2,7,July,3,2008,2009
20080703,2008-07-03,5,Thursday,3,7,July,3,2008,2009
20080704,2008-07-04,6,Friday,4,7,July,3,2008,2009
20080705,2008-07-05,7,Saturday,5,7,July,3,2008,2009
20080706,2008-07-06,1,Sunday,6,7,July,3,2008,2009
20080707,2008-07-07,2,Monday,7,7,July,3,2008,2009
20080708,2008-07-08,3,Tuesday,8,7,July,3,2008,2009
20080709,2008-07-09,4,Wednesday,9,7,July,3,2008,2009
20080710,2008-07-10,5,Thursday,10,7,July,3,2008,2009
20080711,2008-07-11,6,Friday,11,7,July,3,2008,2009
20080712,2008-07-12,7,Saturday,12,7,July,3,2008,2009
20080713,2008-07-13,1,Sunday,13,7,July,3,2008,2009
20080714,2008-07-14,2,Monday,14,7,July,3,2008,2009
20080715,2008-07-15,3,Tuesday,15,7,July,3,2008,2009
20080716,2008-07-16,4,Wednesday,16,7,July,3,2008,2009
20080717,2008-07-17,5,Thursday,17,7,July,3,2008,2009
20080718,2008-07-18,6,Friday,18,7,July,3,2008,2009
20080719,2008-07-19,7,Saturday,19,7,July,3,2008,2009
20080720,2008-07-20,1,Sunday,20,7,July,3,2008,2009
20080721,2008-07-21,2,Monday,21,7,July,3,2008,2009
20080722,2008-07-22,3,Tuesday,22,7,July,3,2008,2009
20080723,2008-07-23,4,Wednesday,23,7,July,3,2008,2009
20080724,2008-07-24,5,Thursday,24,7,July,3,2008,2009
20080725,2008-07-25,6,Friday,25,7,July,3,2008,2009
20080726,2008-07-26,7,Saturday,26,7,July,3,2008,2009
20080727,2008-07-27,1,Sunday,27,7,July,3,2008,2009
20080728,2008-07-28,2,Monday,28,7,July,3,2008,2009
20080729,2008-07-29,3,Tuesday,29,7,July,3,2008,2009
20080730,2008-07-30,4,Wednesday,30,7,July,3,2008,2009
20080731,2008-07-31,5,Thursday,31,7,July,3,2008,2009
20080801,2008-08-01,6,Friday,1,8,August,3,2008,2009
20080802,2008-08-02,7,Saturday,2,8,August,3,2008,2009
20080803,2008-08-03,1,Sunday,3,8,August,3,2008,2009
20080804,2008-08-04,2,Monday,4,8,August,3,2008,2009
20080805,2008-08-05,3,Tuesday,5,8,August,3,2008,2009
20080806,2008-08-06,4,Wednesday,6,8,August,3,2008,2009
20080807,2008-08-07,5,Thursday,7,8,August,3,2008,2009
20080808,2008-08-08,6,Friday,8,8,August,3,2008,2009
20080809,2008-08-09,7,Saturday,9,8,August,3,2008,2009
20080810,2008-08-10,1,Sunday,10,8,August,3,2008,2009
20080811,2008-08-11,2,Monday,11,8,August,3,2008,2009
20080812,2008-08-12,3,Tuesday,12,8,August,3,2008,2009
20080813,2008-08-13,4,Wednesday,13,8,August,3,2008,2009
20080814,2008-08-14,5,Thursday,14,8,August,3,2008,2009
20080815,2008-08-15,6,Friday,15,8,August,3,2008,2009
20080816,2008-08-16,7,Saturday,16,8,August,3,2008,2009
20080817,2008-08-17,1,Sunday,17,8,August,3,2008,2009
20080818,2008-08-18,2,Monday,18,8,August,3,2008,2009
20080819,2008-08-19,3,Tuesday,19,8,August,3,2008,2009
20080820,2008-08-20,4,Wednesday,20,8,August,3,2008,2009
20080821,2008-08-21,5,Thursday,21,8,August,3,2008,2009
20080822,2008-08-22,6,Friday,22,8,August,3,2008,2009
20080823,2008-08-23,7,Saturday,23,8,August,3,2008,2009
20080824,2008-08-24,1,Sunday,24,8,August,3,2008,2009
20080825,2008-08-25,2,Monday,25,8,August,3,2008,2009
20080826,2008-08-26,3,Tuesday,26,8,August,3,2008,2009
20080827,2008-08-27,4,Wednesday,27,8,August,3,2008,2009
20080828,2008-08-28,5,Thursday,28,8,August,3,2008,2009
20080829,2008-08-29,6,Friday,29,8,August,3,2008,2009
20080830,2008-08-30,7,Saturday,30,8,August,3,2008,2009
20080831,2008-08-31,1,Sunday,31,8,August,3,2008,2009
20080901,2008-09-01,2,Monday,1,9,September,3,2008,2009
20080902,2008-09-02,3,Tuesday,2,9,September,3,2008,2009
20080903,2008-09-03,4,Wednesday,3,9,September,3,2008,2009
20080904,2008-09-04,5,Thursday,4,9,September,3,2008,2009
20080905,2008-09-05,6,Friday,5,9,September,3,2008,2009
20080906,2008-09-06,7,Saturday,6,9,September,3,2008,2009
20080907,2008-09-07,1,Sunday,7,9,September,3,2008,2009
20080908,2008-09-08,2,Monday,8,9,September,3,2008,2009
20080909,2008-09-09,3,Tuesday,9,9,September,3,2008,2009
20080910,2008-09-10,4,Wednesday,10,9,September,3,2008,2009
20080911,2008-09-11,5,Thursday,11,9,September,3,2008,2009
20080912,2008-09-12,6,Friday,12,9,September,3,2008,2009
20080913,2008-09-13,7,Saturday,13,9,September,3,2008,2009
20080914,2008-09-14,1,Sunday,14,9,September,3,2008,2009
20080915,2008-09-15,2,Monday,15,9,September,3,2008,2009
20080916,2008-09-16,3,Tuesday,16,9,September,3,2008,2009
20080917,2008-09-17,4,Wednesday,17,9,September,3,2008,2009
20080918,2008-09-18,5,Thursday,18,9,September,3,2008,2009
20080919,2008-09-19,6,Friday,19,9,September,3,2008,2009
20080920,2008-09-20,7,Saturday,20,9,September,3,2008,2009
20080921,2008-09-21,1,Sunday,21,9,September,3,2008,2009
20080922,2008-09-22,2,Monday,22,9,September,3,2008,2009
20080923,2008-09-23,3,Tuesday,23,9,September,3,2008,2009
20080924,2008-09-24,4,Wednesday,24,9,September,3,2008,2009
20080925,2008-09-25,5,Thursday,25,9,September,3,2008,2009
20080926,2008-09-26,6,Friday,26,9,September,3,2008,2009
20080927,2008-09-27,7,Saturday,27,9,September,3,2008,2009
20080928,2008-09-28,1,Sunday,28,9,September,3,2008,2009
20080929,2008-09-29,2,Monday,29,9,September,3,2008,2009
20080930,2008-09-30,3,Tuesday,30,9,September,3,2008,2009
20081001,2008-10-01,4,Wednesday,1,10,October,4,2008,2009
20081002,2008-10-02,5,Thursday,2,10,October,4,2008,2009
20081003,2008-10-03,6,Friday,3,10,October,4,2008,2009
20081004,2008-10-04,7,Saturday,4,10,October,4,2008,2009
20081005,2008-10-05,1,Sunday,5,10,October,4,2008,2009
20081006,2008-10-06,2,Monday,6,10,October,4,2008,2009
20081007,2008-10-07,3,Tuesday,7,10,October,4,2008,2009
20081008,2008-10-08,4,Wednesday,8,10,October,4,2008,2009
20081009,2008-10-09,5,Thursday,9,10,October,4,2008,2009
20081010,2008-10-10,6,Friday,10,10,October,4,2008,2009
20081011,2008-10-11,7,Saturday,11,10,October,4,2008,2009
20081012,2008-10-12,1,Sunday,12,10,October,4,2008,2009
20081013,2008-10-13,2,Monday,13,10,October,4,2008,2009
20081014,2008-10-14,3,Tuesday,14,10,October,4,2008,2009
20081015,2008-10-15,4,Wednesday,15,10,October,4,2008,2009
20081016,2008-10-16,5,Thursday,16,10,October,4,2008,2009
20081017,2008-10-17,6,Friday,17,10,October,4,2008,2009
20081018,2008-10-18,7,Saturday,18,10,October,4,2008,2009
20081019,2008-10-19,1,Sunday,19,10,October,4,2008,2009
20081020,2008-10-20,2,Monday,20,10,October,4,2008,2009
20081021,2008-10-21,3,Tuesday,21,10,October,4,2008,2009
20081022,2008-10-22,4,Wednesday,22,10,October,4,2008,2009
20081023,2008-10-23,5,Thursday,23,10,October,4,2008,2009
20081024,2008-10-24,6,Friday,24,10,October,4,2008,2009
20081025,2008-10-25,7,Saturday,25,10,October,4,2008,2009
20081026,2008-10-26,1,Sunday,26,10,October,4,2008,2009
20081027,2008-10-27,2,Monday,27,10,October,4,2008,2009
20081028,2008-10-28,3,Tuesday,28,10,October,4,2008,2009
20081029,2008-10-29,4,Wednesday,29,10,October,4,2008,2009
20081030,2008-10-30,5,Thursday,30,10,October,4,2008,2009
20081031,2008-10-31,6,Friday,31,10,October,4,2008,2009
20081101,2008-11-01,7,Saturday,1,11,November,4,2008,2009
20081102,2008-11-02,1,Sunday,2,11,November,4,2008,2009
20081103,2008-11-03,2,Monday,3,11,November,4,2008,2009
20081104,2008-11-04,3,Tuesday,4,11,November,4,2008,2009
20081105,2008-11-05,4,Wednesday,5,11,November,4,2008,2009
20081106,2008-11-06,5,Thursday,6,11,November,4,2008,2009
20081107,2008-11-07,6,Friday,7,11,November,4,2008,2009
20081108,2008-11-08,7,Saturday,8,11,November,4,2008,2009
20081109,2008-11-09,1,Sunday,9,11,November,4,2008,2009
20081110,2008-11-10,2,Monday,10,11,November,4,2008,2009
20081111,2008-11-11,3,Tuesday,11,11,November,4,2008,2009
20081112,2008-11-12,4,Wednesday,12,11,November,4,2008,2009
20081113,2008-11-13,5,Thursday,13,11,November,4,2008,2009
20081114,2008-11-14,6,Friday,14,11,November,4,2008,2009
20081115,2008-11-15,7,Saturday,15,11,November,4,2008,2009
20081116,2008-11-16,1,Sunday,16,11,November,4,2008,2009
20081117,2008-11-17,2,Monday,17,11,November,4,2008,2009
20081118,2008-11-18,3,Tuesday,18,11,November,4,2008,2009
20081119,2008-11-19,4,Wednesday,19,11,November,4,2008,2009
20081120,2008-11-20,5,Thursday,20,11,November,4,2008,2009
20081121,2008-11-21,6,Friday,21,11,November,4,2008,2009
20081122,2008-11-22,7,Saturday,22,11,November,4,2008,2009
20081123,2008-11-23,1,Sunday,23,11,November,4,2008,2009
20081124,2008-11-24,2,Monday,24,11,November,4,2008,2009
20081125,2008-11-25,3,Tuesday,25,11,November,4,2008,2009
20081126,2008-11-26,4,Wednesday,26,11,November,4,2008,2009
20081127,2008-11-27,5,Thursday,27,11,November,4,2008,2009
20081128,2008-11-28,6,Friday,28,11,November,4,2008,2009
20081129,2008-11-29,7,Saturday,29,11,November,4,2008,2009
20081130,2008-11-30,1,Sunday,30,11,November,4,2008,2009
20081201,2008-12-01,2,Monday,1,12,December,4,2008,2009
20081202,2008-12-02,3,Tuesday,2,12,December,4,2008,2009
20081203,2008-12-03,4,Wednesday,3,12,December,4,2008,2009
20081204,2008-12-04,5,Thursday,4,12,December,4,2008,2009
20081205,2008-12-05,6,Friday,5,12,December,4,2008,2009
20081206,2008-12-06,7,Saturday,6,12,December,4,2008,2009
20081207,2008-12-07,1,Sunday,7,12,December,4,2008,2009
20081208,2008-12-08,2,Monday,8,12,December,4,2008,2009
20081209,2008-12-09,3,Tuesday,9,12,December,4,2008,2009
20081210,2008-12-10,4,Wednesday,10,12,December,4,2008,2009
20081211,2008-12-11,5,Thursday,11,12,December,4,2008,2009
20081212,2008-12-12,6,Friday,12,12,December,4,2008,2009
20081213,2008-12-13,7,Saturday,13,12,December,4,2008,2009
20081214,2008-12-14,1,Sunday,14,12,December,4,2008,2009
20081215,2008-12-15,2,Monday,15,12,December,4,2008,2009
20081216,2008-12-16,3,Tuesday,16,12,December,4,2008,2009
20081217,2008-12-17,4,Wednesday,17,12,December,4,2008,2009
20081218,2008-12-18,5,Thursday,18,12,December,4,2008,2009
20081219,2008-12-19,6,Friday,19,12,December,4,2008,2009
20081220,2008-12-20,7,Saturday,20,12,December,4,2008,2009
20081221,2008-12-21,1,Sunday,21,12,December,4,2008,2009
20081222,2008-12-22,2,Monday,22,12,December,4,2008,2009
20081223,2008-12-23,3,Tuesday,23,12,December,4,2008,2009
20081224,2008-12-24,4,Wednesday,24,12,December,4,2008,2009
20081225,2008-12-25,5,Thursday,25,12,December,4,2008,2009
20081226,2008-12-26,6,Friday,26,12,December,4,2008,2009
20081227,2008-12-27,7,Saturday,27,12,December,4,2008,2009
20081228,2008-12-28,1,Sunday,28,12,December,4,2008,2009
20081229,2008-12-29,2,Monday,29,12,December,4,2008,2009
20081230,2008-12-30,3,Tuesday,30,12,December,4,2008,2009
20081231,2008-12-31,4,Wednesday,31,12,December,4,2008,2009
20090101,2009-01-01,5,Thursday,1,1,January,1,2009,2009
20090102,2009-01-02,6,Friday,2,1,January,1,2009,2009
20090103,2009-01-03,7,Saturday,3,1,January,1,2009,2009
20090104,2009-01-04,1,Sunday,4,1,January,1,2009,2009
20090105,2009-01-05,2,Monday,5,1,January,1,2009,2009
20090106,2009-01-06,3,Tuesday,6,1,January,1,2009,2009
20090107,2009-01-07,4,Wednesday,7,1,January,1,2009,2009
20090108,2009-01-08,5,Thursday,8,1,January,1,2009,2009
20090109,2009-01-09,6,Friday,9,1,January,1,2009,2009
20090110,2009-01-10,7,Saturday,10,1,January,1,2009,2009
20090111,2009-01-11,1,Sunday,11,1,January,1,2009,2009
20090112,2009-01-12,2,Monday,12,1,January,1,2009,2009
20090113,2009-01-13,3,Tuesday,13,1,January,1,2009,2009
20090114,2009-01-14,4,Wednesday,14,1,January,1,2009,2009
20090115,2009-01-15,5,Thursday,15,1,January,1,2009,2009
20090116,2009-01-16,6,Friday,16,1,January,1,2009,2009
20090117,2009-01-17,7,Saturday,17,1,January,1,2009,2009
20090118,2009-01-18,1,Sunday,18,1,January,1,2009,2009
20090119,2009-01-19,2,Monday,19,1,January,1,2009,2009
20090120,2009-01-20,3,Tuesday,20,1,January,1,2009,2009
20090121,2009-01-21,4,Wednesday,21,1,January,1,2009,2009
20090122,2009-01-22,5,Thursday,22,1,January,1,2009,2009
20090123,2009-01-23,6,Friday,23,1,January,1,2009,2009
20090124,2009-01-24,7,Saturday,24,1,January,1,2009,2009
20090125,2009-01-25,1,Sunday,25,1,January,1,2009,2009
20090126,2009-01-26,2,Monday,26,1,January,1,2009,2009
20090127,2009-01-27,3,Tuesday,27,1,January,1,2009,2009
20090128,2009-01-28,4,Wednesday,28,1,January,1,2009,2009
20090129,2009-01-29,5,Thursday,29,1,January,1,2009,2009
20090130,2009-01-30,6,Friday,30,1,January,1,2009,2009
20090131,2009-01-31,7,Saturday,31,1,January,1,2009,2009
20090201,2009-02-01,1,Sunday,1,2,February,1,2009,2009
20090202,2009-02-02,2,Monday,2,2,February,1,2009,2009
20090203,2009-02-03,3,Tuesday,3,2,February,1,2009,2009
20090204,2009-02-04,4,Wednesday,4,2,February,1,2009,2009
20090205,2009-02-05,5,Thursday,5,2,February,1,2009,2009
20090206,2009-02-06,6,Friday,6,2,February,1,2009,2009
20090207,2009-02-07,7,Saturday,7,2,February,1,2009,2009
20090208,2009-02-08,1,Sunday,8,2,February,1,2009,2009
20090209,2009-02-09,2,Monday,9,2,February,1,2009,2009
20090210,2009-02-10,3,Tuesday,10,2,February,1,2009,2009
20090211,2009-02-11,4,Wednesday,11,2,February,1,2009,2009
20090212,2009-02-12,5,Thursday,12,2,February,1,2009,2009
20090213,2009-02-13,6,Friday,13,2,February,1,2009,2009
20090214,2009-02-14,7,Saturday,14,2,February,1,2009,2009
20090215,2009-02-15,1,Sunday,15,2,February,1,2009,2009
20090216,2009-02-16,2,Monday,16,2,February,1,2009,2009
20090217,2009-02-17,3,Tuesday,17,2,February,1,2009,2009
20090218,2009-02-18,4,Wednesday,18,2,February,1,2009,2009
20090219,2009-02-19,5,Thursday,19,2,February,1,2009,2009
20090220,2009-02-20,6,Friday,20,2,February,1,2009,2009
20090221,2009-02-21,7,Saturday,21,2,February,1,2009,2009
20090222,2009-02-22,1,Sunday,22,2,February,1,2009,2009
20090223,2009-02-23,2,Monday,23,2,February,1,2009,2009
20090224,2009-02-24,3,Tuesday,24,2,February,1,2009,2009
20090225,2009-02-25,4,Wednesday,25,2,February,1,2009,2009
20090226,2009-02-26,5,Thursday,26,2,February,1,2009,2009
20090227,2009-02-27,6,Friday,27,2,February,1,2009,2009
20090228,2009-02-28,7,Saturday,28,2,February,1,2009,2009
20090301,2009-03-01,1,Sunday,1,3,March,1,2009,2009
20090302,2009-03-02,2,Monday,2,3,March,1,2009,2009
20090303,2009-03-03,3,Tuesday,3,3,March,1,2009,2009
20090304,2009-03-04,4,Wednesday,4,3,March,1,2009,2009
20090305,2009-03-05,5,Thursday,5,3,March,1,2009,2009
20090306,2009-03-06,6,Friday,6,3,March,1,2009,2009
20090307,2009-03-07,7,Saturday,7,3,March,1,2009,2009
20090308,2009-03-08,1,Sunday,8,3,March,1,2009,2009
20090309,2009-03-09,2,Monday,9,3,March,1,2009,2009
20090310,2009-03-10,3,Tuesday,10,3,March,1,2009,2009
20090311,2009-03-11,4,Wednesday,11,3,March,1,2009,2009
20090312,2009-03-12,5,Thursday,12,3,March,1,2009,2009
20090313,2009-03-13,6,Friday,13,3,March,1,2009,2009
20090314,2009-03-14,7,Saturday,14,3,March,1,2009,2009
20090315,2009-03-15,1,Sunday,15,3,March,1,2009,2009
20090316,2009-03-16,2,Monday,16,3,March,1,2009,2009
20090317,2009-03-17,3,Tuesday,17,3,March,1,2009,2009
20090318,2009-03-18,4,Wednesday,18,3,March,1,2009,2009
20090319,2009-03-19,5,Thursday,19,3,March,1,2009,2009
20090320,2009-03-20,6,Friday,20,3,March,1,2009,2009
20090321,2009-03-21,7,Saturday,21,3,March,1,2009,2009
20090322,2009-03-22,1,Sunday,22,3,March,1,2009,2009
20090323,2009-03-23,2,Monday,23,3,March,1,2009,2009
20090324,2009-03-24,3,Tuesday,24,3,March,1,2009,2009
20090325,2009-03-25,4,Wednesday,25,3,March,1,2009,2009
20090326,2009-03-26,5,Thursday,26,3,March,1,2009,2009
20090327,2009-03-27,6,Friday,27,3,March,1,2009,2009
20090328,2009-03-28,7,Saturday,28,3,March,1,2009,2009
20090329,2009-03-29,1,Sunday,29,3,March,1,2009,2009
20090330,2009-03-30,2,Monday,30,3,March,1,2009,2009
20090331,2009-03-31,3,Tuesday,31,3,March,1,2009,2009
20090401,2009-04-01,4,Wednesday,1,4,April,2,2009,2009
20090402,2009-04-02,5,Thursday,2,4,April,2,2009,2009
20090403,2009-04-03,6,Friday,3,4,April,2,2009,2009
20090404,2009-04-04,7,Saturday,4,4,April,2,2009,2009
20090405,2009-04-05,1,Sunday,5,4,April,2,2009,2009
20090406,2009-04-06,2,Monday,6,4,April,2,2009,2009
20090407,2009-04-07,3,Tuesday,7,4,April,2,2009,2009
20090408,2009-04-08,4,Wednesday,8,4,April,2,2009,2009
20090409,2009-04-09,5,Thursday,9,4,April,2,2009,2009
20090410,2009-04-10,6,Friday,10,4,April,2,2009,2009
20090411,2009-04-11,7,Saturday,11,4,April,2,2009,2009
20090412,2009-04-12,1,Sunday,12,4,April,2,2009,2009
20090413,2009-04-13,2,Monday,13,4,April,2,2009,2009
20090414,2009-04-14,3,Tuesday,14,4,April,2,2009,2009
20090415,2009-04-15,4,Wednesday,15,4,April,2,2009,2009
20090416,2009-04-16,5,Thursday,16,4,April,2,2009,2009
20090417,2009-04-17,6,Friday,17,4,April,2,2009,2009
20090418,2009-04-18,7,Saturday,18,4,April,2,2009,2009
20090419,2009-04-19,1,Sunday,19,4,April,2,2009,2009
20090420,2009-04-20,2,Monday,20,4,April,2,2009,2009
20090421,2009-04-21,3,Tuesday,21,4,April,2,2009,2009
20090422,2009-04-22,4,Wednesday,22,4,April,2,2009,2009
20090423,2009-04-23,5,Thursday,23,4,April,2,2009,2009
20090424,2009-04-24,6,Friday,24,4,April,2,2009,2009
20090425,2009-04-25,7,Saturday,25,4,April,2,2009,2009
20090426,2009-04-26,1,Sunday,26,4,April,2,2009,2009
20090427,2009-04-27,2,Monday,27,4,April,2,2009,2009
20090428,2009-04-28,3,Tuesday,28,4,April,2,2009,2009
20090429,2009-04-29,4,Wednesday,29,4,April,2,2009,2009
20090430,2009-04-30,5,Thursday,30,4,April,2,2009,2009
20090501,2009-05-01,6,Friday,1,5,May,2,2009,2009
20090502,2009-05-02,7,Saturday,2,5,May,2,2009,2009
20090503,2009-05-03,1,Sunday,3,5,May,2,2009,2009
20090504,2009-05-04,2,Monday,4,5,May,2,2009,2009
20090505,2009-05-05,3,Tuesday,5,5,May,2,2009,2009
20090506,2009-05-06,4,Wednesday,6,5,May,2,2009,2009
20090507,2009-05-07,5,Thursday,7,5,May,2,2009,2009
20090508,2009-05-08,6,Friday,8,5,May,2,2009,2009
20090509,2009-05-09,7,Saturday,9,5,May,2,2009,2009
20090510,2009-05-10,1,Sunday,10,5,May,2,2009,2009
20090511,2009-05-11,2,Monday,11,5,May,2,2009,2009
20090512,2009-05-12,3,Tuesday,12,5,May,2,2009,2009
20090513,2009-05-13,4,Wednesday,13,5,May,2,2009,2009
20090514,2009-05-14,5,Thursday,14,5,May,2,2009,2009
20090515,2009-05-15,6,Friday,15,5,May,2,2009,2009
20090516,2009-05-16,7,Saturday,16,5,May,2,2009,2009
20090517,2009-05-17,1,Sunday,17,5,May,2,2009,2009
20090518,2009-05-18,2,Monday,18,5,May,2,2009,2009
20090519,2009-05-19,3,Tuesday,19,5,May,2,2009,2009
20090520,2009-05-20,4,Wednesday,20,5,May,2,2009,2009
20090521,2009-05-21,5,Thursday,21,5,May,2,2009,2009
20090522,2009-05-22,6,Friday,22,5,May,2,2009,2009
20090523,2009-05-23,7,Saturday,23,5,May,2,2009,2009
20090524,2009-05-24,1,Sunday,24,5,May,2,2009,2009
20090525,2009-05-25,2,Monday,25,5,May,2,2009,2009
20090526,2009-05-26,3,Tuesday,26,5,May,2,2009,2009
20090527,2009-05-27,4,Wednesday,27,5,May,2,2009,2009
20090528,2009-05-28,5,Thursday,28,5,May,2,2009,2009
20090529,2009-05-29,6,Friday,29,5,May,2,2009,2009
20090530,2009-05-30,7,Saturday,30,5,May,2,2009,2009
20090531,2009-05-31,1,Sunday,31,5,May,2,2009,2009
20090601,2009-06-01,2,Monday,1,6,June,2,2009,2009
20090602,2009-06-02,3,Tuesday,2,6,June,2,2009,2009
20090603,2009-06-03,4,Wednesday,3,6,June,2,2009,2009
20090604,2009-06-04,5,Thursday,4,6,June,2,2009,2009
20090605,2009-06-05,6,Friday,5,6,June,2,2009,2009
20090606,2009-06-06,7,Saturday,6,6,June,2,2009,2009
20090607,2009-06-07,1,Sunday,7,6,June,2,2009,2009
20090608,2009-06-08,2,Monday,8,6,June,2,2009,2009
20090609,2009-06-09,3,Tuesday,9,6,June,2,2009,2009
20090610,2009-06-10,4,Wednesday,10,6,June,2,2009,2009
20090611,2009-06-11,5,Thursday,11,6,June,2,2009,2009
20090612,2009-06-12,6,Friday,12,6,June,2,2009,2009
20090613,2009-06-13,7,Saturday,13,6,June,2,2009,2009
20090614,2009-06-14,1,Sunday,14,6,June,2,2009,2009
20090615,2009-06-15,2,Monday,15,6,June,2,2009,2009
20090616,2009-06-16,3,Tuesday,16,6,June,2,2009,2009
20090617,2009-06-17,4,Wednesday,17,6,June,2,2009,2009
20090618,2009-06-18,5,Thursday,18,6,June,2,2009,2009
20090619,2009-06-19,6,Friday,19,6,June,2,2009,2009
20090620,2009-06-20,7,Saturday,20,6,June,2,2009,2009
20090621,2009-06-21,1,Sunday,21,6,June,2,2009,2009
20090622,2009-06-22,2,Monday,22,6,June,2,2009,2009
20090623,2009-06-23,3,Tuesday,23,6,June,2,2009,2009
20090624,2009-06-24,4,Wednesday,24,6,June,2,2009,2009
20090625,2009-06-25,5,Thursday,25,6,June,2,2009,2009
20090626,2009-06-26,6,Friday,26,6,June,2,2009,2009
20090627,2009-06-27,7,Saturday,27,6,June,2,2009,2009
20090628,2009-06-28,1,Sunday,28,6,June,2,2009,2009
20090629,2009-06-29,2,Monday,29,6,June,2,2009,2009
20090630,2009-06-30,3,Tuesday,30,6,June,2,2009,2009
20090701,2009-07-01,4,Wednesday,1,7,July,3,2009,2010
20090702,2009-07-02,5,Thursday,2,7,July,3,2009,2010
20090703,2009-07-03,6,Friday,3,7,July,3,2009,2010
20090704,2009-07-04,7,Saturday,4,7,July,3,2009,2010
20090705,2009-07-05,1,Sunday,5,7,July,3,2009,2010
20090706,2009-07-06,2,Monday,6,7,July,3,2009,2010
20090707,2009-07-07,3,Tuesday,7,7,July,3,2009,2010
20090708,2009-07-08,4,Wednesday,8,7,July,3,2009,2010
20090709,2009-07-09,5,Thursday,9,7,July,3,2009,2010
20090710,2009-07-10,6,Friday,10,7,July,3,2009,2010
20090711,2009-07-11,7,Saturday,11,7,July,3,2009,2010
20090712,2009-07-12,1,Sunday,12,7,July,3,2009,2010
20090713,2009-07-13,2,Monday,13,7,July,3,2009,2010
20090714,2009-07-14,3,Tuesday,14,7,July,3,2009,2010
20090715,2009-07-15,4,Wednesday,15,7,July,3,2009,2010
20090716,2009-07-16,5,Thursday,16,7,July,3,2009,2010
20090717,2009-07-17,6,Friday,17,7,July,3,2009,2010
20090718,2009-07-18,7,Saturday,18,7,July,3,2009,2010
20090719,2009-07-19,1,Sunday,19,7,July,3,2009,2010
20090720,2009-07-20,2,Monday,20,7,July,3,2009,2010
20090721,2009-07-21,3,Tuesday,21,7,July,3,2009,2010
20090722,2009-07-22,4,Wednesday,22,7,July,3,2009,2010
20090723,2009-07-23,5,Thursday,23,7,July,3,2009,2010
20090724,2009-07-24,6,Friday,24,7,July,3,2009,2010
20090725,2009-07-25,7,Saturday,25,7,July,3,2009,2010
20090726,2009-07-26,1,Sunday,26,7,July,3,2009,2010
20090727,2009-07-27,2,Monday,27,7,July,3,2009,2010
20090728,2009-07-28,3,Tuesday,28,7,July,3,2009,2010
20090729,2009-07-29,4,Wednesday,29,7,July,3,2009,2010
20090730,2009-07-30,5,Thursday,30,7,July,3,2009,2010
20090731,2009-07-31,6,Friday,31,7,July,3,2009,2010
20090801,2009-08-01,7,Saturday,1,8,August,3,2009,2010
20090802,2009-08-02,1,Sunday,2,8,August,3,2009,2010
20090803,2009-08-03,2,Monday,3,8,August,3,2009,2010
20090804,2009-08-04,3,Tuesday,4,8,August,3,2009,2010
20090805,2009-08-05,4,Wednesday,5,8,August,3,2009,2010
20090806,2009-08-06,5,Thursday,6,8,August,3,2009,2010
20090807,2009-08-07,6,Friday,7,8,August,3,2009,2010
20090808,2009-08-08,7,Saturday,8,8,August,3,2009,2010
20090809,2009-08-09,1,Sunday,9,8,August,3,2009,2010
20090810,2009-08-10,2,Monday,10,8,August,3,2009,2010
20090811,2009-08-11,3,Tuesday,11,8,August,3,2009,2010
20090812,2009-08-12,4,Wednesday,12,8,August,3,2009,2010
20090813,2009-08-13,5,Thursday,13,8,August,3,2009,2010
20090814,2009-08-14,6,Friday,14,8,August,3,2009,2010
20090815,2009-08-15,7,Saturday,15,8,August,3,2009,2010
20090816,2009-08-16,1,Sunday,16,8,August,3,2009,2010
20090817,2009-08-17,2,Monday,17,8,August,3,2009,2010
20090818,2009-08-18,3,Tuesday,18,8,August,3,2009,2010
20090819,2009-08-19,4,Wednesday,19,8,August,3,2009,2010
20090820,2009-08-20,5,Thursday,20,8,August,3,2009,2010
20090821,2009-08-21,6,Friday,21,8,August,3,2009,2010
20090822,2009-08-22,7,Saturday,22,8,August,3,2009,2010
20090823,2009-08-23,1,Sunday,23,8,August,3,2009,2010
20090824,2009-08-24,2,Monday,24,8,August,3,2009,2010
20090825,2009-08-25,3,Tuesday,25,8,August,3,2009,2010
20090826,2009-08-26,4,Wednesday,26,8,August,3,2009,2010
20090827,2009-08-27,5,Thursday,27,8,August,3,2009,2010
20090828,2009-08-28,6,Friday,28,8,August,3,2009,2010
20090829,2009-08-29,7,Saturday,29,8,August,3,2009,2010
20090830,2009-08-30,1,Sunday,30,8,August,3,2009,2010
20090831,2009-08-31,2,Monday,31,8,August,3,2009,2010
20090901,2009-09-01,3,Tuesday,1,9,September,3,2009,2010
20090902,2009-09-02,4,Wednesday,2,9,September,3,2009,2010
20090903,2009-09-03,5,Thursday,3,9,September,3,2009,2010
20090904,2009-09-04,6,Friday,4,9,September,3,2009,2010
20090905,2009-09-05,7,Saturday,5,9,September,3,2009,2010
20090906,2009-09-06,1,Sunday,6,9,September,3,2009,2010
20090907,2009-09-07,2,Monday,7,9,September,3,2009,2010
20090908,2009-09-08,3,Tuesday,8,9,September,3,2009,2010
20090909,2009-09-09,4,Wednesday,9,9,September,3,2009,2010
20090910,2009-09-10,5,Thursday,10,9,September,3,2009,2010
20090911,2009-09-11,6,Friday,11,9,September,3,2009,2010
20090912,2009-09-12,7,Saturday,12,9,September,3,2009,2010
20090913,2009-09-13,1,Sunday,13,9,September,3,2009,2010
20090914,2009-09-14,2,Monday,14,9,September,3,2009,2010
20090915,2009-09-15,3,Tuesday,15,9,September,3,2009,2010
20090916,2009-09-16,4,Wednesday,16,9,September,3,2009,2010
20090917,2009-09-17,5,Thursday,17,9,September,3,2009,2010
20090918,2009-09-18,6,Friday,18,9,September,3,2009,2010
20090919,2009-09-19,7,Saturday,19,9,September,3,2009,2010
20090920,2009-09-20,1,Sunday,20,9,September,3,2009,2010
20090921,2009-09-21,2,Monday,21,9,September,3,2009,2010
20090922,2009-09-22,3,Tuesday,22,9,September,3,2009,2010
20090923,2009-09-23,4,Wednesday,23,9,September,3,2009,2010
20090924,2009-09-24,5,Thursday,24,9,September,3,2009,2010
20090925,2009-09-25,6,Friday,25,9,September,3,2009,2010
20090926,2009-09-26,7,Saturday,26,9,September,3,2009,2010
20090927,2009-09-27,1,Sunday,27,9,September,3,2009,2010
20090928,2009-09-28,2,Monday,28,9,September,3,2009,2010
20090929,2009-09-29,3,Tuesday,29,9,September,3,2009,2010
20090930,2009-09-30,4,Wednesday,30,9,September,3,2009,2010
20091001,2009-10-01,5,Thursday,1,10,October,4,2009,2010
20091002,2009-10-02,6,Friday,2,10,October,4,2009,2010
20091003,2009-10-03,7,Saturday,3,10,October,4,2009,2010
20091004,2009-10-04,1,Sunday,4,10,October,4,2009,2010
20091005,2009-10-05,2,Monday,5,10,October,4,2009,2010
20091006,2009-10-06,3,Tuesday,6,10,October,4,2009,2010
20091007,2009-10-07,4,Wednesday,7,10,October,4,2009,2010
20091008,2009-10-08,5,Thursday,8,10,October,4,2009,2010
20091009,2009-10-09,6,Friday,9,10,October,4,2009,2010
20091010,2009-10-10,7,Saturday,10,10,October,4,2009,2010
20091011,2009-10-11,1,Sunday,11,10,October,4,2009,2010
20091012,2009-10-12,2,Monday,12,10,October,4,2009,2010
20091013,2009-10-13,3,Tuesday,13,10,October,4,2009,2010
20091014,2009-10-14,4,Wednesday,14,10,October,4,2009,2010
20091015,2009-10-15,5,Thursday,15,10,October,4,2009,2010
20091016,2009-10-16,6,Friday,16,10,October,4,2009,2010
20091017,2009-10-17,7,Saturday,17,10,October,4,2009,2010
20091018,2009-10-18,1,Sunday,18,10,October,4,2009,2010
20091019,2009-10-19,2,Monday,19,10,October,4,2009,2010
20091020,2009-10-20,3,Tuesday,20,10,October,4,2009,2010
20091021,2009-10-21,4,Wednesday,21,10,October,4,2009,2010
20091022,2009-10-22,5,Thursday,22,10,October,4,2009,2010
20091023,2009-10-23,6,Friday,23,10,October,4,2009,2010
20091024,2009-10-24,7,Saturday,24,10,October,4,2009,2010
20091025,2009-10-25,1,Sunday,25,10,October,4,2009,2010
20091026,2009-10-26,2,Monday,26,10,October,4,2009,2010
20091027,2009-10-27,3,Tuesday,27,10,October,4,2009,2010
20091028,2009-10-28,4,Wednesday,28,10,October,4,2009,2010
20091029,2009-10-29,5,Thursday,29,10,October,4,2009,2010
20091030,2009-10-30,6,Friday,30,10,October,4,2009,2010
20091031,2009-10-31,7,Saturday,31,10,October,4,2009,2010
20091101,2009-11-01,1,Sunday,1,11,November,4,2009,2010
20091102,2009-11-02,2,Monday,2,11,November,4,2009,2010
20091103,2009-11-03,3,Tuesday,3,11,November,4,2009,2010
20091104,2009-11-04,4,Wednesday,4,11,November,4,2009,2010
20091105,2009-11-05,5,Thursday,5,11,November,4,2009,2010
20091106,2009-11-06,6,Friday,6,11,November,4,2009,2010
20091107,2009-11-07,7,Saturday,7,11,November,4,2009,2010
20091108,2009-11-08,1,Sunday,8,11,November,4,2009,2010
20091109,2009-11-09,2,Monday,9,11,November,4,2009,2010
20091110,2009-11-10,3,Tuesday,10,11,November,4,2009,2010
20091111,2009-11-11,4,Wednesday,11,11,November,4,2009,2010
20091112,2009-11-12,5,Thursday,12,11,November,4,2009,2010
20091113,2009-11-13,6,Friday,13,11,November,4,2009,2010
20091114,2009-11-14,7,Saturday,14,11,November,4,2009,2010
20091115,2009-11-15,1,Sunday,15,11,November,4,2009,2010
20091116,2009-11-16,2,Monday,16,11,November,4,2009,2010
20091117,2009-11-17,3,Tuesday,17,11,November,4,2009,2010
20091118,2009-11-18,4,Wednesday,18,11,November,4,2009,2010
20091119,2009-11-19,5,Thursday,19,11,November,4,2009,2010
20091120,2009-11-20,6,Friday,20,11,November,4,2009,2010
20091121,2009-11-21,7,Saturday,21,11,November,4,2009,2010
20091122,2009-11-22,1,Sunday,22,11,November,4,2009,2010
20091123,2009-11-23,2,Monday,23,11,November,4,2009,2010
20091124,2009-11-24,3,Tuesday,24,11,November,4,2009,2010
20091125,2009-11-25,4,Wednesday,25,11,November,4,2009,2010
20091126,2009-11-26,5,Thursday,26,11,November,4,2009,2010
20091127,2009-11-27,6,Friday,27,11,November,4,2009,2010
20091128,2009-11-28,7,Saturday,28,11,November,4,2009,2010
20091129,2009-11-29,1,Sunday,29,11,November,4,2009,2010
20091130,2009-11-30,2,Monday,30,11,November,4,2009,2010
20091201,2009-12-01,3,Tuesday,1,12,December,4,2009,2010
20091202,2009-12-02,4,Wednesday,2,12,December,4,2009,2010
20091203,2009-12-03,5,Thursday,3,12,December,4,2009,2010
20091204,2009-12-04,6,Friday,4,12,December,4,2009,2010
20091205,2009-12-05,7,Saturday,5,12,December,4,2009,2010
20091206,2009-12-06,1,Sunday,6,12,December,4,2009,2010
20091207,2009-12-07,2,Monday,7,12,December,4,2009,2010
20091208,2009-12-08,3,Tuesday,8,12,December,4,2009,2010
20091209,2009-12-09,4,Wednesday,9,12,December,4,2009,2010
20091210,2009-12-10,5,Thursday,10,12,December,4,2009,2010
20091211,2009-12-11,6,Friday,11,12,December,4,2009,2010
20091212,2009-12-12,7,Saturday,12,12,December,4,2009,2010
20091213,2009-12-13,1,Sunday,13,12,December,4,2009,2010
20091214,2009-12-14,2,Monday,14,12,December,4,2009,2010
20091215,2009-12-15,3,Tuesday,15,12,December,4,2009,2010
20091216,2009-12-16,4,Wednesday,16,12,December,4,2009,2010
20091217,2009-12-17,5,Thursday,17,12,December,4,2009,2010
20091218,2009-12-18,6,Friday,18,12,December,4,2009,2010
20091219,2009-12-19,7,Saturday,19,12,December,4,2009,2010
20091220,2009-12-20,1,Sunday,20,12,December,4,2009,2010
20091221,2009-12-21,2,Monday,21,12,December,4,2009,2010
20091222,2009-12-22,3,Tuesday,22,12,December,4,2009,2010
20091223,2009-12-23,4,Wednesday,23,12,December,4,2009,2010
20091224,2009-12-24,5,Thursday,24,12,December,4,2009,2010
20091225,2009-12-25,6,Friday,25,12,December,4,2009,2010
20091226,2009-12-26,7,Saturday,26,12,December,4,2009,2010
20091227,2009-12-27,1,Sunday,27,12,December,4,2009,2010
20091228,2009-12-28,2,Monday,28,12,December,4,2009,2010
20091229,2009-12-29,3,Tuesday,29,12,December,4,2009,2010
20091230,2009-12-30,4,Wednesday,30,12,December,4,2009,2010
20091231,2009-12-31,5,Thursday,31,12,December,4,2009,2010
20100101,2010-01-01,6,Friday,1,1,January,1,2010,2010
20100102,2010-01-02,7,Saturday,2,1,January,1,2010,2010
20100103,2010-01-03,1,Sunday,3,1,January,1,2010,2010
20100104,2010-01-04,2,Monday,4,1,January,1,2010,2010
20100105,2010-01-05,3,Tuesday,5,1,January,1,2010,2010
20100106,2010-01-06,4,Wednesday,6,1,January,1,2010,2010
20100107,2010-01-07,5,Thursday,7,1,January,1,2010,2010
20100108,2010-01-08,6,Friday,8,1,January,1,2010,2010
20100109,2010-01-09,7,Saturday,9,1,January,1,2010,2010
20100110,2010-01-10,1,Sunday,10,1,January,1,2010,2010
20100111,2010-01-11,2,Monday,11,1,January,1,2010,2010
20100112,2010-01-12,3,Tuesday,12,1,January,1,2010,2010
20100113,2010-01-13,4,Wednesday,13,1,January,1,2010,2010
20100114,2010-01-14,5,Thursday,14,1,January,1,2010,2010
20100115,2010-01-15,6,Friday,15,1,January,1,2010,2010
20100116,2010-01-16,7,Saturday,16,1,January,1,2010,2010
20100117,2010-01-17,1,Sunday,17,1,January,1,2010,2010
20100118,2010-01-18,2,Monday,18,1,January,1,2010,2010
20100119,2010-01-19,3,Tuesday,19,1,January,1,2010,2010
20100120,2010-01-20,4,Wednesday,20,1,January,1,2010,2010
20100121,2010-01-21,5,Thursday,21,1,January,1,2010,2010
20100122,2010-01-22,6,Friday,22,1,January,1,2010,2010
20100123,2010-01-23,7,Saturday,23,1,January,1,2010,2010
20100124,2010-01-24,1,Sunday,24,1,January,1,2010,2010
20100125,2010-01-25,2,Monday,25,1,January,1,2010,2010
20100126,2010-01-26,3,Tuesday,26,1,January,1,2010,2010
20100127,2010-01-27,4,Wednesday,27,1,January,1,2010,2010
20100128,2010-01-28,5,Thursday,28,1,January,1,2010,2010
20100129,2010-01-29,6,Friday,29,1,January,1,2010,2010
20100130,2010-01-30,7,Saturday,30,1,January,1,2010,2010
20100131,2010-01-31,1,Sunday,31,1,January,1,2010,2010
20100201,2010-02-01,2,Monday,1,2,February,1,2010,2010
20100202,2010-02-02,3,Tuesday,2,2,February,1,2010,2010
20100203,2010-02-03,4,Wednesday,3,2,February,1,2010,2010
20100204,2010-02-04,5,Thursday,4,2,February,1,2010,2010
20100205,2010-02-05,6,Friday,5,2,February,1,2010,2010
20100206,2010-02-06,7,Saturday,6,2,February,1,2010,2010
20100207,2010-02-07,1,Sunday,7,2,February,1,2010,2010
20100208,2010-02-08,2,Monday,8,2,February,1,2010,2010
20100209,2010-02-09,3,Tuesday,9,2,February,1,2010,2010
20100210,2010-02-10,4,Wednesday,10,2,February,1,2010,2010
20100211,2010-02-11,5,Thursday,11,2,February,1,2010,2010
20100212,2010-02-12,6,Friday,12,2,February,1,2010,2010
20100213,2010-02-13,7,Saturday,13,2,February,1,2010,2010
20100214,2010-02-14,1,Sunday,14,2,February,1,2010,2010
20100215,2010-02-15,2,Monday,15,2,February,1,2010,2010
20100216,2010-02-16,3,Tuesday,16,2,February,1,2010,2010
20100217,2010-02-17,4,Wednesday,17,2,February,1,2010,2010
20100218,2010-02-18,5,Thursday,18,2,February,1,2010,2010
20100219,2010-02-19,6,Friday,19,2,February,1,2010,2010
20100220,2010-02-20,7,Saturday,20,2,February,1,2010,2010
20100221,2010-02-21,1,Sunday,21,2,February,1,2010,2010
20100222,2010-02-22,2,Monday,22,2,February,1,2010,2010
20100223,2010-02-23,3,Tuesday,23,2,February,1,2010,2010
20100224,2010-02-24,4,Wednesday,24,2,February,1,2010,2010
20100225,2010-02-25,5,Thursday,25,2,February,1,2010,2010
20100226,2010-02-26,6,Friday,26,2,February,1,2010,2010
20100227,2010-02-27,7,Saturday,27,2,February,1,2010,2010
20100228,2010-02-28,1,Sunday,28,2,February,1,2010,2010
20100301,2010-03-01,2,Monday,1,3,March,1,2010,2010
20100302,2010-03-02,3,Tuesday,2,3,March,1,2010,2010
20100303,2010-03-03,4,Wednesday,3,3,March,1,2010,2010
20100304,2010-03-04,5,Thursday,4,3,March,1,2010,2010
20100305,2010-03-05,6,Friday,5,3,March,1,2010,2010
20100306,2010-03-06,7,Saturday,6,3,March,1,2010,2010
20100307,2010-03-07,1,Sunday,7,3,March,1,2010,2010
20100308,2010-03-08,2,Monday,8,3,March,1,2010,2010
20100309,2010-03-09,3,Tuesday,9,3,March,1,2010,2010
20100310,2010-03-10,4,Wednesday,10,3,March,1,2010,2010
20100311,2010-03-11,5,Thursday,11,3,March,1,2010,2010
20100312,2010-03-12,6,Friday,12,3,March,1,2010,2010
20100313,2010-03-13,7,Saturday,13,3,March,1,2010,2010
20100314,2010-03-14,1,Sunday,14,3,March,1,2010,2010
20100315,2010-03-15,2,Monday,15,3,March,1,2010,2010
20100316,2010-03-16,3,Tuesday,16,3,March,1,2010,2010
20100317,2010-03-17,4,Wednesday,17,3,March,1,2010,2010
20100318,2010-03-18,5,Thursday,18,3,March,1,2010,2010
20100319,2010-03-19,6,Friday,19,3,March,1,2010,2010
20100320,2010-03-20,7,Saturday,20,3,March,1,2010,2010
20100321,2010-03-21,1,Sunday,21,3,March,1,2010,2010
20100322,2010-03-22,2,Monday,22,3,March,1,2010,2010
20100323,2010-03-23,3,Tuesday,23,3,March,1,2010,2010
20100324,2010-03-24,4,Wednesday,24,3,March,1,2010,2010
20100325,2010-03-25,5,Thursday,25,3,March,1,2010,2010
20100326,2010-03-26,6,Friday,26,3,March,1,2010,2010
20100327,2010-03-27,7,Saturday,27,3,March,1,2010,2010
20100328,2010-03-28,1,Sunday,28,3,March,1,2010,2010
20100329,2010-03-29,2,Monday,29,3,March,1,2010,2010
20100330,2010-03-30,3,Tuesday,30,3,March,1,2010,2010
20100331,2010-03-31,4,Wednesday,31,3,March,1,2010,2010
20100401,2010-04-01,5,Thursday,1,4,April,2,2010,2010
20100402,2010-04-02,6,Friday,2,4,April,2,2010,2010
20100403,2010-04-03,7,Saturday,3,4,April,2,2010,2010
20100404,2010-04-04,1,Sunday,4,4,April,2,2010,2010
20100405,2010-04-05,2,Monday,5,4,April,2,2010,2010
20100406,2010-04-06,3,Tuesday,6,4,April,2,2010,2010
20100407,2010-04-07,4,Wednesday,7,4,April,2,2010,2010
20100408,2010-04-08,5,Thursday,8,4,April,2,2010,2010
20100409,2010-04-09,6,Friday,9,4,April,2,2010,2010
20100410,2010-04-10,7,Saturday,10,4,April,2,2010,2010
20100411,2010-04-11,1,Sunday,11,4,April,2,2010,2010
20100412,2010-04-12,2,Monday,12,4,April,2,2010,2010
20100413,2010-04-13,3,Tuesday,13,4,April,2,2010,2010
20100414,2010-04-14,4,Wednesday,14,4,April,2,2010,2010
20100415,2010-04-15,5,Thursday,15,4,April,2,2010,2010
20100416,2010-04-16,6,Friday,16,4,April,2,2010,2010
20100417,2010-04-17,7,Saturday,17,4,April,2,2010,2010
20100418,2010-04-18,1,Sunday,18,4,April,2,2010,2010
20100419,2010-04-19,2,Monday,19,4,April,2,2010,2010
20100420,2010-04-20,3,Tuesday,20,4,April,2,2010,2010
20100421,2010-04-21,4,Wednesday,21,4,April,2,2010,2010
20100422,2010-04-22,5,Thursday,22,4,April,2,2010,2010
20100423,2010-04-23,6,Friday,23,4,April,2,2010,2010
20100424,2010-04-24,7,Saturday,24,4,April,2,2010,2010
20100425,2010-04-25,1,Sunday,25,4,April,2,2010,2010
20100426,2010-04-26,2,Monday,26,4,April,2,2010,2010
20100427,2010-04-27,3,Tuesday,27,4,April,2,2010,2010
20100428,2010-04-28,4,Wednesday,28,4,April,2,2010,2010
20100429,2010-04-29,5,Thursday,29,4,April,2,2010,2010
20100430,2010-04-30,6,Friday,30,4,April,2,2010,2010
20100501,2010-05-01,7,Saturday,1,5,May,2,2010,2010
20100502,2010-05-02,1,Sunday,2,5,May,2,2010,2010
20100503,2010-05-03,2,Monday,3,5,May,2,2010,2010
20100504,2010-05-04,3,Tuesday,4,5,May,2,2010,2010
20100505,2010-05-05,4,Wednesday,5,5,May,2,2010,2010
20100506,2010-05-06,5,Thursday,6,5,May,2,2010,2010
20100507,2010-05-07,6,Friday,7,5,May,2,2010,2010
20100508,2010-05-08,7,Saturday,8,5,May,2,2010,2010
20100509,2010-05-09,1,Sunday,9,5,May,2,2010,2010
20100510,2010-05-10,2,Monday,10,5,May,2,2010,2010
20100511,2010-05-11,3,Tuesday,11,5,May,2,2010,2010
20100512,2010-05-12,4,Wednesday,12,5,May,2,2010,2010
20100513,2010-05-13,5,Thursday,13,5,May,2,2010,2010
20100514,2010-05-14,6,Friday,14,5,May,2,2010,2010
20100515,2010-05-15,7,Saturday,15,5,May,2,2010,2010
20100516,2010-05-16,1,Sunday,16,5,May,2,2010,2010
20100517,2010-05-17,2,Monday,17,5,May,2,2010,2010
20100518,2010-05-18,3,Tuesday,18,5,May,2,2010,2010
20100519,2010-05-19,4,Wednesday,19,5,May,2,2010,2010
20100520,2010-05-20,5,Thursday,20,5,May,2,2010,2010
20100521,2010-05-21,6,Friday,21,5,May,2,2010,2010
20100522,2010-05-22,7,Saturday,22,5,May,2,2010,2010
20100523,2010-05-23,1,Sunday,23,5,May,2,2010,2010
20100524,2010-05-24,2,Monday,24,5,May,2,2010,2010
20100525,2010-05-25,3,Tuesday,25,5,May,2,2010,2010
20100526,2010-05-26,4,Wednesday,26,5,May,2,2010,2010
20100527,2010-05-27,5,Thursday,27,5,May,2,2010,2010
20100528,2010-05-28,6,Friday,28,5,May,2,2010,2010
20100529,2010-05-29,7,Saturday,29,5,May,2,2010,2010
20100530,2010-05-30,1,Sunday,30,5,May,2,2010,2010
20100531,2010-05-31,2,Monday,31,5,May,2,2010,2010
20100601,2010-06-01,3,Tuesday,1,6,June,2,2010,2010
20100602,2010-06-02,4,Wednesday,2,6,June,2,2010,2010
20100603,2010-06-03,5,Thursday,3,6,June,2,2010,2010
20100604,2010-06-04,6,Friday,4,6,June,2,2010,2010
20100605,2010-06-05,7,Saturday,5,6,June,2,2010,2010
20100606,2010-06-06,1,Sunday,6,6,June,2,2010,2010
20100607,2010-06-07,2,Monday,7,6,June,2,2010,2010
20100608,2010-06-08,3,Tuesday,8,6,June,2,2010,2010
20100609,2010-06-09,4,Wednesday,9,6,June,2,2010,2010
20100610,2010-06-10,5,Thursday,10,6,June,2,2010,2010
20100611,2010-06-11,6,Friday,11,6,June,2,2010,2010
20100612,2010-06-12,7,Saturday,12,6,June,2,2010,2010
20100613,2010-06-13,1,Sunday,13,6,June,2,2010,2010
20100614,2010-06-14,2,Monday,14,6,June,2,2010,2010
20100615,2010-06-15,3,Tuesday,15,6,June,2,2010,2010
20100616,2010-06-16,4,Wednesday,16,6,June,2,2010,2010
20100617,2010-06-17,5,Thursday,17,6,June,2,2010,2010
20100618,2010-06-18,6,Friday,18,6,June,2,2010,2010
20100619,2010-06-19,7,Saturday,19,6,June,2,2010,2010
20100620,2010-06-20,1,Sunday,20,6,June,2,2010,2010
20100621,2010-06-21,2,Monday,21,6,June,2,2010,2010
20100622,2010-06-22,3,Tuesday,22,6,June,2,2010,2010
20100623,2010-06-23,4,Wednesday,23,6,June,2,2010,2010
20100624,2010-06-24,5,Thursday,24,6,June,2,2010,2010
20100625,2010-06-25,6,Friday,25,6,June,2,2010,2010
20100626,2010-06-26,7,Saturday,26,6,June,2,2010,2010
20100627,2010-06-27,1,Sunday,27,6,June,2,2010,2010
20100628,2010-06-28,2,Monday,28,6,June,2,2010,2010
20100629,2010-06-29,3,Tuesday,29,6,June,2,2010,2010
20100630,2010-06-30,4,Wednesday,30,6,June,2,2010,2010
20100701,2010-07-01,5,Thursday,1,7,July,3,2010,2011
20100702,2010-07-02,6,Friday,2,7,July,3,2010,2011
20100703,2010-07-03,7,Saturday,3,7,July,3,2010,2011
20100704,2010-07-04,1,Sunday,4,7,July,3,2010,2011
20100705,2010-07-05,2,Monday,5,7,July,3,2010,2011
20100706,2010-07-06,3,Tuesday,6,7,July,3,2010,2011
20100707,2010-07-07,4,Wednesday,7,7,July,3,2010,2011
20100708,2010-07-08,5,Thursday,8,7,July,3,2010,2011
20100709,2010-07-09,6,Friday,9,7,July,3,2010,2011
20100710,2010-07-10,7,Saturday,10,7,July,3,2010,2011
20100711,2010-07-11,1,Sunday,11,7,July,3,2010,2011
20100712,2010-07-12,2,Monday,12,7,July,3,2010,2011
20100713,2010-07-13,3,Tuesday,13,7,July,3,2010,2011
20100714,2010-07-14,4,Wednesday,14,7,July,3,2010,2011
20100715,2010-07-15,5,Thursday,15,7,July,3,2010,2011
20100716,2010-07-16,6,Friday,16,7,July,3,2010,2011
20100717,2010-07-17,7,Saturday,17,7,July,3,2010,2011
20100718,2010-07-18,1,Sunday,18,7,July,3,2010,2011
20100719,2010-07-19,2,Monday,19,7,July,3,2010,2011
20100720,2010-07-20,3,Tuesday,20,7,July,3,2010,2011
20100721,2010-07-21,4,Wednesday,21,7,July,3,2010,2011
20100722,2010-07-22,5,Thursday,22,7,July,3,2010,2011
20100723,2010-07-23,6,Friday,23,7,July,3,2010,2011
20100724,2010-07-24,7,Saturday,24,7,July,3,2010,2011
20100725,2010-07-25,1,Sunday,25,7,July,3,2010,2011
20100726,2010-07-26,2,Monday,26,7,July,3,2010,2011
20100727,2010-07-27,3,Tuesday,27,7,July,3,2010,2011
20100728,2010-07-28,4,Wednesday,28,7,July,3,2010,2011
20100729,2010-07-29,5,Thursday,29,7,July,3,2010,2011
20100730,2010-07-30,6,Friday,30,7,July,3,2010,2011
20100731,2010-07-31,7,Saturday,31,7,July,3,2010,2011
20100801,2010-08-01,1,Sunday,1,8,August,3,2010,2011
20100802,2010-08-02,2,Monday,2,8,August,3,2010,2011
20100803,2010-08-03,3,Tuesday,3,8,August,3,2010,2011
20100804,2010-08-04,4,Wednesday,4,8,August,3,2010,2011
20100805,2010-08-05,5,Thursday,5,8,August,3,2010,2011
20100806,2010-08-06,6,Friday,6,8,August,3,2010,2011
20100807,2010-08-07,7,Saturday,7,8,August,3,2010,2011
20100808,2010-08-08,1,Sunday,8,8,August,3,2010,2011
20100809,2010-08-09,2,Monday,9,8,August,3,2010,2011
20100810,2010-08-10,3,Tuesday,10,8,August,3,2010,2011
20100811,2010-08-11,4,Wednesday,11,8,August,3,2010,2011
20100812,2010-08-12,5,Thursday,12,8,August,3,2010,2011
20100813,2010-08-13,6,Friday,13,8,August,3,2010,2011
20100814,2010-08-14,7,Saturday,14,8,August,3,2010,2011
20100815,2010-08-15,1,Sunday,15,8,August,3,2010,2011
20100816,2010-08-16,2,Monday,16,8,August,3,2010,2011
20100817,2010-08-17,3,Tuesday,17,8,August,3,2010,2011
20100818,2010-08-18,4,Wednesday,18,8,August,3,2010,2011
20100819,2010-08-19,5,Thursday,19,8,August,3,2010,2011
20100820,2010-08-20,6,Friday,20,8,August,3,2010,2011
20100821,2010-08-21,7,Saturday,21,8,August,3,2010,2011
20100822,2010-08-22,1,Sunday,22,8,August,3,2010,2011
20100823,2010-08-23,2,Monday,23,8,August,3,2010,2011
20100824,2010-08-24,3,Tuesday,24,8,August,3,2010,2011
20100825,2010-08-25,4,Wednesday,25,8,August,3,2010,2011
20100826,2010-08-26,5,Thursday,26,8,August,3,2010,2011
20100827,2010-08-27,6,Friday,27,8,August,3,2010,2011
20100828,2010-08-28,7,Saturday,28,8,August,3,2010,2011
20100829,2010-08-29,1,Sunday,29,8,August,3,2010,2011
20100830,2010-08-30,2,Monday,30,8,August,3,2010,2011
20100831,2010-08-31,3,Tuesday,31,8,August,3,2010,2011
20100901,2010-09-01,4,Wednesday,1,9,September,3,2010,2011
20100902,2010-09-02,5,Thursday,2,9,September,3,2010,2011
20100903,2010-09-03,6,Friday,3,9,September,3,2010,2011
20100904,2010-09-04,7,Saturday,4,9,September,3,2010,2011
20100905,2010-09-05,1,Sunday,5,9,September,3,2010,2011
20100906,2010-09-06,2,Monday,6,9,September,3,2010,2011
20100907,2010-09-07,3,Tuesday,7,9,September,3,2010,2011
20100908,2010-09-08,4,Wednesday,8,9,September,3,2010,2011
20100909,2010-09-09,5,Thursday,9,9,September,3,2010,2011
20100910,2010-09-10,6,Friday,10,9,September,3,2010,2011
20100911,2010-09-11,7,Saturday,11,9,September,3,2010,2011
20100912,2010-09-12,1,Sunday,12,9,September,3,2010,2011
20100913,2010-09-13,2,Monday,13,9,September,3,2010,2011
20100914,2010-09-14,3,Tuesday,14,9,September,3,2010,2011
20100915,2010-09-15,4,Wednesday,15,9,September,3,2010,2011
20100916,2010-09-16,5,Thursday,16,9,September,3,2010,2011
20100917,2010-09-17,6,Friday,17,9,September,3,2010,2011
20100918,2010-09-18,7,Saturday,18,9,September,3,2010,2011
20100919,2010-09-19,1,Sunday,19,9,September,3,2010,2011
20100920,2010-09-20,2,Monday,20,9,September,3,2010,2011
20100921,2010-09-21,3,Tuesday,21,9,September,3,2010,2011
20100922,2010-09-22,4,Wednesday,22,9,September,3,2010,2011
20100923,2010-09-23,5,Thursday,23,9,September,3,2010,2011
20100924,2010-09-24,6,Friday,24,9,September,3,2010,2011
20100925,2010-09-25,7,Saturday,25,9,September,3,2010,2011
20100926,2010-09-26,1,Sunday,26,9,September,3,2010,2011
20100927,2010-09-27,2,Monday,27,9,September,3,2010,2011
20100928,2010-09-28,3,Tuesday,28,9,September,3,2010,2011
20100929,2010-09-29,4,Wednesday,29,9,September,3,2010,2011
20100930,2010-09-30,5,Thursday,30,9,September,3,2010,2011
20101001,2010-10-01,6,Friday,1,10,October,4,2010,2011
20101002,2010-10-02,7,Saturday,2,10,October,4,2010,2011
20101003,2010-10-03,1,Sunday,3,10,October,4,2010,2011
20101004,2010-10-04,2,Monday,4,10,October,4,2010,2011
20101005,2010-10-05,3,Tuesday,5,10,October,4,2010,2011
20101006,2010-10-06,4,Wednesday,6,10,October,4,2010,2011
20101007,2010-10-07,5,Thursday,7,10,October,4,2010,2011
20101008,2010-10-08,6,Friday,8,10,October,4,2010,2011
20101009,2010-10-09,7,Saturday,9,10,October,4,2010,2011
20101010,2010-10-10,1,Sunday,10,10,October,4,2010,2011
20101011,2010-10-11,2,Monday,11,10,October,4,2010,2011
20101012,2010-10-12,3,Tuesday,12,10,October,4,2010,2011
20101013,2010-10-13,4,Wednesday,13,10,October,4,2010,2011
20101014,2010-10-14,5,Thursday,14,10,October,4,2010,2011
20101015,2010-10-15,6,Friday,15,10,October,4,2010,2011
20101016,2010-10-16,7,Saturday,16,10,October,4,2010,2011
20101017,2010-10-17,1,Sunday,17,10,October,4,2010,2011
20101018,2010-10-18,2,Monday,18,10,October,4,2010,2011
20101019,2010-10-19,3,Tuesday,19,10,October,4,2010,2011
20101020,2010-10-20,4,Wednesday,20,10,October,4,2010,2011
20101021,2010-10-21,5,Thursday,21,10,October,4,2010,2011
20101022,2010-10-22,6,Friday,22,10,October,4,2010,2011
20101023,2010-10-23,7,Saturday,23,10,October,4,2010,2011
20101024,2010-10-24,1,Sunday,24,10,October,4,2010,2011
20101025,2010-10-25,2,Monday,25,10,October,4,2010,2011
20101026,2010-10-26,3,Tuesday,26,10,October,4,2010,2011
20101027,2010-10-27,4,Wednesday,27,10,October,4,2010,2011
20101028,2010-10-28,5,Thursday,28,10,October,4,2010,2011
20101029,2010-10-29,6,Friday,29,10,October,4,2010,2011
20101030,2010-10-30,7,Saturday,30,10,October,4,2010,2011
20101031,2010-10-31,1,Sunday,31,10,October,4,2010,2011
20101101,2010-11-01,2,Monday,1,11,November,4,2010,2011
20101102,2010-11-02,3,Tuesday,2,11,November,4,2010,2011
20101103,2010-11-03,4,Wednesday,3,11,November,4,2010,2011
20101104,2010-11-04,5,Thursday,4,11,November,4,2010,2011
20101105,2010-11-05,6,Friday,5,11,November,4,2010,2011
20101106,2010-11-06,7,Saturday,6,11,November,4,2010,2011
20101107,2010-11-07,1,Sunday,7,11,November,4,2010,2011
20101108,2010-11-08,2,Monday,8,11,November,4,2010,2011
20101109,2010-11-09,3,Tuesday,9,11,November,4,2010,2011
20101110,2010-11-10,4,Wednesday,10,11,November,4,2010,2011
20101111,2010-11-11,5,Thursday,11,11,November,4,2010,2011
20101112,2010-11-12,6,Friday,12,11,November,4,2010,2011
20101113,2010-11-13,7,Saturday,13,11,November,4,2010,2011
20101114,2010-11-14,1,Sunday,14,11,November,4,2010,2011
20101115,2010-11-15,2,Monday,15,11,November,4,2010,2011
20101116,2010-11-16,3,Tuesday,16,11,November,4,2010,2011
20101117,2010-11-17,4,Wednesday,17,11,November,4,2010,2011
20101118,2010-11-18,5,Thursday,18,11,November,4,2010,2011
20101119,2010-11-19,6,Friday,19,11,November,4,2010,2011
20101120,2010-11-20,7,Saturday,20,11,November,4,2010,2011
20101121,2010-11-21,1,Sunday,21,11,November,4,2010,2011
20101122,2010-11-22,2,Monday,22,11,November,4,2010,2011
20101123,2010-11-23,3,Tuesday,23,11,November,4,2010,2011
20101124,2010-11-24,4,Wednesday,24,11,November,4,2010,2011
20101125,2010-11-25,5,Thursday,25,11,November,4,2010,2011
20101126,2010-11-26,6,Friday,26,11,November,4,2010,2011
20101127,2010-11-27,7,Saturday,27,11,November,4,2010,2011
20101128,2010-11-28,1,Sunday,28,11,November,4,2010,2011
20101129,2010-11-29,2,Monday,29,11,November,4,2010,2011
20101130,2010-11-30,3,Tuesday,30,11,November,4,2010,2011
20101201,2010-12-01,4,Wednesday,1,12,December,4,2010,2011
20101202,2010-12-02,5,Thursday,2,12,December,4,2010,2011
20101203,2010-12-03,6,Friday,3,12,December,4,2010,2011
20101204,2010-12-04,7,Saturday,4,12,December,4,2010,2011
20101205,2010-12-05,1,Sunday,5,12,December,4,2010,2011
20101206,2010-12-06,2,Monday,6,12,December,4,2010,2011
20101207,2010-12-07,3,Tuesday,7,12,December,4,2010,2011
20101208,2010-12-08,4,Wednesday,8,12,December,4,2010,2011
20101209,2010-12-09,5,Thursday,9,12,December,4,2010,2011
20101210,2010-12-10,6,Friday,10,12,December,4,2010,2011
20101211,2010-12-11,7,Saturday,11,12,December,4,2010,2011
20101212,2010-12-12,1,Sunday,12,12,December,4,2010,2011
20101213,2010-12-13,2,Monday,13,12,December,4,2010,2011
20101214,2010-12-14,3,Tuesday,14,12,December,4,2010,2011
20101215,2010-12-15,4,Wednesday,15,12,December,4,2010,2011
20101216,2010-12-16,5,Thursday,16,12,December,4,2010,2011
20101217,2010-12-17,6,Friday,17,12,December,4,2010,2011
20101218,2010-12-18,7,Saturday,18,12,December,4,2010,2011
20101219,2010-12-19,1,Sunday,19,12,December,4,2010,2011
20101220,2010-12-20,2,Monday,20,12,December,4,2010,2011
20101221,2010-12-21,3,Tuesday,21,12,December,4,2010,2011
20101222,2010-12-22,4,Wednesday,22,12,December,4,2010,2011
20101223,2010-12-23,5,Thursday,23,12,December,4,2010,2011
20101224,2010-12-24,6,Friday,24,12,December,4,2010,2011
20101225,2010-12-25,7,Saturday,25,12,December,4,2010,2011
20101226,2010-12-26,1,Sunday,26,12,December,4,2010,2011
20101227,2010-12-27,2,Monday,27,12,December,4,2010,2011
20101228,2010-12-28,3,Tuesday,28,12,December,4,2010,2011
20101229,2010-12-29,4,Wednesday,29,12,December,4,2010,2011
20101230,2010-12-30,5,Thursday,30,12,December,4,2010,2011
20101231,2010-12-31,6,Friday,31,12,December,4,2010,2011
