DateKey,ProductKey,UnitsBalance,UnitsIn,CostIn,UnitsOut,TotalOut
20050630,1,438.0,0.0,0.0,0.0,0.0
20050630,2,438.0,0.0,0.0,0.0,0.0
20050630,3,438.0,0.0,0.0,0.0,0.0
20050630,4,438.0,0.0,0.0,0.0,0.0
20050630,5,438.0,0.0,0.0,0.0,0.0
20050630,6,438.0,0.0,0.0,0.0,0.0
20050630,7,438.0,0.0,0.0,0.0,0.0
20050630,8,438.0,0.0,0.0,0.0,0.0
20050630,9,438.0,0.0,0.0,0.0,0.0
20050630,10,438.0,0.0,0.0,0.0,0.0
20050630,11,438.0,0.0,0.0,0.0,0.0
20050630,12,438.0,0.0,0.0,0.0,0.0
20050630,13,438.0,0.0,0.0,0.0,0.0
20050630,14,438.0,0.0,0.0,0.0,0.0
20050630,15,438.0,0.0,0.0,0.0,0.0
20050630,16,438.0,0.0,0.0,0.0,0.0
20050630,17,438.0,0.0,0.0,0.0,0.0
20050630,18,88.0,0.0,0.0,0.0,0.0
20050630,19,88.0,0.0,0.0,0.0,0.0
20050630,20,88.0,0.0,0.0,0.0,0.0
20050630,21,88.0,0.0,0.0,0.0,0.0
20050630,22,88.0,0.0,0.0,0.0,0.0
20050630,23,88.0,0.0,0.0,0.0,0.0
20050630,24,88.0,0.0,0.0,0.0,0.0
20050630,25,88.0,0.0,0.0,0.0,0.0
20050630,26,88.0,0.0,0.0,0.0,0.0
20050630,27,88.0,0.0,0.0,0.0,0.0
20050630,28,88.0,0.0,0.0,0.0,0.0
20050630,29,88.0,0.0,0.0,0.0,0.0
20050630,30,88.0,0.0,0.0,0.0,0.0
20050630,31,88.0,0.0,0.0,0.0,0.0
20050630,32,88.0,0.0,0.0,0.0,0.0
20050630,33,88.0,0.0,0.0,0.0,0.0
20050630,34,438.0,0.0,0.0,0.0,0.0
20050630,35,438.0,0.0,0.0,0.0,0.0
20050630,36,438.0,0.0,0.0,0.0,0.0
20050630,37,438.0,0.0,0.0,0.0,0.0
20050630,38,438.0,0.0,0.0,0.0,0.0
20050630,39,438.0,0.0,0.0,0.0,0.0
20050630,40,438.0,0.0,0.0,0.0,0.0
20050630,41,438.0,0.0,0.0,0.0,0.0
20050630,42,438.0,0.0,0.0,0.0,0.0
20050630,43,438.0,0.0,0.0,0.0,0.0
20050630,44,438.0,0.0,0.0,0.0,0.0
20050630,45,438.0,0.0,0.0,0.0,0.0
20050630,46,438.0,0.0,0.0,0.0,0.0
20050630,47,438.0,0.0,0.0,0.0,0.0
20050630,48,438.0,0.0,0.0,0.0,0.0
20050630,49,438.0,0.0,0.0,0.0,0.0
20050630,50,438.0,0.0,0.0,0.0,0.0
20050630,51,438.0,0.0,0.0,0.0,0.0
20050630,52,438.0,0.0,0.0,0.0,0.0
20050630,53,438.0,0.0,0.0,0.0,0.0
20050630,54,438.0,0.0,0.0,0.0,0.0
20050630,55,438.0,0.0,0.0,0.0,0.0
20050630,56,438.0,0.0,0.0,0.0,0.0
20050630,57,438.0,0.0,0.0,0.0,0.0
20050630,58,438.0,0.0,0.0,0.0,0.0
20050630,59,438.0,0.0,0.0,0.0,0.0
20050630,60,438.0,0.0,0.0,0.0,0.0
20050630,61,438.0,0.0,0.0,0.0,0.0
20050630,62,438.0,0.0,0.0,0.0,0.0
20050630,63,438.0,0.0,0.0,0.0,0.0
20050630,64,438.0,0.0,0.0,0.0,0.0
20050630,65,438.0,0.0,0.0,0.0,0.0
20050630,66,438.0,0.0,0.0,0.0,0.0
20050630,67,438.0,0.0,0.0,0.0,0.0
20050630,68,438.0,0.0,0.0,0.0,0.0
20050630,69,438.0,0.0,0.0,0.0,0.0
20050630,70,438.0,0.0,0.0,0.0,0.0
20050630,71,438.0,0.0,0.0,0.0,0.0
20050630,72,438.0,0.0,0.0,0.0,0.0
20050630,73,438.0,0.0,0.0,0.0,0.0
20050630,74,438.0,0.0,0.0,0.0,0.0
20050630,75,88.0,0.0,0.0,0.0,0.0
20050630,76,88.0,0.0,0.0,0.0,0.0
20050630,77,88.0,0.0,0.0,0.0,0.0
20050630,78,88.0,0.0,0.0,0.0,0.0
20050630,79,88.0,0.0,0.0,0.0,0.0
20050630,80,88.0,0.0,0.0,0.0,0.0
20050630,81,88.0,0.0,0.0,0.0,0.0
20050630,82,88.0,0.0,0.0,0.0,0.0
20050630,83,88.0,0.0,0.0,0.0,0.0
20050630,84,88.0,0.0,0.0,0.0,0.0
20050630,85,88.0,0.0,0.0,0.0,0.0
20050630,86,88.0,0.0,0.0,0.0,0.0
20050630,87,88.0,0.0,0.0,0.0,0.0
20050630,88,88.0,0.0,0.0,0.0,0.0
20050630,89,88.0,0.0,0.0,0.0,0.0
20050630,90,88.0,0.0,0.0,0.0,0.0
20050630,91,88.0,0.0,0.0,0.0,0.0
20050630,92,88.0,0.0,0.0,0.0,0.0
20050630,93,88.0,0.0,0.0,0.0,0.0
20050630,94,88.0,0.0,0.0,0.0,0.0
20050630,95,88.0,0.0,0.0,0.0,0.0
20050630,96,88.0,0.0,0.0,0.0,0.0
20050630,97,88.0,0.0,0.0,0.0,0.0
20050630,98,88.0,0.0,0.0,0.0,0.0
20050630,99,88.0,0.0,0.0,0.0,0.0
20050630,100,88.0,0.0,0.0,0.0,0.0
20050630,101,88.0,0.0,0.0,0.0,0.0
20050630,102,88.0,0.0,0.0,0.0,0.0
20050630,103,88.0,0.0,0.0,0.0,0.0
20050630,104,88.0,0.0,0.0,0.0,0.0
20050630,105,88.0,0.0,0.0,0.0,0.0
20050630,106,88.0,0.0,0.0,0.0,0.0
20050630,107,88.0,0.0,0.0,0.0,0.0
20050630,108,88.0,0.0,0.0,0.0,0.0
20050630,109,88.0,0.0,0.0,0.0,0.0
20050630,110,88.0,0.0,0.0,0.0,0.0
20050630,111,88.0,0.0,0.0,0.0,0.0
20050630,112,88.0,0.0,0.0,0.0,0.0
20050630,113,88.0,0.0,0.0,0.0,0.0
20050630,114,88.0,0.0,0.0,0.0,0.0
20050630,115,88.0,0.0,0.0,0.0,0.0
20050630,116,88.0,0.0,0.0,0.0,0.0
20050630,117,88.0,0.0,0.0,0.0,0.0
20050630,118,88.0,0.0,0.0,0.0,0.0
20070701,1,0.0,0.0,0.0,27.0,12733.2
20070701,2,0.0,0.0,0.0,32.0,15348.8
20070701,3,0.0,0.0,0.0,16.0,8209.28
20070701,6,0.0,0.0,0.0,45.0,5518.8
20070701,7,0.0,0.0,0.0,17.0,2187.39
20070701,9,0.0,0.0,0.0,24.0,3053.76
20070701,11,0.0,0.0,0.0,72.0,10239.84
20070701,12,0.0,0.0,0.0,23.0,8780.71
20070701,13,0.0,0.0,0.0,17.0,7303.37
20070701,14,0.0,0.0,0.0,45.0,17806.95
20070701,16,0.0,0.0,0.0,14.0,5765.2
20070701,17,0.0,0.0,0.0,52.0,22376.64
20070701,18,0.0,0.0,0.0,62.0,45034.32
20070701,19,0.0,0.0,0.0,43.0,30929.04
20070701,20,0.0,0.0,0.0,51.0,36624.12
20070701,21,0.0,0.0,0.0,62.0,42992.04
20070701,22,0.0,0.0,0.0,61.0,43967.58
20070701,23,0.0,0.0,0.0,38.0,25831.64
20070701,24,0.0,0.0,0.0,16.0,15959.2
20070701,25,0.0,0.0,0.0,52.0,52272.48
20070701,26,0.0,0.0,0.0,54.0,43710.84
20070701,27,0.0,0.0,0.0,37.0,31357.13
20070701,28,0.0,0.0,0.0,16.0,14747.84
20070701,29,0.0,0.0,0.0,48.0,20294.88
20070701,30,0.0,0.0,0.0,50.0,24473.0
20070701,31,0.0,0.0,0.0,38.0,20397.64
20070701,32,0.0,0.0,0.0,15.0,6690.6
20070701,33,0.0,0.0,0.0,61.0,25261.93
20070701,34,0.0,0.0,0.0,43.0,9926.12
20070701,35,0.0,0.0,0.0,23.0,5951.48
20070701,37,0.0,0.0,0.0,81.0,15096.78
20070701,38,0.0,0.0,0.0,44.0,10262.12
20070701,40,0.0,0.0,0.0,34.0,18394.0
20070701,41,0.0,0.0,0.0,20.0,11413.2
20070701,43,0.0,0.0,0.0,29.0,8916.34
20070701,44,0.0,0.0,0.0,38.0,4333.52
20070701,45,0.0,0.0,0.0,14.0,4548.18
20070701,46,0.0,0.0,0.0,16.0,5582.4
20070701,47,0.0,0.0,0.0,24.0,7724.64
20070701,48,0.0,0.0,0.0,12.0,3888.72
20070701,49,0.0,0.0,0.0,18.0,5185.98
20070701,50,0.0,0.0,0.0,57.0,17578.8
20070701,51,0.0,0.0,0.0,43.0,14406.29
20070701,52,0.0,0.0,0.0,24.0,2499.36
20070701,53,0.0,0.0,0.0,19.0,2352.77
20070701,55,0.0,0.0,0.0,1.0,101.98
20070701,56,0.0,0.0,0.0,25.0,2701.25
20070701,57,0.0,0.0,0.0,15.0,1532.55
20070701,59,0.0,0.0,0.0,5.0,597.4
20070701,60,0.0,0.0,0.0,2.0,210.74
20070701,61,0.0,0.0,0.0,94.0,10881.44
20070701,62,0.0,0.0,0.0,53.0,6354.17
20070701,63,0.0,0.0,0.0,31.0,3783.24
20070701,64,0.0,0.0,0.0,56.0,4429.04
20070701,65,0.0,0.0,0.0,29.0,2854.76
20070701,66,0.0,0.0,0.0,7.0,638.19
20070701,67,0.0,0.0,0.0,44.0,3415.72
20070701,68,0.0,0.0,0.0,38.0,2631.5
20070701,69,0.0,0.0,0.0,63.0,4870.53
20070701,70,0.0,0.0,0.0,33.0,3036.66
20070701,71,0.0,0.0,0.0,2.0,242.52
20070701,72,0.0,0.0,0.0,1.0,207.8
20070701,73,0.0,0.0,0.0,1.0,129.7
20070701,74,0.0,0.0,0.0,33.0,2955.15
20070701,75,0.0,0.0,0.0,45.0,17522.55
20070701,76,0.0,0.0,0.0,82.0,38726.96
20070701,77,0.0,0.0,0.0,32.0,20044.16
20070701,78,0.0,0.0,0.0,6.0,3723.06
20070701,79,0.0,0.0,0.0,55.0,25939.65
20070701,80,0.0,0.0,0.0,34.0,5836.1
20070701,81,0.0,0.0,0.0,25.0,4669.25
20070701,82,0.0,0.0,0.0,9.0,1765.98
20070701,83,0.0,0.0,0.0,56.0,9950.08
20070701,84,0.0,0.0,0.0,33.0,5995.11
20070701,85,0.0,0.0,0.0,33.0,5558.52
20070701,86,0.0,0.0,0.0,17.0,2909.38
20070701,87,0.0,0.0,0.0,50.0,8392.5
20070701,88,0.0,0.0,0.0,58.0,46915.62
20070701,89,0.0,0.0,0.0,28.0,19058.2
20070701,90,0.0,0.0,0.0,13.0,9491.04
20070701,91,0.0,0.0,0.0,57.0,42049.47
20070701,92,0.0,0.0,0.0,29.0,11699.76
20070701,93,0.0,0.0,0.0,7.0,2752.12
20070701,94,0.0,0.0,0.0,58.0,21707.66
20070701,95,0.0,0.0,0.0,112.0,78068.48
20070701,96,0.0,0.0,0.0,74.0,38267.62
20070701,97,0.0,0.0,0.0,23.0,15697.73
20070701,98,0.0,0.0,0.0,128.0,79680.0
20070701,99,0.0,0.0,0.0,44.0,11225.72
20070701,100,0.0,0.0,0.0,20.0,3760.8
20070701,101,0.0,0.0,0.0,62.0,9792.9
20070701,102,0.0,0.0,0.0,24.0,7595.76
20070701,103,0.0,0.0,0.0,31.0,8333.73
20070701,104,0.0,0.0,0.0,20.0,6329.2
20070701,105,0.0,0.0,0.0,20.0,5872.6
20070701,106,0.0,0.0,0.0,36.0,2731.68
20070701,107,0.0,0.0,0.0,34.0,2190.96
20070701,108,0.0,0.0,0.0,24.0,1928.88
20070701,109,0.0,0.0,0.0,24.0,1871.28
20070701,110,0.0,0.0,0.0,42.0,2608.62
20070701,111,0.0,0.0,0.0,21.0,4197.48
20070701,112,0.0,0.0,0.0,24.0,3811.44
20070701,113,0.0,0.0,0.0,19.0,3924.45
20070701,114,0.0,0.0,0.0,38.0,6586.92
20070701,115,0.0,0.0,0.0,10.0,2143.0
20070701,116,0.0,0.0,0.0,12.0,2562.36
20070701,117,0.0,0.0,0.0,118.0,22298.46
20070701,118,0.0,0.0,0.0,97.0,21186.74
20070702,11,0.0,94.0,13335.78,0.0,0.0
20070702,18,0.0,68.0,49353.04,0.0,0.0
20070702,19,0.0,49.0,35104.09,0.0,0.0
20070702,20,0.0,53.0,37873.8,1.0,714.6
20070702,21,0.0,69.0,47836.32,0.0,0.0
20070702,22,0.0,70.0,50550.5,0.0,0.0
20070702,23,0.0,49.0,33169.57,5.0,3384.65
20070702,24,0.0,15.0,14933.4,0.0,0.0
20070702,25,0.0,40.0,40326.0,0.0,0.0
20070702,26,0.0,52.0,41886.0,1.0,805.5
20070702,27,0.0,38.0,32269.22,0.0,0.0
20070702,28,0.0,9.0,8312.22,0.0,0.0
20070702,29,0.0,49.0,20771.59,0.0,0.0
20070702,30,0.0,59.0,28886.99,0.0,0.0
20070702,31,0.0,27.0,14562.45,0.0,0.0
20070702,32,0.0,16.0,7113.92,0.0,0.0
20070702,33,0.0,50.0,20779.0,1.0,415.58
20070702,37,0.0,86.0,15981.38,0.0,0.0
20070702,61,0.0,118.0,13672.66,0.0,0.0
20070702,75,0.0,57.0,22239.69,0.0,0.0
20070702,76,0.0,73.0,34500.53,0.0,0.0
20070702,77,0.0,36.0,22635.36,0.0,0.0
20070702,79,0.0,45.0,21250.8,0.0,0.0
20070702,80,0.0,38.0,6551.96,0.0,0.0
20070702,81,0.0,32.0,6002.88,0.0,0.0
20070702,83,0.0,59.0,10528.55,0.0,0.0
20070702,84,0.0,43.0,7807.94,0.0,0.0
20070702,85,0.0,33.0,5574.69,0.0,0.0
20070702,86,0.0,17.0,2903.26,0.0,0.0
20070702,87,0.0,58.0,9763.72,0.0,0.0
20070702,88,0.0,70.0,56859.6,1.0,812.28
20070702,89,0.0,27.0,18427.23,0.0,0.0
20070702,91,0.0,69.0,51064.83,0.0,0.0
20070702,92,0.0,31.0,12564.3,0.0,0.0
20070702,93,0.0,0.0,0.0,1.0,393.24
20070702,94,0.0,56.0,21053.76,0.0,0.0
20070702,95,0.0,113.0,78380.19,1.0,693.63
20070702,96,0.0,63.0,32536.35,0.0,0.0
20070702,97,0.0,24.0,16368.72,0.0,0.0
20070702,98,0.0,119.0,73981.11,0.0,0.0
20070702,99,0.0,40.0,10193.2,0.0,0.0
20070702,100,0.0,14.0,2641.8,0.0,0.0
20070702,101,0.0,51.0,8094.72,0.0,0.0
20070702,102,0.0,27.0,8532.54,0.0,0.0
20070702,103,0.0,19.0,5108.34,1.0,268.86
20070702,104,0.0,8.0,2529.12,0.0,0.0
20070702,105,0.0,21.0,6166.86,0.0,0.0
20070702,106,0.0,36.0,2741.76,0.0,0.0
20070702,107,0.0,31.0,2004.46,0.0,0.0
20070702,108,0.0,26.0,2095.08,0.0,0.0
20070702,109,0.0,29.0,2261.13,0.0,0.0
20070702,110,0.0,51.0,3175.26,0.0,0.0
20070702,111,0.0,22.0,4390.32,0.0,0.0
20070702,112,0.0,17.0,2687.36,0.0,0.0
20070702,113,0.0,31.0,6396.54,0.0,0.0
20070702,114,0.0,43.0,7438.57,0.0,0.0
20070702,116,0.0,0.0,0.0,1.0,213.51
20070702,117,0.0,113.0,21263.21,0.0,0.0
20070702,118,0.0,93.0,20251.68,1.0,217.76
20070703,18,0.0,0.0,0.0,1.0,728.54
20070703,19,0.0,0.0,0.0,2.0,1427.52
20070703,20,0.0,0.0,0.0,1.0,711.95
20070703,22,0.0,0.0,0.0,3.0,2167.77
20070703,24,0.0,0.0,0.0,2.0,1987.14
20070703,25,0.0,0.0,0.0,1.0,1006.34
20070703,30,0.0,0.0,0.0,1.0,490.68
20070703,33,0.0,0.0,0.0,1.0,417.12
20070703,75,0.0,0.0,0.0,1.0,391.3
20070703,80,0.0,0.0,0.0,1.0,172.7
20070703,91,0.0,0.0,0.0,1.0,738.15
20070703,92,0.0,0.0,0.0,1.0,404.94
20070703,99,0.0,0.0,0.0,1.0,255.72
20070703,108,0.0,0.0,0.0,1.0,80.99
20070703,111,0.0,0.0,0.0,1.0,199.46
20070703,116,0.0,0.0,0.0,1.0,213.36
20070703,117,0.0,0.0,0.0,1.0,189.09
20070704,18,0.0,0.0,0.0,2.0,1450.22
20070704,19,0.0,0.0,0.0,1.0,715.47
20070704,20,0.0,0.0,0.0,1.0,710.24
20070704,21,0.0,0.0,0.0,3.0,2066.37
20070704,22,0.0,0.0,0.0,1.0,725.55
20070704,23,0.0,0.0,0.0,1.0,676.12
20070704,27,0.0,0.0,0.0,2.0,1705.68
20070704,28,0.0,0.0,0.0,1.0,915.93
20070704,32,0.0,0.0,0.0,1.0,440.93
20070704,77,0.0,0.0,0.0,2.0,1261.8
20070704,86,0.0,0.0,0.0,1.0,170.86
20070704,89,0.0,0.0,0.0,1.0,681.26
20070704,96,0.0,0.0,0.0,1.0,517.84
20070704,98,0.0,0.0,0.0,1.0,624.99
20070704,99,0.0,0.0,0.0,1.0,254.49
20070704,116,0.0,21.0,4484.97,1.0,213.57
20070704,117,0.0,0.0,0.0,1.0,189.98
20070704,118,0.0,0.0,0.0,1.0,218.22
20070705,18,0.0,0.0,0.0,1.0,724.1
20070705,22,0.0,0.0,0.0,1.0,728.67
20070705,23,0.0,0.0,0.0,1.0,675.3
20070705,24,0.0,0.0,0.0,1.0,993.06
20070705,25,0.0,0.0,0.0,1.0,1004.61
20070705,26,0.0,0.0,0.0,1.0,813.82
20070705,27,0.0,0.0,0.0,2.0,1710.12
20070705,29,0.0,0.0,0.0,1.0,423.57
20070705,31,0.0,0.0,0.0,2.0,1082.26
20070705,88,0.0,0.0,0.0,1.0,804.19
20070705,90,0.0,0.0,0.0,1.0,727.02
20070705,93,0.0,0.0,0.0,1.0,390.89
20070705,107,0.0,0.0,0.0,1.0,64.12
20070706,21,0.0,0.0,0.0,1.0,690.58
20070706,22,0.0,0.0,0.0,1.0,726.7
20070706,23,0.0,0.0,0.0,2.0,1345.88
20070706,25,0.0,15.0,15009.0,0.0,0.0
20070706,79,0.0,0.0,0.0,1.0,471.34
20070706,90,0.0,9.0,6567.39,0.0,0.0
20070706,103,0.0,0.0,0.0,1.0,266.63
20070707,21,0.0,0.0,0.0,3.0,2070.48
20070707,22,0.0,0.0,0.0,1.0,723.58
20070707,23,0.0,0.0,0.0,1.0,674.69
20070707,24,0.0,0.0,0.0,2.0,1977.38
20070707,25,0.0,0.0,0.0,1.0,1003.1
20070707,26,0.0,0.0,0.0,1.0,811.95
20070707,27,0.0,0.0,0.0,1.0,855.48
20070707,31,0.0,0.0,0.0,1.0,541.45
20070707,80,0.0,0.0,0.0,1.0,172.19
20070707,84,0.0,0.0,0.0,1.0,180.64
20070707,96,0.0,0.0,0.0,1.0,516.39
20070707,97,0.0,0.0,0.0,2.0,1381.62
20070707,103,0.0,20.0,5338.4,0.0,0.0
20070707,116,0.0,0.0,0.0,1.0,213.87
20070708,18,0.0,0.0,0.0,2.0,1439.52
20070708,19,0.0,0.0,0.0,1.0,717.18
20070708,20,0.0,0.0,0.0,2.0,1422.18
20070708,21,0.0,0.0,0.0,1.0,688.23
20070708,23,0.0,0.0,0.0,1.0,671.65
20070708,25,0.0,0.0,0.0,1.0,1006.51
20070708,29,0.0,0.0,0.0,1.0,422.85
20070708,31,0.0,20.0,10851.8,0.0,0.0
20070708,88,0.0,0.0,0.0,1.0,802.01
20070708,89,0.0,0.0,0.0,1.0,678.6
20070708,103,0.0,0.0,0.0,1.0,266.02
20070708,106,0.0,0.0,0.0,1.0,76.47
20070708,117,0.0,0.0,0.0,1.0,189.17
20070708,118,0.0,0.0,0.0,1.0,218.56
20070709,18,0.0,0.0,0.0,2.0,1438.08
20070709,19,0.0,0.0,0.0,2.0,1436.66
20070709,22,0.0,0.0,0.0,1.0,723.43
20070709,26,0.0,0.0,0.0,1.0,811.93
20070709,29,0.0,0.0,0.0,1.0,422.09
20070709,32,0.0,0.0,0.0,1.0,443.13
20070709,76,0.0,0.0,0.0,1.0,466.03
20070709,79,0.0,0.0,0.0,1.0,471.86
20070709,89,0.0,0.0,0.0,1.0,681.52
20070709,93,0.0,0.0,0.0,1.0,390.85
20070709,95,0.0,0.0,0.0,2.0,1401.56
20070709,102,0.0,0.0,0.0,1.0,318.13
20070709,107,0.0,0.0,0.0,1.0,64.52
20070709,113,0.0,0.0,0.0,1.0,205.41
20070709,114,0.0,0.0,0.0,1.0,171.57
20070709,116,0.0,0.0,0.0,1.0,212.91
20070709,117,0.0,0.0,0.0,1.0,189.34
20070709,118,0.0,0.0,0.0,1.0,218.4
20070710,18,0.0,0.0,0.0,3.0,2164.23
20070710,25,0.0,0.0,0.0,1.0,1004.69
20070710,26,0.0,0.0,0.0,1.0,810.31
20070710,29,0.0,0.0,0.0,1.0,420.52
20070710,31,0.0,0.0,0.0,1.0,547.16
20070710,79,0.0,0.0,0.0,1.0,470.06
20070710,86,0.0,0.0,0.0,2.0,348.48
20070710,93,0.0,0.0,0.0,1.0,391.51
20070710,116,0.0,0.0,0.0,3.0,636.54
20070710,117,0.0,0.0,0.0,1.0,188.94
20070711,19,0.0,0.0,0.0,1.0,718.1
20070711,21,0.0,0.0,0.0,2.0,1385.84
20070711,22,0.0,0.0,0.0,3.0,2164.41
20070711,23,0.0,0.0,0.0,3.0,2031.93
20070711,26,0.0,0.0,0.0,2.0,1624.34
20070711,27,0.0,0.0,0.0,2.0,1719.68
20070711,28,0.0,0.0,0.0,1.0,910.34
20070711,29,0.0,0.0,0.0,2.0,838.86
20070711,30,0.0,0.0,0.0,1.0,495.5
20070711,94,0.0,0.0,0.0,2.0,742.7
20070711,96,0.0,0.0,0.0,1.0,517.99
20070711,99,0.0,0.0,0.0,1.0,254.89
20070711,104,0.0,0.0,0.0,1.0,315.65
20070711,118,0.0,0.0,0.0,1.0,218.69
20070712,20,0.0,0.0,0.0,1.0,713.21
20070712,21,0.0,0.0,0.0,1.0,695.62
20070712,24,0.0,0.0,0.0,1.0,980.7
20070712,26,0.0,0.0,0.0,1.0,812.26
20070712,33,0.0,0.0,0.0,1.0,416.22
20070712,88,0.0,0.0,0.0,1.0,797.68
20070712,90,0.0,0.0,0.0,1.0,720.83
20070712,96,0.0,14.0,7238.14,1.0,517.01
20070712,98,0.0,0.0,0.0,1.0,613.69
20070712,99,0.0,0.0,0.0,1.0,255.07
20070712,105,0.0,0.0,0.0,1.0,294.82
20070712,111,0.0,0.0,0.0,1.0,200.19
20070712,116,0.0,0.0,0.0,1.0,212.25
20070712,117,0.0,0.0,0.0,1.0,189.2
20070712,118,0.0,0.0,0.0,1.0,218.51
20070713,18,0.0,0.0,0.0,1.0,717.81
20070713,19,0.0,0.0,0.0,2.0,1445.98
20070713,21,0.0,0.0,0.0,1.0,698.89
20070713,22,0.0,0.0,0.0,2.0,1445.68
20070713,23,0.0,0.0,0.0,1.0,683.01
20070713,24,0.0,0.0,0.0,2.0,1967.88
20070713,28,0.0,0.0,0.0,1.0,907.97
20070713,30,0.0,0.0,0.0,1.0,495.64
20070713,33,0.0,10.0,4180.9,0.0,0.0
20070713,94,0.0,0.0,0.0,1.0,370.23
20070713,99,0.0,0.0,0.0,1.0,255.56
20070713,101,0.0,0.0,0.0,1.0,160.52
20070713,102,0.0,0.0,0.0,1.0,317.78
20070713,106,0.0,0.0,0.0,1.0,76.86
20070713,112,0.0,0.0,0.0,1.0,157.82
20070714,18,0.0,0.0,0.0,1.0,717.59
20070714,19,0.0,0.0,0.0,1.0,725.66
20070714,21,0.0,0.0,0.0,1.0,697.35
20070714,24,0.0,0.0,0.0,1.0,985.71
20070714,25,0.0,0.0,0.0,2.0,2022.24
20070714,26,0.0,0.0,0.0,1.0,816.56
20070714,28,0.0,0.0,0.0,1.0,908.88
20070714,33,0.0,0.0,0.0,1.0,416.17
20070714,80,0.0,0.0,0.0,1.0,173.9
20070714,81,0.0,0.0,0.0,1.0,187.81
20070714,88,0.0,0.0,0.0,1.0,796.24
20070714,99,0.0,0.0,0.0,2.0,509.78
20070714,103,0.0,0.0,0.0,1.0,266.19
20070714,117,0.0,0.0,0.0,1.0,188.09
20070715,18,0.0,0.0,0.0,1.0,715.65
20070715,19,0.0,0.0,0.0,1.0,725.23
20070715,22,0.0,0.0,0.0,1.0,718.51
20070715,23,0.0,0.0,0.0,3.0,2059.5
20070715,24,0.0,0.0,0.0,1.0,984.13
20070715,26,0.0,0.0,0.0,1.0,818.77
20070715,28,0.0,0.0,0.0,1.0,910.88
20070715,30,0.0,0.0,0.0,1.0,496.58
20070715,76,0.0,0.0,0.0,1.0,465.64
20070715,99,0.0,0.0,0.0,1.0,255.73
20070715,100,0.0,0.0,0.0,1.0,188.45
20070715,104,0.0,0.0,0.0,1.0,317.61
20070715,107,0.0,0.0,0.0,1.0,64.25
20070715,113,0.0,0.0,0.0,1.0,205.36
20070715,115,0.0,0.0,0.0,1.0,213.81
20070715,116,0.0,0.0,0.0,1.0,211.93
20070715,118,0.0,0.0,0.0,1.0,219.8
20070716,18,0.0,0.0,0.0,1.0,717.01
20070716,20,0.0,0.0,0.0,1.0,717.27
20070716,22,0.0,0.0,0.0,2.0,1440.9
20070716,23,0.0,0.0,0.0,1.0,683.82
20070716,27,0.0,0.0,0.0,2.0,1730.52
20070716,29,0.0,0.0,0.0,1.0,417.54
20070716,81,0.0,0.0,0.0,1.0,187.75
20070716,91,0.0,0.0,0.0,1.0,738.78
20070716,93,0.0,0.0,0.0,1.0,393.04
20070716,104,0.0,25.0,7931.5,0.0,0.0
20070716,116,0.0,0.0,0.0,1.0,212.9
20070716,117,0.0,0.0,0.0,2.0,375.24
20070717,18,0.0,0.0,0.0,3.0,2150.61
20070717,20,0.0,0.0,0.0,2.0,1432.1
20070717,23,0.0,0.0,0.0,1.0,686.69
20070717,25,0.0,0.0,0.0,1.0,1014.05
20070717,27,0.0,0.0,0.0,1.0,868.72
20070717,30,0.0,0.0,0.0,1.0,494.5
20070717,31,0.0,0.0,0.0,1.0,551.59
20070717,75,0.0,0.0,0.0,1.0,395.69
20070717,89,0.0,0.0,0.0,1.0,686.69
20070717,94,0.0,0.0,0.0,1.0,371.89
20070717,97,0.0,0.0,0.0,1.0,691.54
20070717,117,0.0,21.0,3930.15,1.0,187.15
20070717,118,0.0,0.0,0.0,1.0,219.99
20070718,21,0.0,0.0,0.0,1.0,699.86
20070718,27,0.0,0.0,0.0,1.0,872.28
20070718,28,0.0,0.0,0.0,1.0,911.68
20070718,29,0.0,0.0,0.0,1.0,418.54
20070718,79,0.0,0.0,0.0,1.0,466.31
20070718,95,0.0,0.0,0.0,2.0,1408.66
20070718,97,0.0,0.0,0.0,1.0,690.3
20070718,101,0.0,0.0,0.0,1.0,161.19
20070719,21,0.0,0.0,0.0,1.0,702.31
20070719,23,0.0,0.0,0.0,1.0,686.97
20070719,32,0.0,0.0,0.0,1.0,441.77
20070719,75,0.0,0.0,0.0,1.0,393.95
20070719,76,0.0,0.0,0.0,1.0,469.94
20070719,79,0.0,5.0,2334.35,0.0,0.0
20070719,96,0.0,0.0,0.0,2.0,1042.7
20070719,98,0.0,0.0,0.0,1.0,612.33
20070719,99,0.0,0.0,0.0,1.0,258.17
20070719,116,0.0,0.0,0.0,1.0,213.66
20070719,117,0.0,0.0,0.0,2.0,375.8
20070719,118,0.0,0.0,0.0,1.0,220.08
20070720,18,0.0,0.0,0.0,2.0,1429.0
20070720,21,0.0,0.0,0.0,3.0,2100.18
20070720,23,0.0,0.0,0.0,1.0,683.81
20070720,24,0.0,0.0,0.0,3.0,2944.68
20070720,25,0.0,0.0,0.0,2.0,2022.42
20070720,27,0.0,0.0,0.0,1.0,868.88
20070720,31,0.0,0.0,0.0,1.0,555.34
20070720,32,0.0,0.0,0.0,1.0,441.24
20070720,33,0.0,0.0,0.0,1.0,412.27
20070720,89,0.0,0.0,0.0,1.0,680.12
20070720,92,0.0,0.0,0.0,1.0,411.6
20070720,95,0.0,0.0,0.0,1.0,698.57
20070720,97,0.0,0.0,0.0,1.0,688.85
20070720,100,0.0,0.0,0.0,1.0,188.42
20070720,109,0.0,0.0,0.0,1.0,76.59
20070720,110,0.0,0.0,0.0,1.0,62.8
20070720,116,0.0,0.0,0.0,1.0,214.33
20070720,118,0.0,0.0,0.0,1.0,220.96
20070721,18,0.0,21.0,14970.06,0.0,0.0
20070721,23,0.0,0.0,0.0,1.0,685.31
20070721,24,0.0,21.0,20608.56,0.0,0.0
20070721,90,0.0,0.0,0.0,1.0,720.87
20070721,95,0.0,0.0,0.0,1.0,695.29
20070721,100,0.0,0.0,0.0,1.0,189.14
20070721,102,0.0,0.0,0.0,1.0,313.01
20070721,105,0.0,0.0,0.0,1.0,298.31
20070721,111,0.0,0.0,0.0,1.0,198.07
20070721,117,0.0,0.0,0.0,1.0,186.51
20070721,118,0.0,8.0,1776.16,1.0,222.02
20070722,18,0.0,0.0,0.0,4.0,2840.32
20070722,25,0.0,0.0,0.0,2.0,2034.16
20070722,27,0.0,0.0,0.0,1.0,867.74
20070722,28,0.0,0.0,0.0,1.0,915.67
20070722,30,0.0,0.0,0.0,1.0,493.5
20070722,33,0.0,0.0,0.0,1.0,411.07
20070722,81,0.0,0.0,0.0,1.0,185.57
20070722,89,0.0,0.0,0.0,1.0,679.97
20070722,97,0.0,0.0,0.0,1.0,687.33
20070722,99,0.0,0.0,0.0,1.0,258.37
20070722,105,0.0,0.0,0.0,1.0,299.44
20070722,106,0.0,0.0,0.0,1.0,76.58
20070722,116,0.0,0.0,0.0,1.0,214.24
20070723,18,0.0,0.0,0.0,2.0,1425.4
20070723,23,0.0,0.0,0.0,1.0,685.23
20070723,26,0.0,0.0,0.0,2.0,1649.0
20070723,27,0.0,0.0,0.0,1.0,867.39
20070723,28,0.0,7.0,6420.61,1.0,917.23
20070723,30,0.0,0.0,0.0,1.0,493.15
20070723,31,0.0,0.0,0.0,1.0,556.72
20070723,32,0.0,0.0,0.0,2.0,880.7
20070723,91,0.0,0.0,0.0,1.0,740.59
20070723,95,0.0,0.0,0.0,2.0,1388.88
20070723,99,0.0,21.0,5444.88,0.0,0.0
20070723,117,0.0,0.0,0.0,1.0,186.37
20070724,18,0.0,0.0,0.0,2.0,1431.24
20070724,19,0.0,0.0,0.0,2.0,1454.74
20070724,20,0.0,0.0,0.0,1.0,710.04
20070724,21,0.0,0.0,0.0,1.0,704.32
20070724,22,0.0,0.0,0.0,1.0,714.05
20070724,23,0.0,0.0,0.0,1.0,682.83
20070724,24,0.0,0.0,0.0,3.0,2923.5
20070724,25,0.0,0.0,0.0,2.0,2028.48
20070724,26,0.0,26.0,21494.98,1.0,826.73
20070724,32,0.0,0.0,0.0,1.0,442.55
20070724,33,0.0,0.0,0.0,1.0,411.36
20070724,75,0.0,0.0,0.0,1.0,397.74
20070724,87,0.0,0.0,0.0,1.0,171.53
20070724,91,0.0,0.0,0.0,1.0,740.67
20070724,99,0.0,0.0,0.0,2.0,521.04
20070724,101,0.0,0.0,0.0,1.0,162.4
20070724,104,0.0,0.0,0.0,1.0,315.39
20070724,110,0.0,0.0,0.0,1.0,62.76
20070724,113,0.0,0.0,0.0,1.0,203.51
20070724,116,0.0,0.0,0.0,1.0,213.51
20070724,117,0.0,0.0,0.0,1.0,186.45
20070724,118,0.0,0.0,0.0,1.0,222.46
20070725,19,0.0,0.0,0.0,1.0,730.79
20070725,20,0.0,0.0,0.0,1.0,708.34
20070725,21,0.0,0.0,0.0,1.0,706.29
20070725,22,0.0,0.0,0.0,1.0,714.12
20070725,23,0.0,15.0,10233.3,1.0,682.22
20070725,26,0.0,0.0,0.0,1.0,825.98
20070725,27,0.0,0.0,0.0,2.0,1739.98
20070725,29,0.0,0.0,0.0,1.0,416.86
20070725,75,0.0,0.0,0.0,1.0,395.87
20070725,99,0.0,0.0,0.0,1.0,260.91
20070725,101,0.0,19.0,3071.16,0.0,0.0
20070725,116,0.0,0.0,0.0,2.0,428.82
20070725,117,0.0,0.0,0.0,1.0,186.8
20070725,118,0.0,0.0,0.0,1.0,222.4
20070726,18,0.0,0.0,0.0,1.0,721.58
20070726,19,0.0,0.0,0.0,3.0,2181.63
20070726,20,0.0,0.0,0.0,1.0,707.42
20070726,21,0.0,0.0,0.0,3.0,2121.84
20070726,25,0.0,0.0,0.0,1.0,1009.88
20070726,26,0.0,0.0,0.0,1.0,823.42
20070726,27,0.0,8.0,6939.04,1.0,867.38
20070726,75,0.0,0.0,0.0,1.0,394.28
20070726,77,0.0,0.0,0.0,1.0,626.08
20070726,90,0.0,0.0,0.0,1.0,732.11
20070726,91,0.0,0.0,0.0,1.0,741.63
20070726,94,0.0,0.0,0.0,1.0,373.22
20070726,99,0.0,0.0,0.0,1.0,260.91
20070726,116,0.0,0.0,0.0,1.0,215.14
20070727,19,0.0,0.0,0.0,2.0,1460.24
20070727,21,0.0,10.0,7086.3,0.0,0.0
20070727,23,0.0,0.0,0.0,1.0,680.71
20070727,78,0.0,0.0,0.0,1.0,627.44
20070727,95,0.0,0.0,0.0,1.0,696.59
20070727,97,0.0,0.0,0.0,1.0,688.4
20070727,98,0.0,0.0,0.0,1.0,614.95
20070727,99,0.0,0.0,0.0,1.0,259.76
20070727,101,0.0,0.0,0.0,2.0,321.5
20070727,102,0.0,0.0,0.0,1.0,311.44
20070727,105,0.0,0.0,0.0,1.0,302.29
20070727,116,0.0,0.0,0.0,1.0,215.35
20070727,117,0.0,0.0,0.0,1.0,186.76
20070727,118,0.0,0.0,0.0,1.0,222.24
20070728,19,0.0,0.0,0.0,1.0,730.19
20070728,24,0.0,0.0,0.0,1.0,982.29
20070728,27,0.0,0.0,0.0,1.0,867.54
20070728,29,0.0,0.0,0.0,2.0,838.72
20070728,30,0.0,0.0,0.0,1.0,485.26
20070728,31,0.0,0.0,0.0,1.0,560.62
20070728,78,0.0,0.0,0.0,1.0,625.49
20070728,80,0.0,0.0,0.0,1.0,174.19
20070728,98,0.0,0.0,0.0,2.0,1229.28
20070728,99,0.0,0.0,0.0,1.0,258.86
20070728,105,0.0,0.0,0.0,1.0,301.36
20070728,108,0.0,0.0,0.0,2.0,158.42
20070728,112,0.0,0.0,0.0,1.0,160.59
20070729,18,0.0,0.0,0.0,1.0,721.93
20070729,19,0.0,22.0,16136.56,1.0,733.48
20070729,20,0.0,0.0,0.0,1.0,704.45
20070729,21,0.0,0.0,0.0,3.0,2137.59
20070729,22,0.0,0.0,0.0,1.0,715.32
20070729,23,0.0,0.0,0.0,2.0,1361.42
20070729,25,0.0,0.0,0.0,2.0,2015.9
20070729,27,0.0,0.0,0.0,1.0,865.64
20070729,28,0.0,0.0,0.0,1.0,920.32
20070729,31,0.0,0.0,0.0,1.0,559.05
20070729,76,0.0,0.0,0.0,1.0,464.68
20070729,77,0.0,0.0,0.0,1.0,627.32
20070729,79,0.0,0.0,0.0,1.0,473.14
20070729,87,0.0,0.0,0.0,1.0,171.6
20070729,96,0.0,0.0,0.0,1.0,516.2
20070729,98,0.0,6.0,3698.88,0.0,0.0
20070729,103,0.0,0.0,0.0,1.0,267.48
20070729,105,0.0,0.0,0.0,2.0,605.0
20070729,109,0.0,0.0,0.0,1.0,77.26
20070729,117,0.0,0.0,0.0,1.0,186.88
20070729,118,0.0,0.0,0.0,1.0,222.55
20070730,18,0.0,0.0,0.0,3.0,2169.69
20070730,20,0.0,0.0,0.0,1.0,705.08
20070730,25,0.0,19.0,19057.19,1.0,1003.01
20070730,28,0.0,0.0,0.0,1.0,921.79
20070730,76,0.0,0.0,0.0,1.0,463.24
20070730,87,0.0,0.0,0.0,1.0,171.62
20070730,97,0.0,0.0,0.0,1.0,692.13
20070730,102,0.0,0.0,0.0,1.0,312.47
20070730,116,0.0,0.0,0.0,1.0,215.39
20070730,117,0.0,0.0,0.0,1.0,186.84
20070731,19,0.0,0.0,0.0,1.0,736.63
20070731,20,0.0,0.0,0.0,1.0,702.9
20070731,21,0.0,0.0,0.0,2.0,1421.92
20070731,22,0.0,0.0,0.0,1.0,714.66
20070731,23,0.0,0.0,0.0,1.0,682.34
20070731,25,0.0,0.0,0.0,3.0,3003.33
20070731,28,0.0,0.0,0.0,1.0,925.29
20070731,32,0.0,0.0,0.0,1.0,441.96
20070731,75,0.0,0.0,0.0,1.0,392.55
20070731,76,0.0,20.0,9270.4,0.0,0.0
20070731,80,0.0,0.0,0.0,1.0,175.36
20070731,90,0.0,0.0,0.0,1.0,735.24
20070731,92,0.0,0.0,0.0,1.0,410.05
20070731,99,0.0,0.0,0.0,1.0,257.97
20070731,100,0.0,0.0,0.0,1.0,187.42
20070731,113,0.0,0.0,0.0,1.0,205.24
20070801,1,0.0,0.0,0.0,54.0,24883.2
20070801,2,0.0,0.0,0.0,46.0,22023.42
20070801,3,0.0,0.0,0.0,18.0,9031.5
20070801,6,0.0,0.0,0.0,51.0,6172.02
20070801,7,0.0,0.0,0.0,17.0,2270.86
20070801,9,0.0,0.0,0.0,13.0,1640.86
20070801,11,0.0,0.0,0.0,97.0,13953.45
20070801,12,0.0,0.0,0.0,49.0,18786.6
20070801,13,0.0,0.0,0.0,27.0,11653.47
20070801,14,0.0,0.0,0.0,44.0,17255.04
20070801,16,0.0,0.0,0.0,34.0,14103.2
20070801,17,0.0,0.0,0.0,56.0,23391.2
20070801,18,0.0,0.0,0.0,82.0,59026.06
20070801,19,0.0,0.0,0.0,96.0,70921.92
20070801,20,0.0,0.0,0.0,84.0,59178.84
20070801,21,0.0,0.0,0.0,153.0,108755.46
20070801,22,0.0,0.0,0.0,94.0,67077.46
20070801,23,0.0,0.0,0.0,69.0,46968.99
20070801,24,0.0,0.0,0.0,39.0,38720.76
20070801,25,0.0,0.0,0.0,74.0,73882.34
20070801,26,0.0,0.0,0.0,61.0,50193.24
20070801,27,0.0,0.0,0.0,55.0,47728.45
20070801,28,0.0,0.0,0.0,42.0,38788.68
20070801,29,0.0,0.0,0.0,67.0,28203.65
20070801,30,0.0,0.0,0.0,70.0,34070.4
20070801,31,0.0,0.0,0.0,58.0,32554.82
20070801,32,0.0,0.0,0.0,42.0,18608.52
20070801,33,0.0,0.0,0.0,67.0,27576.53
20070801,34,0.0,0.0,0.0,58.0,12991.42
20070801,35,0.0,0.0,0.0,18.0,4649.76
20070801,37,0.0,0.0,0.0,125.0,23578.75
20070801,38,0.0,0.0,0.0,53.0,12624.6
20070801,40,0.0,0.0,0.0,49.0,26229.21
20070801,41,0.0,0.0,0.0,19.0,10915.88
20070801,43,0.0,0.0,0.0,50.0,15431.0
20070801,44,0.0,0.0,0.0,43.0,4831.05
20070801,45,0.0,0.0,0.0,21.0,6950.16
20070801,46,0.0,0.0,0.0,13.0,4598.62
20070801,47,0.0,0.0,0.0,92.0,29658.96
20070801,48,0.0,0.0,0.0,22.0,7349.76
20070801,49,0.0,0.0,0.0,12.0,3527.16
20070801,50,0.0,0.0,0.0,62.0,18781.66
20070801,51,0.0,0.0,0.0,37.0,12389.82
20070801,52,0.0,0.0,0.0,58.0,6034.9
20070801,53,0.0,0.0,0.0,25.0,3111.25
20070801,54,0.0,0.0,0.0,4.0,411.84
20070801,55,0.0,0.0,0.0,9.0,900.72
20070801,56,0.0,0.0,0.0,62.0,6720.8
20070801,57,0.0,0.0,0.0,29.0,3003.24
20070801,59,0.0,0.0,0.0,21.0,2524.2
20070801,60,0.0,0.0,0.0,13.0,1390.35
20070801,61,0.0,0.0,0.0,117.0,13759.2
20070801,62,0.0,0.0,0.0,85.0,9910.15
20070801,63,0.0,0.0,0.0,57.0,7131.84
20070801,64,0.0,0.0,0.0,87.0,6885.18
20070801,65,0.0,0.0,0.0,44.0,4186.6
20070801,66,0.0,0.0,0.0,15.0,1393.8
20070801,67,0.0,0.0,0.0,63.0,4888.17
20070801,68,0.0,0.0,0.0,64.0,4506.24
20070801,69,0.0,0.0,0.0,82.0,6423.06
20070801,70,0.0,0.0,0.0,50.0,4703.0
20070801,71,0.0,0.0,0.0,13.0,1558.83
20070801,72,0.0,0.0,0.0,6.0,1253.82
20070801,73,0.0,0.0,0.0,7.0,910.77
20070801,74,0.0,0.0,0.0,73.0,6614.53
20070801,75,0.0,0.0,0.0,62.0,24391.42
20070801,76,0.0,0.0,0.0,66.0,30488.04
20070801,77,0.0,0.0,0.0,50.0,31627.5
20070801,78,0.0,0.0,0.0,30.0,18839.7
20070801,79,0.0,0.0,0.0,140.0,65947.0
20070801,80,0.0,0.0,0.0,71.0,12427.84
20070801,81,0.0,0.0,0.0,41.0,7459.13
20070801,82,0.0,0.0,0.0,9.0,1828.62
20070801,83,0.0,0.0,0.0,85.0,15062.0
20070801,84,0.0,0.0,0.0,69.0,12348.24
20070801,85,0.0,0.0,0.0,31.0,5251.4
20070801,86,0.0,0.0,0.0,31.0,5340.68
20070801,87,0.0,0.0,0.0,101.0,17194.24
20070801,88,0.0,0.0,0.0,97.0,78740.72
20070801,89,0.0,0.0,0.0,63.0,42077.07
20070801,90,0.0,0.0,0.0,34.0,25075.68
20070801,91,0.0,0.0,0.0,133.0,98094.15
20070801,92,0.0,0.0,0.0,53.0,21804.73
20070801,93,0.0,0.0,0.0,13.0,5138.9
20070801,94,0.0,0.0,0.0,120.0,45416.4
20070801,95,0.0,0.0,0.0,139.0,97066.48
20070801,96,0.0,0.0,0.0,66.0,34116.06
20070801,97,0.0,0.0,0.0,48.0,33204.96
20070801,98,0.0,0.0,0.0,140.0,85601.6
20070801,99,0.0,0.0,0.0,72.0,18572.4
20070801,100,0.0,0.0,0.0,20.0,3733.0
20070801,101,0.0,0.0,0.0,67.0,10816.48
20070801,102,0.0,0.0,0.0,20.0,6246.0
20070801,103,0.0,0.0,0.0,67.0,17895.7
20070801,104,0.0,0.0,0.0,17.0,5379.14
20070801,105,0.0,0.0,0.0,24.0,7287.6
20070801,106,0.0,0.0,0.0,53.0,4075.7
20070801,107,0.0,0.0,0.0,47.0,3038.55
20070801,108,0.0,0.0,0.0,41.0,3271.39
20070801,109,0.0,0.0,0.0,49.0,3741.64
20070801,110,0.0,0.0,0.0,48.0,2989.92
20070801,111,0.0,0.0,0.0,16.0,3207.84
20070801,112,0.0,0.0,0.0,46.0,7361.38
20070801,113,0.0,0.0,0.0,54.0,11086.2
20070801,114,0.0,0.0,0.0,53.0,8934.74
20070801,115,0.0,0.0,0.0,30.0,6351.3
20070801,116,0.0,0.0,0.0,43.0,9277.68
20070801,117,0.0,0.0,0.0,138.0,25765.98
20070801,118,0.0,0.0,0.0,103.0,22817.59
20070802,1,0.0,37.0,16973.01,0.0,0.0
20070802,2,0.0,107.0,51079.66,0.0,0.0
20070802,6,0.0,147.0,17739.96,0.0,0.0
20070802,11,0.0,84.0,12142.2,0.0,0.0
20070802,12,0.0,105.0,40309.5,0.0,0.0
20070802,14,0.0,139.0,54346.22,0.0,0.0
20070802,17,0.0,163.0,67860.16,0.0,0.0
20070802,18,0.0,85.0,61240.8,0.0,0.0
20070802,19,0.0,100.0,73537.0,1.0,735.37
20070802,20,0.0,89.0,62883.84,0.0,0.0
20070802,21,0.0,155.0,110166.25,1.0,710.75
20070802,22,0.0,98.0,70190.54,0.0,0.0
20070802,23,0.0,67.0,45406.57,0.0,0.0
20070802,24,0.0,45.0,44740.35,0.0,0.0
20070802,25,0.0,77.0,76631.17,2.0,1990.42
20070802,26,0.0,43.0,35258.28,0.0,0.0
20070802,27,0.0,60.0,52166.4,0.0,0.0
20070802,28,0.0,43.0,39565.16,0.0,0.0
20070802,29,0.0,86.0,36223.2,1.0,421.2
20070802,30,0.0,79.0,38574.12,0.0,0.0
20070802,31,0.0,52.0,29233.88,0.0,0.0
20070802,32,0.0,37.0,16419.49,0.0,0.0
20070802,33,0.0,78.0,32184.36,0.0,0.0
20070802,34,0.0,90.0,20203.2,0.0,0.0
20070802,37,0.0,168.0,31696.56,0.0,0.0
20070802,38,0.0,119.0,28249.41,0.0,0.0
20070802,40,0.0,26.0,13888.42,0.0,0.0
20070802,43,0.0,31.0,9586.44,0.0,0.0
20070802,44,0.0,91.0,10248.42,0.0,0.0
20070802,47,0.0,135.0,43499.7,0.0,0.0
20070802,50,0.0,60.0,18163.2,0.0,0.0
20070802,51,0.0,68.0,22839.16,0.0,0.0
20070802,52,0.0,30.0,3130.8,0.0,0.0
20070802,56,0.0,111.0,12007.98,0.0,0.0
20070802,61,0.0,80.0,9382.4,0.0,0.0
20070802,62,0.0,131.0,15209.1,0.0,0.0
20070802,63,0.0,126.0,15702.12,0.0,0.0
20070802,64,0.0,118.0,9294.86,0.0,0.0
20070802,65,0.0,116.0,11023.48,0.0,0.0
20070802,67,0.0,130.0,10095.8,0.0,0.0
20070802,68,0.0,49.0,3443.72,0.0,0.0
20070802,69,0.0,141.0,11043.12,0.0,0.0
20070802,70,0.0,124.0,11636.16,0.0,0.0
20070802,74,0.0,52.0,4696.64,0.0,0.0
20070802,75,0.0,52.0,20363.2,0.0,0.0
20070802,76,0.0,72.0,33366.24,0.0,0.0
20070802,77,0.0,43.0,27136.87,1.0,631.09
20070802,78,0.0,37.0,23256.35,0.0,0.0
20070802,79,0.0,154.0,72723.42,0.0,0.0
20070802,80,0.0,70.0,12310.9,0.0,0.0
20070802,81,0.0,34.0,6206.02,0.0,0.0
20070802,82,0.0,23.0,4663.02,0.0,0.0
20070802,83,0.0,90.0,15916.5,0.0,0.0
20070802,84,0.0,65.0,11603.15,0.0,0.0
20070802,85,0.0,35.0,5917.1,1.0,169.06
20070802,86,0.0,41.0,7041.75,0.0,0.0
20070802,87,0.0,94.0,15929.24,0.0,0.0
20070802,88,0.0,101.0,82258.44,0.0,0.0
20070802,89,0.0,65.0,43503.85,0.0,0.0
20070802,90,0.0,55.0,40389.25,0.0,0.0
20070802,91,0.0,132.0,97834.44,0.0,0.0
20070802,92,0.0,50.0,20628.0,1.0,412.56
20070802,93,0.0,29.0,11480.81,0.0,0.0
20070802,94,0.0,133.0,50542.66,0.0,0.0
20070802,95,0.0,141.0,98089.47,0.0,0.0
20070802,96,0.0,79.0,41019.96,0.0,0.0
20070802,97,0.0,45.0,31164.3,0.0,0.0
20070802,98,0.0,153.0,93279.51,0.0,0.0
20070802,99,0.0,82.0,21087.94,0.0,0.0
20070802,100,0.0,28.0,5220.32,0.0,0.0
20070802,101,0.0,60.0,9726.0,0.0,0.0
20070802,102,0.0,15.0,4693.95,0.0,0.0
20070802,103,0.0,52.0,13847.6,0.0,0.0
20070802,105,0.0,36.0,10979.64,0.0,0.0
20070802,106,0.0,52.0,4008.16,0.0,0.0
20070802,107,0.0,58.0,3756.66,0.0,0.0
20070802,108,0.0,49.0,3922.45,0.0,0.0
20070802,109,0.0,36.0,2747.52,0.0,0.0
20070802,110,0.0,52.0,3229.72,0.0,0.0
20070802,111,0.0,15.0,3005.55,0.0,0.0
20070802,112,0.0,57.0,9105.18,0.0,0.0
20070802,113,0.0,53.0,10880.9,0.0,0.0
20070802,114,0.0,46.0,7716.96,0.0,0.0
20070802,115,0.0,40.0,8467.6,0.0,0.0
20070802,116,0.0,62.0,13319.46,0.0,0.0
20070802,117,0.0,151.0,28152.44,1.0,186.44
20070802,118,0.0,117.0,25915.5,0.0,0.0
20070803,18,0.0,0.0,0.0,1.0,717.6
20070803,19,0.0,0.0,0.0,1.0,731.91
20070803,20,0.0,0.0,0.0,1.0,708.11
20070803,22,0.0,0.0,0.0,1.0,717.09
20070803,23,0.0,0.0,0.0,2.0,1356.78
20070803,26,0.0,0.0,0.0,4.0,3276.88
20070803,29,0.0,0.0,0.0,1.0,423.18
20070803,76,0.0,0.0,0.0,1.0,464.67
20070803,83,0.0,0.0,0.0,1.0,176.0
20070803,86,0.0,0.0,0.0,1.0,172.02
20070803,103,0.0,0.0,0.0,2.0,534.9
20070803,112,0.0,0.0,0.0,1.0,160.46
20070803,113,0.0,0.0,0.0,1.0,206.06
20070803,117,0.0,0.0,0.0,1.0,187.08
20070804,18,0.0,0.0,0.0,1.0,720.04
20070804,19,0.0,0.0,0.0,1.0,729.65
20070804,20,0.0,0.0,0.0,1.0,707.05
20070804,22,0.0,0.0,0.0,1.0,715.23
20070804,23,0.0,0.0,0.0,1.0,677.44
20070804,29,0.0,0.0,0.0,2.0,842.64
20070804,82,0.0,0.0,0.0,1.0,202.76
20070804,94,0.0,0.0,0.0,2.0,758.14
20070804,97,0.0,0.0,0.0,1.0,692.74
20070804,99,0.0,0.0,0.0,1.0,256.27
20070804,103,0.0,18.0,4816.98,1.0,267.61
20070804,104,0.0,0.0,0.0,1.0,316.57
20070804,109,0.0,0.0,0.0,1.0,75.99
20070805,21,0.0,0.0,0.0,1.0,712.3
20070805,22,0.0,0.0,0.0,1.0,716.73
20070805,29,0.0,0.0,0.0,1.0,421.82
20070805,78,0.0,0.0,0.0,1.0,631.7
20070805,113,0.0,0.0,0.0,1.0,205.01
20070806,18,0.0,0.0,0.0,2.0,1434.46
20070806,21,0.0,0.0,0.0,1.0,714.08
20070806,23,0.0,0.0,0.0,4.0,2692.72
20070806,27,0.0,0.0,0.0,1.0,871.6
20070806,28,0.0,0.0,0.0,1.0,921.3
20070806,29,0.0,0.0,0.0,1.0,422.71
20070806,32,0.0,0.0,0.0,1.0,448.81
20070806,78,0.0,0.0,0.0,1.0,631.44
20070806,97,0.0,0.0,0.0,1.0,691.08
20070806,98,0.0,0.0,0.0,1.0,610.15
20070806,118,0.0,0.0,0.0,1.0,220.66
20070807,18,0.0,0.0,0.0,1.0,714.5
20070807,19,0.0,0.0,0.0,1.0,725.41
20070807,20,0.0,0.0,0.0,1.0,712.22
20070807,22,0.0,0.0,0.0,1.0,716.01
20070807,23,0.0,0.0,0.0,2.0,1345.94
20070807,24,0.0,0.0,0.0,3.0,2995.77
20070807,25,0.0,0.0,0.0,2.0,1974.72
20070807,26,0.0,0.0,0.0,1.0,819.7
20070807,29,0.0,0.0,0.0,1.0,423.51
20070807,32,0.0,0.0,0.0,1.0,450.42
20070807,93,0.0,0.0,0.0,1.0,396.17
20070807,98,0.0,0.0,0.0,1.0,610.7
20070807,101,0.0,0.0,0.0,1.0,162.03
20070807,104,0.0,0.0,0.0,1.0,315.71
20070807,111,0.0,0.0,0.0,1.0,202.06
20070807,115,0.0,0.0,0.0,1.0,210.75
20070807,116,0.0,0.0,0.0,1.0,216.94
20070807,118,0.0,0.0,0.0,1.0,220.55
20070808,18,0.0,0.0,0.0,2.0,1427.44
20070808,20,0.0,0.0,0.0,2.0,1424.44
20070808,21,0.0,0.0,0.0,1.0,710.79
20070808,23,0.0,14.0,9385.88,0.0,0.0
20070808,24,0.0,0.0,0.0,2.0,2003.36
20070808,26,0.0,25.0,20392.25,2.0,1631.38
20070808,32,0.0,25.0,11216.75,0.0,0.0
20070808,76,0.0,0.0,0.0,1.0,467.98
20070808,77,0.0,0.0,0.0,1.0,630.75
20070808,78,0.0,0.0,0.0,1.0,627.03
20070808,79,0.0,0.0,0.0,1.0,472.75
20070808,84,0.0,0.0,0.0,1.0,178.92
20070808,95,0.0,0.0,0.0,2.0,1401.9
20070808,99,0.0,0.0,0.0,1.0,258.25
20070808,106,0.0,0.0,0.0,1.0,78.21
20070808,109,0.0,0.0,0.0,1.0,75.72
20070808,116,0.0,0.0,0.0,2.0,433.32
20070809,19,0.0,0.0,0.0,1.0,726.05
20070809,22,0.0,0.0,0.0,3.0,2139.87
20070809,23,0.0,0.0,0.0,1.0,671.56
20070809,24,0.0,0.0,0.0,2.0,2007.58
20070809,25,0.0,0.0,0.0,1.0,993.59
20070809,27,0.0,0.0,0.0,1.0,869.08
20070809,90,0.0,0.0,0.0,2.0,1468.82
20070809,94,0.0,0.0,0.0,1.0,380.01
20070809,96,0.0,0.0,0.0,1.0,517.77
20070809,98,0.0,0.0,0.0,1.0,610.21
20070809,99,0.0,0.0,0.0,1.0,259.15
20070809,103,0.0,0.0,0.0,1.0,267.53
20070809,108,0.0,0.0,0.0,1.0,79.83
20070809,114,0.0,0.0,0.0,1.0,167.77
20070809,117,0.0,0.0,0.0,1.0,188.26
20070809,118,0.0,0.0,0.0,1.0,219.4
20070810,19,0.0,0.0,0.0,1.0,727.72
20070810,21,0.0,0.0,0.0,1.0,708.8
20070810,22,0.0,8.0,5726.88,0.0,0.0
20070810,30,0.0,0.0,0.0,1.0,486.47
20070810,99,0.0,0.0,0.0,1.0,258.43
20070810,116,0.0,0.0,0.0,1.0,217.65
20070810,118,0.0,0.0,0.0,1.0,219.8
20070811,21,0.0,22.0,15582.6,1.0,708.3
20070811,23,0.0,0.0,0.0,1.0,672.23
20070811,25,0.0,0.0,0.0,1.0,996.18
20070811,26,0.0,0.0,0.0,2.0,1634.6
20070811,31,0.0,0.0,0.0,2.0,1123.0
20070811,77,0.0,0.0,0.0,1.0,631.19
20070811,91,0.0,0.0,0.0,1.0,734.15
20070811,99,0.0,0.0,0.0,2.0,516.14
20070811,117,0.0,0.0,0.0,2.0,377.46
20070811,118,0.0,0.0,0.0,1.0,219.07
20070812,19,0.0,0.0,0.0,1.0,731.22
20070812,22,0.0,0.0,0.0,3.0,2148.84
20070812,23,0.0,0.0,0.0,1.0,669.81
20070812,26,0.0,0.0,0.0,3.0,2455.83
20070812,30,0.0,0.0,0.0,1.0,486.8
20070812,31,0.0,0.0,0.0,1.0,559.48
20070812,32,0.0,0.0,0.0,1.0,445.66
20070812,79,0.0,0.0,0.0,1.0,475.58
20070812,80,0.0,0.0,0.0,1.0,176.54
20070812,92,0.0,0.0,0.0,1.0,414.36
20070812,94,0.0,0.0,0.0,1.0,379.09
20070812,95,0.0,0.0,0.0,1.0,697.79
20070812,97,0.0,0.0,0.0,1.0,685.28
20070812,98,0.0,0.0,0.0,1.0,604.79
20070812,102,0.0,0.0,0.0,1.0,312.66
20070812,109,0.0,0.0,0.0,1.0,75.9
20070812,116,0.0,0.0,0.0,2.0,433.66
20070812,117,0.0,0.0,0.0,2.0,378.18
20070813,18,0.0,0.0,0.0,2.0,1433.42
20070813,19,0.0,0.0,0.0,1.0,732.68
20070813,20,0.0,0.0,0.0,2.0,1413.74
20070813,23,0.0,0.0,0.0,1.0,669.6
20070813,28,0.0,0.0,0.0,1.0,919.25
20070813,32,0.0,0.0,0.0,1.0,444.24
20070813,33,0.0,0.0,0.0,1.0,408.61
20070813,93,0.0,0.0,0.0,1.0,398.63
20070813,100,0.0,0.0,0.0,1.0,185.47
20070813,102,0.0,0.0,0.0,1.0,313.09
20070813,104,0.0,0.0,0.0,1.0,313.72
20070813,105,0.0,0.0,0.0,1.0,306.63
20070813,107,0.0,0.0,0.0,1.0,64.46
20070813,112,0.0,0.0,0.0,1.0,159.05
20070813,116,0.0,0.0,0.0,1.0,217.32
20070814,18,0.0,0.0,0.0,1.0,717.36
20070814,19,0.0,0.0,0.0,2.0,1465.66
20070814,20,0.0,10.0,7058.1,0.0,0.0
20070814,22,0.0,0.0,0.0,1.0,714.7
20070814,32,0.0,0.0,0.0,2.0,886.26
20070814,33,0.0,0.0,0.0,1.0,407.47
20070814,91,0.0,0.0,0.0,1.0,736.86
20070814,99,0.0,0.0,0.0,2.0,512.72
20070814,103,0.0,0.0,0.0,1.0,265.63
20070814,105,0.0,0.0,0.0,1.0,306.29
20070814,117,0.0,0.0,0.0,2.0,377.18
20070814,118,0.0,0.0,0.0,2.0,440.46
20070815,19,0.0,0.0,0.0,1.0,730.78
20070815,30,0.0,0.0,0.0,1.0,491.63
20070815,31,0.0,0.0,0.0,1.0,558.24
20070815,83,0.0,0.0,0.0,1.0,174.59
20070815,99,0.0,0.0,0.0,1.0,257.39
20070815,104,0.0,0.0,0.0,1.0,315.2
20070815,118,0.0,0.0,0.0,1.0,220.65
20070816,18,0.0,0.0,0.0,1.0,722.32
20070816,20,0.0,0.0,0.0,3.0,2102.43
20070816,29,0.0,0.0,0.0,1.0,418.91
20070816,30,0.0,0.0,0.0,1.0,490.4
20070816,75,0.0,0.0,0.0,2.0,799.06
20070816,76,0.0,0.0,0.0,1.0,463.12
20070816,83,0.0,0.0,0.0,1.0,175.18
20070816,87,0.0,0.0,0.0,1.0,172.98
20070816,92,0.0,0.0,0.0,1.0,409.74
20070816,93,0.0,0.0,0.0,1.0,398.06
20070816,99,0.0,0.0,0.0,1.0,256.67
20070816,105,0.0,0.0,0.0,1.0,306.31
20070816,110,0.0,0.0,0.0,1.0,62.46
20070817,18,0.0,17.0,12300.35,0.0,0.0
20070817,19,0.0,0.0,0.0,1.0,734.07
20070817,22,0.0,0.0,0.0,1.0,708.86
20070817,26,0.0,0.0,0.0,2.0,1636.02
20070817,33,0.0,0.0,0.0,1.0,407.22
20070817,76,0.0,0.0,0.0,1.0,464.47
20070817,77,0.0,0.0,0.0,1.0,630.8
20070817,90,0.0,0.0,0.0,1.0,727.58
20070817,92,0.0,0.0,0.0,1.0,410.31
20070817,95,0.0,0.0,0.0,2.0,1386.08
20070817,96,0.0,0.0,0.0,1.0,523.06
20070817,97,0.0,0.0,0.0,1.0,682.27
20070817,103,0.0,0.0,0.0,1.0,264.3
20070817,114,0.0,0.0,0.0,1.0,167.34
20070817,117,0.0,0.0,0.0,2.0,379.04
20070818,18,0.0,0.0,0.0,2.0,1442.18
20070818,20,0.0,0.0,0.0,1.0,704.73
20070818,21,0.0,0.0,0.0,1.0,707.37
20070818,22,0.0,0.0,0.0,2.0,1423.38
20070818,25,0.0,0.0,0.0,3.0,2996.22
20070818,27,0.0,0.0,0.0,1.0,873.31
20070818,29,0.0,0.0,0.0,2.0,842.34
20070818,31,0.0,0.0,0.0,1.0,557.51
20070818,76,0.0,0.0,0.0,1.0,466.14
20070818,79,0.0,0.0,0.0,1.0,474.52
20070818,86,0.0,0.0,0.0,1.0,173.06
20070818,93,0.0,0.0,0.0,1.0,400.49
20070818,96,0.0,0.0,0.0,1.0,522.23
20070818,97,0.0,22.0,15018.96,1.0,682.68
20070818,101,0.0,0.0,0.0,1.0,162.87
20070818,116,0.0,0.0,0.0,2.0,432.4
20070818,117,0.0,0.0,0.0,4.0,757.48
20070819,18,0.0,0.0,0.0,2.0,1448.22
20070819,20,0.0,0.0,0.0,1.0,704.94
20070819,21,0.0,0.0,0.0,2.0,1409.08
20070819,22,0.0,0.0,0.0,1.0,710.84
20070819,26,0.0,0.0,0.0,1.0,815.55
20070819,31,0.0,0.0,0.0,1.0,559.63
20070819,32,0.0,0.0,0.0,1.0,443.78
20070819,33,0.0,0.0,0.0,1.0,407.3
20070819,79,0.0,0.0,0.0,1.0,473.47
20070819,88,0.0,0.0,0.0,1.0,801.64
20070819,90,0.0,0.0,0.0,1.0,722.06
20070819,99,0.0,0.0,0.0,1.0,256.51
20070819,116,0.0,0.0,0.0,1.0,215.57
20070819,117,0.0,0.0,0.0,1.0,188.68
20070819,118,0.0,0.0,0.0,2.0,441.82
20070820,22,0.0,9.0,6377.67,0.0,0.0
20070820,23,0.0,0.0,0.0,1.0,675.71
20070820,28,0.0,0.0,0.0,1.0,909.26
20070820,29,0.0,0.0,0.0,1.0,420.71
20070820,30,0.0,0.0,0.0,1.0,489.37
20070820,31,0.0,0.0,0.0,1.0,557.44
20070820,75,0.0,0.0,0.0,1.0,396.42
20070820,90,0.0,0.0,0.0,1.0,721.63
20070820,93,0.0,0.0,0.0,2.0,806.92
20070820,95,0.0,0.0,0.0,1.0,692.42
20070820,97,0.0,0.0,0.0,1.0,688.22
20070820,105,0.0,0.0,0.0,3.0,923.91
20070820,117,0.0,0.0,0.0,1.0,189.34
20070820,118,0.0,0.0,0.0,1.0,219.98
20070821,18,0.0,0.0,0.0,1.0,722.16
20070821,24,0.0,0.0,0.0,1.0,1013.38
20070821,26,0.0,0.0,0.0,1.0,818.07
20070821,31,0.0,0.0,0.0,1.0,556.55
20070821,33,0.0,0.0,0.0,1.0,407.51
20070821,89,0.0,0.0,0.0,1.0,667.84
20070821,95,0.0,0.0,0.0,1.0,694.57
20070821,96,0.0,0.0,0.0,1.0,527.62
20070821,98,0.0,0.0,0.0,1.0,599.35
20070821,99,0.0,0.0,0.0,1.0,254.87
20070821,103,0.0,0.0,0.0,1.0,265.33
20070821,116,0.0,0.0,0.0,2.0,433.56
20070821,118,0.0,0.0,0.0,1.0,219.61
20070822,19,0.0,0.0,0.0,1.0,735.15
20070822,21,0.0,0.0,0.0,2.0,1403.72
20070822,25,0.0,0.0,0.0,2.0,1986.1
20070822,29,0.0,0.0,0.0,1.0,421.51
20070822,31,0.0,11.0,6104.34,0.0,0.0
20070822,95,0.0,15.0,10378.95,0.0,0.0
20070822,99,0.0,0.0,0.0,1.0,255.66
20070822,100,0.0,0.0,0.0,1.0,186.94
20070822,116,0.0,0.0,0.0,1.0,216.1
20070822,117,0.0,0.0,0.0,1.0,188.3
20070823,18,0.0,0.0,0.0,1.0,724.18
20070823,19,0.0,0.0,0.0,1.0,734.49
20070823,22,0.0,0.0,0.0,1.0,709.69
20070823,23,0.0,0.0,0.0,2.0,1340.78
20070823,26,0.0,0.0,0.0,1.0,819.13
20070823,27,0.0,0.0,0.0,1.0,871.11
20070823,30,0.0,0.0,0.0,1.0,484.64
20070823,91,0.0,0.0,0.0,1.0,734.83
20070823,102,0.0,0.0,0.0,1.0,315.0
20070823,110,0.0,0.0,0.0,1.0,62.9
20070823,118,0.0,0.0,0.0,1.0,221.59
20070824,18,0.0,0.0,0.0,1.0,726.28
20070824,19,0.0,0.0,0.0,1.0,733.32
20070824,20,0.0,0.0,0.0,1.0,702.61
20070824,23,0.0,0.0,0.0,4.0,2684.76
20070824,25,0.0,0.0,0.0,1.0,994.04
20070824,29,0.0,0.0,0.0,2.0,846.56
20070824,31,0.0,0.0,0.0,1.0,553.16
20070824,33,0.0,0.0,0.0,1.0,407.71
20070824,78,0.0,0.0,0.0,1.0,630.06
20070824,81,0.0,0.0,0.0,1.0,186.98
20070824,85,0.0,0.0,0.0,1.0,169.57
20070824,90,0.0,0.0,0.0,1.0,721.11
20070824,98,0.0,0.0,0.0,1.0,598.92
20070824,99,0.0,0.0,0.0,1.0,255.51
20070824,104,0.0,0.0,0.0,1.0,313.75
20070824,106,0.0,0.0,0.0,2.0,157.54
20070824,114,0.0,0.0,0.0,1.0,167.64
20070824,117,0.0,0.0,0.0,1.0,187.85
20070824,118,0.0,0.0,0.0,1.0,220.9
20070825,18,0.0,0.0,0.0,1.0,729.48
20070825,20,0.0,0.0,0.0,1.0,705.84
20070825,21,0.0,0.0,0.0,1.0,696.19
20070825,22,0.0,0.0,0.0,2.0,1413.7
20070825,23,0.0,0.0,0.0,1.0,673.0
20070825,25,0.0,0.0,0.0,1.0,993.74
20070825,27,0.0,0.0,0.0,1.0,873.11
20070825,28,0.0,0.0,0.0,1.0,908.88
20070825,29,0.0,0.0,0.0,2.0,846.72
20070825,80,0.0,0.0,0.0,1.0,176.09
20070825,81,0.0,0.0,0.0,1.0,187.15
20070825,90,0.0,0.0,0.0,2.0,1439.9
20070825,99,0.0,0.0,0.0,1.0,255.2
20070825,117,0.0,0.0,0.0,1.0,187.31
20070825,118,0.0,0.0,0.0,1.0,220.18
20070826,19,0.0,0.0,0.0,1.0,731.48
20070826,20,0.0,0.0,0.0,1.0,702.81
20070826,22,0.0,0.0,0.0,1.0,705.3
20070826,23,0.0,0.0,0.0,2.0,1345.6
20070826,24,0.0,0.0,0.0,1.0,1014.98
20070826,28,0.0,5.0,4547.1,0.0,0.0
20070826,29,0.0,0.0,0.0,1.0,422.09
20070826,31,0.0,0.0,0.0,1.0,553.99
20070826,32,0.0,0.0,0.0,1.0,441.65
20070826,33,0.0,0.0,0.0,1.0,406.68
20070826,83,0.0,0.0,0.0,1.0,176.2
20070826,84,0.0,0.0,0.0,1.0,179.05
20070826,86,0.0,0.0,0.0,1.0,171.06
20070826,91,0.0,0.0,0.0,1.0,734.24
20070826,92,0.0,0.0,0.0,2.0,814.24
20070826,98,0.0,0.0,0.0,2.0,1188.52
20070826,99,0.0,0.0,0.0,1.0,255.1
20070826,115,0.0,0.0,0.0,1.0,212.85
20070826,117,0.0,0.0,0.0,1.0,187.91
20070826,118,0.0,0.0,0.0,1.0,220.57
20070827,22,0.0,0.0,0.0,1.0,708.26
20070827,23,0.0,11.0,7394.86,0.0,0.0
20070827,26,0.0,0.0,0.0,1.0,814.95
20070827,76,0.0,0.0,0.0,1.0,463.89
20070827,79,0.0,0.0,0.0,1.0,466.22
20070827,93,0.0,0.0,0.0,1.0,410.86
20070827,95,0.0,0.0,0.0,1.0,696.21
20070827,99,0.0,0.0,0.0,1.0,255.61
20070827,102,0.0,0.0,0.0,1.0,319.17
20070827,112,0.0,0.0,0.0,1.0,158.56
20070828,18,0.0,0.0,0.0,1.0,736.87
20070828,21,0.0,0.0,0.0,1.0,694.52
20070828,22,0.0,0.0,0.0,2.0,1421.06
20070828,23,0.0,0.0,0.0,3.0,2008.92
20070828,27,0.0,0.0,0.0,1.0,879.67
20070828,31,0.0,0.0,0.0,1.0,557.54
20070828,79,0.0,0.0,0.0,1.0,467.02
20070828,90,0.0,0.0,0.0,1.0,717.21
20070828,99,0.0,0.0,0.0,1.0,256.3
20070828,105,0.0,0.0,0.0,1.0,308.33
20070828,116,0.0,0.0,0.0,1.0,214.89
20070828,117,0.0,0.0,0.0,1.0,189.26
20070829,23,0.0,0.0,0.0,2.0,1340.36
20070829,26,0.0,0.0,0.0,1.0,817.06
20070829,29,0.0,0.0,0.0,1.0,423.48
20070829,30,0.0,0.0,0.0,1.0,490.13
20070829,31,0.0,0.0,0.0,1.0,558.32
20070829,32,0.0,0.0,0.0,1.0,442.35
20070829,33,0.0,0.0,0.0,1.0,405.1
20070829,76,0.0,0.0,0.0,1.0,462.08
20070829,77,0.0,0.0,0.0,1.0,632.54
20070829,88,0.0,0.0,0.0,1.0,815.35
20070829,90,0.0,0.0,0.0,1.0,719.86
20070829,94,0.0,0.0,0.0,1.0,378.92
20070829,95,0.0,0.0,0.0,1.0,697.39
20070829,96,0.0,0.0,0.0,1.0,528.07
20070829,99,0.0,0.0,0.0,1.0,256.48
20070829,103,0.0,0.0,0.0,1.0,270.78
20070829,111,0.0,0.0,0.0,1.0,200.95
20070829,113,0.0,0.0,0.0,1.0,210.56
20070829,117,0.0,0.0,0.0,3.0,570.12
20070830,19,0.0,0.0,0.0,1.0,726.8
20070830,21,0.0,0.0,0.0,1.0,699.25
20070830,25,0.0,0.0,0.0,1.0,988.67
20070830,26,0.0,0.0,0.0,1.0,814.36
20070830,27,0.0,0.0,0.0,2.0,1773.8
20070830,28,0.0,0.0,0.0,1.0,909.5
20070830,30,0.0,0.0,0.0,1.0,491.94
20070830,32,0.0,0.0,0.0,1.0,441.56
20070830,78,0.0,0.0,0.0,1.0,629.73
20070830,85,0.0,0.0,0.0,1.0,170.97
20070830,95,0.0,0.0,0.0,1.0,695.23
20070830,98,0.0,0.0,0.0,1.0,601.6
20070830,101,0.0,0.0,0.0,1.0,162.76
20070830,103,0.0,0.0,0.0,1.0,269.78
20070830,117,0.0,5.0,947.45,2.0,378.98
20070831,23,0.0,0.0,0.0,2.0,1349.08
20070831,27,0.0,0.0,0.0,1.0,888.41
20070831,32,0.0,0.0,0.0,1.0,442.66
20070831,33,0.0,0.0,0.0,1.0,407.45
20070831,83,0.0,0.0,0.0,1.0,174.56
20070831,90,0.0,0.0,0.0,2.0,1443.76
20070831,95,0.0,0.0,0.0,1.0,697.32
20070831,98,0.0,0.0,0.0,1.0,601.96
20070831,99,0.0,0.0,0.0,1.0,256.76
20070831,101,0.0,0.0,0.0,1.0,162.57
20070831,105,0.0,0.0,0.0,1.0,310.18
20070831,111,0.0,0.0,0.0,1.0,201.37
20070831,112,0.0,0.0,0.0,1.0,157.95
20070831,118,0.0,0.0,0.0,3.0,664.68
20070901,1,0.0,0.0,0.0,42.0,19213.74
20070901,2,0.0,0.0,0.0,44.0,21147.72
20070901,3,0.0,0.0,0.0,27.0,13674.15
20070901,6,0.0,0.0,0.0,44.0,5397.48
20070901,7,0.0,0.0,0.0,27.0,3543.21
20070901,9,0.0,0.0,0.0,27.0,3402.54
20070901,11,0.0,0.0,0.0,95.0,13777.85
20070901,12,0.0,0.0,0.0,40.0,15522.0
20070901,13,0.0,0.0,0.0,29.0,12639.65
20070901,14,0.0,0.0,0.0,67.0,25061.35
20070901,16,0.0,0.0,0.0,25.0,10442.75
20070901,17,0.0,0.0,0.0,62.0,26277.46
20070901,18,0.0,0.0,0.0,98.0,72429.84
20070901,19,0.0,0.0,0.0,70.0,51135.7
20070901,20,0.0,0.0,0.0,72.0,51309.36
20070901,21,0.0,0.0,0.0,144.0,100048.32
20070901,22,0.0,0.0,0.0,87.0,61518.57
20070901,23,0.0,0.0,0.0,87.0,58631.91
20070901,24,0.0,0.0,0.0,20.0,20464.2
20070901,25,0.0,0.0,0.0,65.0,64398.75
20070901,26,0.0,0.0,0.0,52.0,42321.24
20070901,27,0.0,22.0,19634.78,43.0,38377.07
20070901,28,0.0,0.0,0.0,20.0,18033.8
20070901,29,0.0,0.0,0.0,80.0,33864.8
20070901,30,0.0,0.0,0.0,60.0,29536.8
20070901,31,0.0,0.0,0.0,41.0,22925.56
20070901,32,0.0,0.0,0.0,18.0,7973.46
20070901,33,0.0,0.0,0.0,68.0,27792.28
20070901,34,0.0,0.0,0.0,42.0,9136.68
20070901,35,0.0,0.0,0.0,22.0,5721.54
20070901,37,0.0,0.0,0.0,80.0,15145.6
20070901,38,0.0,0.0,0.0,47.0,11180.36
20070901,40,0.0,0.0,0.0,41.0,21768.54
20070901,41,0.0,0.0,0.0,22.0,12466.74
20070901,43,0.0,0.0,0.0,68.0,20419.72
20070901,44,0.0,0.0,0.0,62.0,7102.1
20070901,45,0.0,0.0,0.0,13.0,4295.59
20070901,46,0.0,0.0,0.0,19.0,6622.26
20070901,47,0.0,0.0,0.0,87.0,28228.89
20070901,48,0.0,0.0,0.0,14.0,4761.96
20070901,49,0.0,0.0,0.0,20.0,6090.4
20070901,50,0.0,0.0,0.0,86.0,25687.34
20070901,51,0.0,0.0,0.0,65.0,21904.35
20070901,52,0.0,0.0,0.0,61.0,6459.29
20070901,53,0.0,0.0,0.0,31.0,3822.3
20070901,55,0.0,0.0,0.0,5.0,496.0
20070901,56,0.0,0.0,0.0,54.0,5800.68
20070901,57,0.0,0.0,0.0,37.0,3799.16
20070901,59,0.0,0.0,0.0,10.0,1209.9
20070901,60,0.0,0.0,0.0,10.0,1090.8
20070901,61,0.0,0.0,0.0,115.0,13461.9
20070901,62,0.0,0.0,0.0,86.0,10096.4
20070901,63,0.0,0.0,0.0,38.0,4780.02
20070901,64,0.0,0.0,0.0,91.0,7114.38
20070901,65,0.0,0.0,0.0,62.0,5924.1
20070901,66,0.0,0.0,0.0,22.0,2066.24
20070901,67,0.0,0.0,0.0,65.0,5026.45
20070901,68,0.0,0.0,0.0,70.0,4953.9
20070901,69,0.0,0.0,0.0,77.0,5938.24
20070901,70,0.0,0.0,0.0,52.0,4946.24
20070901,74,0.0,0.0,0.0,66.0,5868.06
20070901,75,0.0,0.0,0.0,112.0,43920.8
20070901,76,0.0,0.0,0.0,98.0,45692.5
20070901,77,0.0,0.0,0.0,61.0,38611.17
20070901,78,0.0,0.0,0.0,41.0,25904.21
20070901,79,0.0,0.0,0.0,101.0,47332.64
20070901,80,0.0,0.0,0.0,92.0,16344.72
20070901,81,0.0,0.0,0.0,62.0,11545.02
20070901,82,0.0,0.0,0.0,38.0,7710.2
20070901,83,0.0,0.0,0.0,92.0,16029.16
20070901,84,0.0,0.0,0.0,92.0,16341.04
20070901,85,0.0,0.0,0.0,55.0,9387.4
20070901,86,0.0,0.0,0.0,37.0,6307.02
20070901,87,0.0,0.0,0.0,87.0,15168.45
20070901,88,0.0,0.0,0.0,90.0,73138.5
20070901,89,0.0,0.0,0.0,52.0,34928.4
20070901,90,0.0,0.0,0.0,44.0,31626.32
20070901,91,0.0,0.0,0.0,106.0,77154.22
20070901,92,0.0,0.0,0.0,58.0,23541.62
20070901,93,0.0,0.0,0.0,34.0,14109.32
20070901,94,0.0,0.0,0.0,99.0,37389.33
20070901,95,0.0,0.0,0.0,108.0,75136.68
20070901,96,0.0,0.0,0.0,67.0,35122.74
20070901,97,0.0,0.0,0.0,27.0,18831.15
20070901,98,0.0,0.0,0.0,140.0,83937.0
20070901,99,0.0,0.0,0.0,53.0,13581.25
20070901,100,0.0,0.0,0.0,37.0,7045.54
20070901,101,0.0,0.0,0.0,107.0,17417.46
20070901,102,0.0,0.0,0.0,34.0,10803.84
20070901,103,0.0,0.0,0.0,51.0,13771.02
20070901,104,0.0,0.0,0.0,28.0,8688.68
20070901,105,0.0,0.0,0.0,21.0,6490.26
20070901,106,0.0,0.0,0.0,57.0,4523.52
20070901,107,0.0,0.0,0.0,44.0,2869.24
20070901,108,0.0,0.0,0.0,54.0,4342.68
20070901,109,0.0,0.0,0.0,54.0,4104.54
20070901,110,0.0,0.0,0.0,57.0,3636.03
20070901,111,0.0,0.0,0.0,21.0,4209.24
20070901,112,0.0,0.0,0.0,51.0,8077.38
20070901,113,0.0,0.0,0.0,45.0,9517.95
20070901,114,0.0,0.0,0.0,34.0,5717.78
20070901,115,0.0,0.0,0.0,17.0,3626.78
20070901,116,0.0,0.0,0.0,20.0,4270.8
20070901,117,0.0,0.0,0.0,84.0,15873.48
20070901,118,0.0,21.0,4674.6,85.0,18921.0
20070902,1,0.0,43.0,19588.65,0.0,0.0
20070902,9,0.0,86.0,10828.26,0.0,0.0
20070902,11,0.0,144.0,20799.36,0.0,0.0
20070902,13,0.0,70.0,30622.2,0.0,0.0
20070902,16,0.0,113.0,47008.0,0.0,0.0
20070902,18,0.0,100.0,73597.0,0.0,0.0
20070902,19,0.0,88.0,64311.28,3.0,2192.43
20070902,20,0.0,77.0,54867.12,1.0,712.56
20070902,21,0.0,157.0,109429.0,1.0,697.0
20070902,22,0.0,110.0,77891.0,0.0,0.0
20070902,23,0.0,109.0,73642.58,1.0,675.62
20070902,24,0.0,19.0,19363.28,1.0,1019.12
20070902,25,0.0,70.0,69456.1,1.0,992.23
20070902,26,0.0,50.0,40591.5,0.0,0.0
20070902,27,0.0,24.0,21419.76,1.0,892.49
20070902,28,0.0,41.0,37084.09,1.0,904.49
20070902,29,0.0,90.0,38212.2,0.0,0.0
20070902,30,0.0,49.0,24121.72,1.0,492.28
20070902,31,0.0,51.0,28591.11,1.0,560.61
20070902,32,0.0,26.0,11566.88,0.0,0.0
20070902,33,0.0,63.0,25869.69,0.0,0.0
20070902,40,0.0,45.0,23918.4,0.0,0.0
20070902,43,0.0,177.0,53087.61,0.0,0.0
20070902,47,0.0,48.0,15619.68,0.0,0.0
20070902,50,0.0,178.0,53065.36,0.0,0.0
20070902,51,0.0,100.0,33635.0,0.0,0.0
20070902,52,0.0,120.0,12672.0,0.0,0.0
20070902,53,0.0,61.0,7488.36,0.0,0.0
20070902,57,0.0,133.0,13716.29,0.0,0.0
20070902,61,0.0,105.0,12247.2,0.0,0.0
20070902,62,0.0,109.0,12762.81,0.0,0.0
20070902,64,0.0,66.0,5167.14,0.0,0.0
20070902,68,0.0,91.0,6464.64,0.0,0.0
20070902,69,0.0,80.0,6163.2,0.0,0.0
20070902,74,0.0,154.0,13698.3,0.0,0.0
20070902,75,0.0,130.0,51004.2,0.0,0.0
20070902,76,0.0,99.0,46131.03,1.0,465.97
20070902,77,0.0,72.0,45678.24,0.0,0.0
20070902,78,0.0,41.0,25945.62,0.0,0.0
20070902,79,0.0,115.0,53926.95,0.0,0.0
20070902,80,0.0,85.0,15073.9,0.0,0.0
20070902,81,0.0,62.0,11542.54,0.0,0.0
20070902,82,0.0,31.0,6285.56,0.0,0.0
20070902,83,0.0,86.0,14971.74,0.0,0.0
20070902,84,0.0,91.0,16184.35,0.0,0.0
20070902,85,0.0,43.0,7309.14,0.0,0.0
20070902,86,0.0,35.0,5989.9,0.0,0.0
20070902,87,0.0,88.0,15348.96,0.0,0.0
20070902,88,0.0,73.0,59216.87,0.0,0.0
20070902,89,0.0,54.0,36104.94,0.0,0.0
20070902,90,0.0,38.0,27340.62,0.0,0.0
20070902,91,0.0,94.0,68453.62,0.0,0.0
20070902,92,0.0,69.0,28104.39,0.0,0.0
20070902,93,0.0,27.0,11239.29,0.0,0.0
20070902,94,0.0,94.0,35664.54,0.0,0.0
20070902,95,0.0,103.0,71887.82,1.0,697.94
20070902,96,0.0,55.0,28904.15,0.0,0.0
20070902,97,0.0,17.0,11907.65,1.0,700.45
20070902,98,0.0,139.0,83637.69,0.0,0.0
20070902,99,0.0,74.0,18892.2,0.0,0.0
20070902,100,0.0,47.0,8990.63,0.0,0.0
20070902,101,0.0,109.0,17672.17,1.0,162.13
20070902,102,0.0,57.0,18130.56,0.0,0.0
20070902,103,0.0,59.0,15882.21,1.0,269.19
20070902,104,0.0,37.0,11489.61,1.0,310.53
20070902,105,0.0,24.0,7413.84,0.0,0.0
20070902,106,0.0,52.0,4141.8,0.0,0.0
20070902,107,0.0,40.0,2613.6,0.0,0.0
20070902,108,0.0,56.0,4513.04,0.0,0.0
20070902,109,0.0,79.0,6032.44,0.0,0.0
20070902,110,0.0,52.0,3310.84,0.0,0.0
20070902,111,0.0,20.0,3995.2,0.0,0.0
20070902,112,0.0,43.0,6831.41,0.0,0.0
20070902,113,0.0,50.0,10561.5,0.0,0.0
20070902,114,0.0,39.0,6544.2,1.0,167.8
20070902,115,0.0,14.0,2976.96,0.0,0.0
20070902,116,0.0,28.0,5966.52,4.0,852.36
20070902,117,0.0,99.0,18627.84,1.0,188.16
20070902,118,0.0,88.0,19626.64,0.0,0.0
20070903,18,0.0,0.0,0.0,3.0,2205.27
20070903,22,0.0,0.0,0.0,2.0,1417.34
20070903,23,0.0,0.0,0.0,2.0,1352.58
20070903,24,0.0,0.0,0.0,1.0,1023.4
20070903,25,0.0,0.0,0.0,2.0,1988.62
20070903,26,0.0,0.0,0.0,1.0,808.1
20070903,31,0.0,0.0,0.0,1.0,560.67
20070903,76,0.0,0.0,0.0,1.0,466.25
20070903,84,0.0,0.0,0.0,1.0,177.08
20070903,86,0.0,0.0,0.0,1.0,170.48
20070903,89,0.0,0.0,0.0,1.0,666.07
20070903,98,0.0,0.0,0.0,1.0,602.07
20070903,101,0.0,0.0,0.0,1.0,162.6
20070903,105,0.0,0.0,0.0,1.0,309.71
20070903,111,0.0,0.0,0.0,1.0,199.6
20070903,114,0.0,0.0,0.0,1.0,168.49
20070904,20,0.0,0.0,0.0,1.0,712.55
20070904,25,0.0,0.0,0.0,2.0,1997.98
20070904,26,0.0,0.0,0.0,2.0,1609.72
20070904,27,0.0,0.0,0.0,1.0,888.13
20070904,32,0.0,0.0,0.0,1.0,446.57
20070904,77,0.0,0.0,0.0,1.0,631.95
20070904,84,0.0,0.0,0.0,1.0,177.47
20070904,90,0.0,0.0,0.0,1.0,726.49
20070904,99,0.0,0.0,0.0,1.0,255.52
20070904,104,0.0,0.0,0.0,2.0,622.3
20070904,110,0.0,0.0,0.0,1.0,63.84
20070904,117,0.0,0.0,0.0,2.0,375.5
20070905,18,0.0,0.0,0.0,3.0,2209.68
20070905,20,0.0,0.0,0.0,1.0,715.05
20070905,22,0.0,0.0,0.0,1.0,708.81
20070905,23,0.0,0.0,0.0,2.0,1347.32
20070905,24,0.0,0.0,0.0,1.0,1015.54
20070905,26,0.0,0.0,0.0,1.0,807.44
20070905,77,0.0,0.0,0.0,1.0,632.58
20070905,83,0.0,0.0,0.0,1.0,173.27
20070905,87,0.0,0.0,0.0,1.0,175.17
20070905,89,0.0,0.0,0.0,2.0,1324.68
20070905,97,0.0,0.0,0.0,1.0,702.9
20070905,99,0.0,0.0,0.0,2.0,511.2
20070905,111,0.0,0.0,0.0,1.0,199.58
20070905,116,0.0,0.0,0.0,1.0,212.99
20070905,117,0.0,0.0,0.0,1.0,187.95
20070905,118,0.0,0.0,0.0,2.0,445.92
20070906,19,0.0,0.0,0.0,1.0,731.08
20070906,20,0.0,0.0,0.0,1.0,716.55
20070906,21,0.0,0.0,0.0,4.0,2774.92
20070906,22,0.0,0.0,0.0,1.0,711.08
20070906,27,0.0,0.0,0.0,2.0,1780.14
20070906,31,0.0,0.0,0.0,1.0,558.81
20070906,33,0.0,0.0,0.0,2.0,818.04
20070906,77,0.0,0.0,0.0,1.0,630.3
20070906,86,0.0,0.0,0.0,1.0,171.53
20070906,88,0.0,0.0,0.0,1.0,808.75
20070906,95,0.0,0.0,0.0,1.0,693.68
20070906,108,0.0,0.0,0.0,1.0,80.11
20070906,118,0.0,0.0,0.0,1.0,222.33
20070907,21,0.0,0.0,0.0,2.0,1393.84
20070907,22,0.0,0.0,0.0,1.0,709.87
20070907,23,0.0,0.0,0.0,1.0,675.54
20070907,25,0.0,0.0,0.0,1.0,1003.48
20070907,27,0.0,22.0,19565.92,1.0,889.36
20070907,29,0.0,0.0,0.0,1.0,425.5
20070907,30,0.0,0.0,0.0,1.0,494.94
20070907,88,0.0,0.0,0.0,2.0,1621.38
20070907,89,0.0,0.0,0.0,1.0,662.73
20070907,91,0.0,0.0,0.0,1.0,724.5
20070907,105,0.0,0.0,0.0,1.0,308.16
20070907,116,0.0,0.0,0.0,1.0,212.75
20070907,118,0.0,0.0,0.0,1.0,221.78
20070908,18,0.0,0.0,0.0,1.0,737.22
20070908,19,0.0,0.0,0.0,3.0,2185.14
20070908,21,0.0,0.0,0.0,1.0,694.83
20070908,22,0.0,0.0,0.0,1.0,711.93
20070908,33,0.0,0.0,0.0,1.0,410.7
20070908,75,0.0,0.0,0.0,2.0,784.42
20070908,77,0.0,0.0,0.0,1.0,633.52
20070908,82,0.0,0.0,0.0,2.0,409.34
20070908,85,0.0,0.0,0.0,1.0,170.6
20070908,88,0.0,0.0,0.0,2.0,1618.14
20070908,90,0.0,0.0,0.0,1.0,728.23
20070908,96,0.0,0.0,0.0,1.0,528.84
20070908,99,0.0,0.0,0.0,1.0,256.65
20070908,102,0.0,0.0,0.0,1.0,317.88
20070908,116,0.0,0.0,0.0,1.0,213.47
20070909,18,0.0,0.0,0.0,2.0,1476.94
20070909,19,0.0,0.0,0.0,1.0,727.58
20070909,20,0.0,0.0,0.0,2.0,1450.5
20070909,22,0.0,0.0,0.0,2.0,1426.98
20070909,23,0.0,0.0,0.0,2.0,1342.44
20070909,26,0.0,0.0,0.0,1.0,805.01
20070909,28,0.0,0.0,0.0,1.0,906.73
20070909,31,0.0,0.0,0.0,1.0,555.46
20070909,33,0.0,14.0,5764.22,0.0,0.0
20070909,77,0.0,0.0,0.0,1.0,636.31
20070909,82,0.0,0.0,0.0,1.0,205.06
20070909,89,0.0,0.0,0.0,1.0,666.11
20070909,99,0.0,0.0,0.0,1.0,257.16
20070909,103,0.0,0.0,0.0,1.0,269.34
20070909,106,0.0,0.0,0.0,1.0,79.69
20070909,110,0.0,0.0,0.0,2.0,128.2
20070909,114,0.0,0.0,0.0,1.0,168.18
20070909,118,0.0,0.0,0.0,1.0,222.51
20070910,19,0.0,0.0,0.0,2.0,1453.7
20070910,20,0.0,6.0,4343.7,0.0,0.0
20070910,22,0.0,0.0,0.0,2.0,1433.84
20070910,28,0.0,0.0,0.0,1.0,909.36
20070910,30,0.0,0.0,0.0,1.0,490.05
20070910,31,0.0,0.0,0.0,1.0,553.46
20070910,33,0.0,0.0,0.0,1.0,409.92
20070910,76,0.0,0.0,0.0,1.0,465.86
20070910,79,0.0,0.0,0.0,1.0,461.51
20070910,92,0.0,0.0,0.0,2.0,819.0
20070910,97,0.0,0.0,0.0,1.0,707.97
20070910,99,0.0,0.0,0.0,1.0,256.49
20070910,103,0.0,0.0,0.0,2.0,539.54
20070910,111,0.0,0.0,0.0,1.0,200.52
20070910,112,0.0,0.0,0.0,1.0,159.2
20070910,116,0.0,0.0,0.0,1.0,213.32
20070910,117,0.0,0.0,0.0,2.0,372.04
20070910,118,0.0,0.0,0.0,2.0,442.92
20070911,19,0.0,0.0,0.0,1.0,723.65
20070911,20,0.0,0.0,0.0,1.0,727.42
20070911,21,0.0,0.0,0.0,1.0,702.21
20070911,24,0.0,0.0,0.0,1.0,1012.77
20070911,30,0.0,0.0,0.0,1.0,490.69
20070911,32,0.0,0.0,0.0,2.0,887.4
20070911,33,0.0,0.0,0.0,1.0,411.02
20070911,82,0.0,0.0,0.0,1.0,206.54
20070911,95,0.0,0.0,0.0,1.0,698.19
20070911,97,0.0,0.0,0.0,1.0,710.31
20070911,99,0.0,0.0,0.0,1.0,255.95
20070911,116,0.0,0.0,0.0,2.0,427.28
20070911,118,0.0,0.0,0.0,1.0,222.02
20070912,18,0.0,0.0,0.0,1.0,734.56
20070912,20,0.0,0.0,0.0,1.0,724.08
20070912,21,0.0,0.0,0.0,1.0,702.42
20070912,22,0.0,0.0,0.0,2.0,1434.54
20070912,23,0.0,0.0,0.0,1.0,664.73
20070912,25,0.0,0.0,0.0,2.0,1988.92
20070912,26,0.0,0.0,0.0,1.0,806.13
20070912,29,0.0,0.0,0.0,1.0,427.12
20070912,30,0.0,0.0,0.0,2.0,978.54
20070912,31,0.0,0.0,0.0,2.0,1104.8
20070912,32,0.0,0.0,0.0,1.0,445.43
20070912,75,0.0,0.0,0.0,2.0,792.52
20070912,98,0.0,0.0,0.0,1.0,603.38
20070912,99,0.0,0.0,0.0,2.0,511.86
20070912,102,0.0,0.0,0.0,1.0,319.69
20070912,104,0.0,0.0,0.0,1.0,309.09
20070912,106,0.0,0.0,0.0,1.0,79.67
20070912,118,0.0,0.0,0.0,1.0,222.15
20070913,18,0.0,10.0,7336.1,1.0,733.61
20070913,19,0.0,0.0,0.0,4.0,2873.8
20070913,20,0.0,0.0,0.0,3.0,2178.3
20070913,21,0.0,0.0,0.0,2.0,1408.92
20070913,23,0.0,0.0,0.0,5.0,3322.35
20070913,25,0.0,0.0,0.0,2.0,1983.16
20070913,30,0.0,3.0,1468.11,2.0,978.74
20070913,31,0.0,0.0,0.0,1.0,555.0
20070913,32,0.0,0.0,0.0,1.0,443.82
20070913,75,0.0,0.0,0.0,1.0,398.24
20070913,81,0.0,0.0,0.0,1.0,186.87
20070913,85,0.0,0.0,0.0,1.0,170.41
20070913,87,0.0,0.0,0.0,1.0,173.53
20070913,93,0.0,0.0,0.0,1.0,412.03
20070913,98,0.0,0.0,0.0,1.0,603.8
20070913,99,0.0,0.0,0.0,2.0,509.8
20070913,101,0.0,0.0,0.0,1.0,161.26
20070913,106,0.0,20.0,1589.0,0.0,0.0
20070913,117,0.0,0.0,0.0,1.0,186.13
20070914,19,0.0,0.0,0.0,2.0,1438.2
20070914,20,0.0,0.0,0.0,1.0,725.89
20070914,21,0.0,0.0,0.0,1.0,705.66
20070914,22,0.0,0.0,0.0,1.0,720.72
20070914,23,0.0,0.0,0.0,1.0,661.61
20070914,25,0.0,15.0,14852.85,0.0,0.0
20070914,30,0.0,11.0,5364.7,1.0,487.7
20070914,31,0.0,0.0,0.0,2.0,1107.22
20070914,83,0.0,0.0,0.0,1.0,172.91
20070914,91,0.0,0.0,0.0,1.0,713.34
20070914,92,0.0,0.0,0.0,2.0,815.48
20070914,93,0.0,0.0,0.0,2.0,820.52
20070914,97,0.0,0.0,0.0,1.0,703.93
20070914,98,0.0,0.0,0.0,2.0,1206.28
20070914,99,0.0,0.0,0.0,2.0,508.9
20070914,105,0.0,0.0,0.0,1.0,304.84
20070914,116,0.0,0.0,0.0,2.0,426.12
20070914,117,0.0,0.0,0.0,1.0,185.74
20070915,18,0.0,0.0,0.0,2.0,1460.32
20070915,19,0.0,0.0,0.0,2.0,1433.16
20070915,20,0.0,17.0,12354.92,1.0,726.76
20070915,22,0.0,0.0,0.0,1.0,719.2
20070915,28,0.0,0.0,0.0,1.0,917.83
20070915,32,0.0,0.0,0.0,2.0,894.76
20070915,77,0.0,0.0,0.0,1.0,634.83
20070915,79,0.0,0.0,0.0,1.0,467.03
20070915,82,0.0,0.0,0.0,1.0,206.74
20070915,85,0.0,0.0,0.0,1.0,171.34
20070915,95,0.0,0.0,0.0,1.0,700.91
20070915,99,0.0,0.0,0.0,2.0,508.54
20070915,110,0.0,0.0,0.0,1.0,62.73
20070915,117,0.0,0.0,0.0,2.0,371.48
20070916,22,0.0,0.0,0.0,1.0,720.21
20070916,23,0.0,0.0,0.0,2.0,1316.74
20070916,29,0.0,0.0,0.0,1.0,429.3
20070916,32,0.0,0.0,0.0,1.0,449.62
20070916,33,0.0,0.0,0.0,1.0,407.99
20070916,79,0.0,0.0,0.0,1.0,469.09
20070916,85,0.0,18.0,3078.0,0.0,0.0
20070916,89,0.0,0.0,0.0,1.0,670.9
20070916,95,0.0,0.0,0.0,2.0,1401.26
20070916,116,0.0,0.0,0.0,3.0,634.41
20070917,21,0.0,0.0,0.0,1.0,703.82
20070917,22,0.0,0.0,0.0,2.0,1439.98
20070917,33,0.0,0.0,0.0,1.0,409.99
20070917,79,0.0,0.0,0.0,1.0,468.24
20070917,84,0.0,0.0,0.0,1.0,179.12
20070917,88,0.0,0.0,0.0,1.0,806.14
20070917,93,0.0,0.0,0.0,1.0,408.66
20070917,95,0.0,11.0,7706.16,0.0,0.0
20070917,96,0.0,0.0,0.0,2.0,1070.3
20070917,100,0.0,0.0,0.0,1.0,192.47
20070917,102,0.0,0.0,0.0,1.0,317.9
20070917,103,0.0,0.0,0.0,1.0,270.71
20070917,116,0.0,0.0,0.0,2.0,423.44
20070917,117,0.0,0.0,0.0,1.0,186.09
20070917,118,0.0,0.0,0.0,1.0,220.02
20070918,18,0.0,0.0,0.0,1.0,722.37
20070918,20,0.0,0.0,0.0,2.0,1458.32
20070918,21,0.0,0.0,0.0,1.0,706.14
20070918,24,0.0,0.0,0.0,1.0,1024.25
20070918,25,0.0,0.0,0.0,1.0,995.84
20070918,26,0.0,0.0,0.0,1.0,816.98
20070918,28,0.0,0.0,0.0,1.0,916.99
20070918,33,0.0,0.0,0.0,1.0,409.5
20070918,83,0.0,0.0,0.0,1.0,171.57
20070918,84,0.0,0.0,0.0,1.0,179.71
20070918,88,0.0,8.0,6417.52,0.0,0.0
20070918,89,0.0,0.0,0.0,1.0,670.57
20070918,93,0.0,17.0,6944.33,0.0,0.0
20070918,97,0.0,0.0,0.0,1.0,711.41
20070918,103,0.0,0.0,0.0,2.0,541.58
20070918,113,0.0,0.0,0.0,1.0,212.47
20070918,116,0.0,16.0,3400.8,0.0,0.0
20070918,117,0.0,0.0,0.0,1.0,186.47
20070918,118,0.0,0.0,0.0,1.0,220.5
20070919,18,0.0,0.0,0.0,1.0,719.85
20070919,19,0.0,0.0,0.0,2.0,1447.12
20070919,20,0.0,0.0,0.0,1.0,726.53
20070919,21,0.0,0.0,0.0,2.0,1412.98
20070919,23,0.0,0.0,0.0,3.0,1962.66
20070919,24,0.0,0.0,0.0,1.0,1023.94
20070919,25,0.0,0.0,0.0,1.0,1000.22
20070919,27,0.0,0.0,0.0,2.0,1753.16
20070919,28,0.0,0.0,0.0,1.0,918.46
20070919,31,0.0,0.0,0.0,1.0,550.34
20070919,32,0.0,0.0,0.0,3.0,1360.35
20070919,33,0.0,0.0,0.0,1.0,410.64
20070919,79,0.0,0.0,0.0,1.0,470.35
20070919,89,0.0,0.0,0.0,1.0,667.82
20070919,92,0.0,0.0,0.0,1.0,405.33
20070919,95,0.0,0.0,0.0,2.0,1413.2
20070919,96,0.0,0.0,0.0,1.0,536.43
20070919,98,0.0,0.0,0.0,1.0,601.13
20070919,103,0.0,0.0,0.0,1.0,270.84
20070919,109,0.0,0.0,0.0,1.0,76.03
20070919,111,0.0,0.0,0.0,1.0,200.64
20070919,112,0.0,0.0,0.0,1.0,159.8
20070919,116,0.0,0.0,0.0,1.0,211.87
20070920,18,0.0,0.0,0.0,2.0,1446.32
20070920,22,0.0,0.0,0.0,1.0,729.1
20070920,23,0.0,0.0,0.0,1.0,657.23
20070920,24,0.0,0.0,0.0,1.0,1019.23
20070920,26,0.0,0.0,0.0,4.0,3289.88
20070920,31,0.0,0.0,0.0,1.0,549.96
20070920,32,0.0,0.0,0.0,1.0,453.0
20070920,75,0.0,0.0,0.0,1.0,397.43
20070920,77,0.0,0.0,0.0,1.0,633.23
20070920,78,0.0,0.0,0.0,1.0,625.79
20070920,79,0.0,0.0,0.0,2.0,941.92
20070920,89,0.0,0.0,0.0,1.0,665.48
20070920,93,0.0,0.0,0.0,1.0,409.31
20070920,95,0.0,0.0,0.0,1.0,709.92
20070920,98,0.0,0.0,0.0,1.0,599.39
20070920,99,0.0,0.0,0.0,1.0,255.05
20070920,102,0.0,0.0,0.0,1.0,318.66
20070920,113,0.0,0.0,0.0,1.0,212.05
20070920,117,0.0,0.0,0.0,1.0,186.02
20070921,21,0.0,0.0,0.0,1.0,707.2
20070921,22,0.0,0.0,0.0,1.0,729.32
20070921,26,0.0,28.0,23075.08,0.0,0.0
20070921,27,0.0,0.0,0.0,1.0,880.53
20070921,28,0.0,0.0,0.0,2.0,1842.06
20070921,29,0.0,0.0,0.0,1.0,427.62
20070921,32,0.0,0.0,0.0,1.0,455.22
20070921,33,0.0,0.0,0.0,1.0,409.33
20070921,92,0.0,0.0,0.0,1.0,404.47
20070921,98,0.0,19.0,11421.47,0.0,0.0
20070921,99,0.0,0.0,0.0,2.0,512.3
20070921,101,0.0,0.0,0.0,1.0,162.58
20070921,104,0.0,0.0,0.0,1.0,307.85
20070921,105,0.0,0.0,0.0,1.0,304.31
20070921,117,0.0,0.0,0.0,1.0,186.95
20070921,118,0.0,0.0,0.0,1.0,219.77
20070922,18,0.0,0.0,0.0,1.0,729.32
20070922,19,0.0,0.0,0.0,1.0,726.96
20070922,21,0.0,0.0,0.0,2.0,1407.46
20070922,22,0.0,0.0,0.0,2.0,1451.94
20070922,24,0.0,0.0,0.0,1.0,1020.96
20070922,26,0.0,0.0,0.0,2.0,1655.96
20070922,27,0.0,0.0,0.0,1.0,877.8
20070922,30,0.0,0.0,0.0,1.0,485.79
20070922,33,0.0,0.0,0.0,1.0,408.76
20070922,76,0.0,0.0,0.0,1.0,464.4
20070922,78,0.0,0.0,0.0,1.0,623.29
20070922,91,0.0,0.0,0.0,1.0,717.61
20070922,93,0.0,0.0,0.0,1.0,408.2
20070922,95,0.0,0.0,0.0,1.0,714.61
20070922,99,0.0,0.0,0.0,2.0,511.16
20070922,116,0.0,0.0,0.0,2.0,421.7
20070922,117,0.0,0.0,0.0,2.0,374.84
20070923,18,0.0,0.0,0.0,1.0,725.96
20070923,19,0.0,0.0,0.0,3.0,2173.23
20070923,20,0.0,0.0,0.0,1.0,730.81
20070923,23,0.0,0.0,0.0,2.0,1325.8
20070923,25,0.0,0.0,0.0,1.0,998.61
20070923,28,0.0,0.0,0.0,1.0,918.17
20070923,29,0.0,0.0,0.0,1.0,430.31
20070923,31,0.0,0.0,0.0,2.0,1104.98
20070923,33,0.0,0.0,0.0,1.0,409.41
20070923,76,0.0,0.0,0.0,1.0,465.47
20070923,79,0.0,0.0,0.0,1.0,473.07
20070923,99,0.0,0.0,0.0,3.0,764.31
20070923,116,0.0,0.0,0.0,2.0,422.28
20070923,118,0.0,0.0,0.0,1.0,218.11
20070924,19,0.0,21.0,15150.24,1.0,721.44
20070924,20,0.0,0.0,0.0,1.0,728.62
20070924,21,0.0,0.0,0.0,1.0,700.78
20070924,22,0.0,0.0,0.0,1.0,727.7
20070924,25,0.0,0.0,0.0,1.0,995.01
20070924,31,0.0,0.0,0.0,1.0,555.14
20070924,84,0.0,0.0,0.0,1.0,180.86
20070924,89,0.0,0.0,0.0,1.0,667.74
20070924,94,0.0,0.0,0.0,1.0,379.18
20070924,96,0.0,0.0,0.0,1.0,535.62
20070924,97,0.0,0.0,0.0,1.0,713.54
20070924,102,0.0,0.0,0.0,1.0,318.27
20070924,104,0.0,0.0,0.0,1.0,308.96
20070924,114,0.0,0.0,0.0,1.0,170.64
20070924,118,0.0,0.0,0.0,1.0,218.72
20070925,18,0.0,0.0,0.0,1.0,728.0
20070925,21,0.0,0.0,0.0,1.0,702.67
20070925,23,0.0,0.0,0.0,1.0,661.23
20070925,25,0.0,0.0,0.0,1.0,992.93
20070925,26,0.0,0.0,0.0,1.0,828.55
20070925,27,0.0,0.0,0.0,2.0,1750.84
20070925,29,0.0,0.0,0.0,1.0,428.85
20070925,31,0.0,0.0,0.0,1.0,556.86
20070925,76,0.0,0.0,0.0,1.0,461.15
20070925,89,0.0,22.0,14663.66,0.0,0.0
20070925,95,0.0,0.0,0.0,1.0,713.24
20070925,96,0.0,0.0,0.0,1.0,537.71
20070925,98,0.0,0.0,0.0,1.0,598.07
20070925,99,0.0,0.0,0.0,1.0,254.51
20070925,100,0.0,0.0,0.0,2.0,384.66
20070925,111,0.0,0.0,0.0,1.0,200.61
20070925,117,0.0,0.0,0.0,1.0,186.4
20070926,18,0.0,16.0,11702.72,0.0,0.0
20070926,19,0.0,0.0,0.0,3.0,2165.82
20070926,22,0.0,0.0,0.0,1.0,729.74
20070926,25,0.0,0.0,0.0,1.0,995.71
20070926,28,0.0,0.0,0.0,1.0,921.0
20070926,31,0.0,0.0,0.0,1.0,556.31
20070926,85,0.0,0.0,0.0,1.0,171.41
20070926,91,0.0,0.0,0.0,1.0,716.03
20070926,93,0.0,0.0,0.0,1.0,406.08
20070926,96,0.0,14.0,7515.2,0.0,0.0
20070926,97,0.0,0.0,0.0,1.0,717.82
20070926,98,0.0,0.0,0.0,1.0,599.14
20070926,99,0.0,0.0,0.0,1.0,254.61
20070926,108,0.0,0.0,0.0,1.0,80.22
20070926,112,0.0,0.0,0.0,1.0,159.72
20070926,116,0.0,0.0,0.0,1.0,210.64
20070926,117,0.0,7.0,1304.66,1.0,186.38
20070926,118,0.0,0.0,0.0,1.0,217.76
20070927,18,0.0,0.0,0.0,1.0,732.81
20070927,19,0.0,0.0,0.0,1.0,718.4
20070927,21,0.0,0.0,0.0,1.0,704.77
20070927,23,0.0,0.0,0.0,2.0,1323.76
20070927,27,0.0,0.0,0.0,1.0,875.51
20070927,28,0.0,0.0,0.0,1.0,917.32
20070927,30,0.0,0.0,0.0,1.0,486.47
20070927,31,0.0,23.0,12853.78,1.0,558.86
20070927,32,0.0,0.0,0.0,1.0,455.71
20070927,33,0.0,0.0,0.0,2.0,815.12
20070927,75,0.0,0.0,0.0,2.0,794.52
20070927,78,0.0,0.0,0.0,1.0,624.71
20070927,91,0.0,14.0,10033.38,1.0,716.67
20070927,95,0.0,0.0,0.0,1.0,711.74
20070927,96,0.0,0.0,0.0,1.0,536.53
20070927,99,0.0,10.0,2555.8,0.0,0.0
20070927,102,0.0,0.0,0.0,1.0,318.94
20070927,104,0.0,0.0,0.0,1.0,310.32
20070927,107,0.0,0.0,0.0,1.0,62.06
20070927,116,0.0,0.0,0.0,1.0,210.51
20070928,18,0.0,0.0,0.0,1.0,732.95
20070928,20,0.0,0.0,0.0,1.0,726.93
20070928,22,0.0,0.0,0.0,2.0,1463.12
20070928,23,0.0,13.0,8585.59,0.0,0.0
20070928,27,0.0,0.0,0.0,1.0,879.18
20070928,30,0.0,0.0,0.0,2.0,973.42
20070928,76,0.0,0.0,0.0,1.0,456.14
20070928,99,0.0,0.0,0.0,1.0,255.73
20070928,100,0.0,0.0,0.0,1.0,193.83
20070928,104,0.0,0.0,0.0,1.0,309.91
20070928,107,0.0,0.0,0.0,1.0,61.86
20070928,112,0.0,0.0,0.0,1.0,160.37
20070929,18,0.0,0.0,0.0,1.0,734.27
20070929,19,0.0,0.0,0.0,1.0,713.38
20070929,20,0.0,0.0,0.0,1.0,726.57
20070929,21,0.0,0.0,0.0,1.0,702.31
20070929,22,0.0,6.0,4396.38,1.0,732.73
20070929,29,0.0,0.0,0.0,1.0,431.08
20070929,91,0.0,0.0,0.0,1.0,716.02
20070929,92,0.0,0.0,0.0,1.0,403.3
20070929,96,0.0,0.0,0.0,2.0,1064.92
20070929,102,0.0,0.0,0.0,1.0,319.8
20070929,112,0.0,9.0,1436.58,0.0,0.0
20070929,117,0.0,0.0,0.0,1.0,187.3
20070930,19,0.0,0.0,0.0,1.0,711.6
20070930,20,0.0,0.0,0.0,1.0,729.11
20070930,24,0.0,0.0,0.0,1.0,1017.17
20070930,25,0.0,0.0,0.0,1.0,1000.17
20070930,27,0.0,0.0,0.0,2.0,1752.74
20070930,28,0.0,0.0,0.0,1.0,918.22
20070930,31,0.0,0.0,0.0,1.0,561.32
20070930,87,0.0,0.0,0.0,1.0,171.69
20070930,88,0.0,0.0,0.0,1.0,806.24
20070930,89,0.0,0.0,0.0,1.0,670.54
20070930,97,0.0,0.0,0.0,1.0,718.82
20070930,111,0.0,0.0,0.0,1.0,200.27
20070930,113,0.0,0.0,0.0,1.0,214.11
20070930,117,0.0,0.0,0.0,3.0,563.58
20071001,1,0.0,0.0,0.0,10.0,4525.5
20071001,2,0.0,0.0,0.0,12.0,5796.24
20071001,6,0.0,0.0,0.0,26.0,3254.16
20071001,9,0.0,0.0,0.0,3.0,378.9
20071001,11,0.0,0.0,0.0,31.0,4544.29
20071001,12,0.0,0.0,0.0,2.0,780.12
20071001,13,0.0,0.0,0.0,14.0,6164.76
20071001,14,0.0,0.0,0.0,23.0,8596.94
20071001,16,0.0,0.0,0.0,12.0,4966.2
20071001,17,0.0,0.0,0.0,36.0,15587.64
20071001,18,0.0,0.0,0.0,66.0,48427.5
20071001,19,0.0,0.0,0.0,49.0,34997.27
20071001,20,0.0,0.0,0.0,41.0,29986.17
20071001,21,0.0,0.0,0.0,62.0,43516.56
20071001,22,0.0,0.0,0.0,72.0,52593.12
20071001,23,0.0,0.0,0.0,52.0,34351.72
20071001,24,0.0,0.0,0.0,12.0,12177.96
20071001,25,0.0,0.0,0.0,46.0,45860.62
20071001,26,0.0,0.0,0.0,37.0,30618.98
20071001,27,0.0,0.0,0.0,22.0,19299.5
20071001,28,0.0,0.0,0.0,18.0,16549.56
20071001,29,0.0,0.0,0.0,46.0,19841.18
20071001,30,0.0,0.0,0.0,37.0,18139.99
20071001,31,0.0,0.0,0.0,27.0,15195.06
20071001,32,0.0,0.0,0.0,20.0,9170.6
20071001,33,0.0,0.0,0.0,65.0,26425.1
20071001,34,0.0,0.0,0.0,31.0,6529.22
20071001,35,0.0,0.0,0.0,2.0,518.96
20071001,37,0.0,0.0,0.0,51.0,9576.27
20071001,38,0.0,0.0,0.0,30.0,7216.5
20071001,40,0.0,0.0,0.0,6.0,3250.08
20071001,43,0.0,0.0,0.0,19.0,5651.17
20071001,44,0.0,0.0,0.0,17.0,1953.13
20071001,46,0.0,0.0,0.0,2.0,693.94
20071001,47,0.0,0.0,0.0,16.0,5320.64
20071001,48,0.0,0.0,0.0,8.0,2740.96
20071001,49,0.0,0.0,0.0,7.0,2119.88
20071001,50,0.0,0.0,0.0,30.0,8976.0
20071001,51,0.0,0.0,0.0,24.0,7776.72
20071001,52,0.0,0.0,0.0,6.0,631.5
20071001,53,0.0,0.0,0.0,13.0,1571.05
20071001,56,0.0,0.0,0.0,10.0,1070.6
20071001,57,0.0,0.0,0.0,13.0,1328.99
20071001,61,0.0,0.0,0.0,58.0,6807.46
20071001,62,0.0,0.0,0.0,34.0,3980.38
20071001,63,0.0,0.0,0.0,9.0,1118.79
20071001,64,0.0,0.0,0.0,26.0,2027.48
20071001,65,0.0,0.0,0.0,27.0,2592.54
20071001,67,0.0,0.0,0.0,29.0,2240.25
20071001,68,0.0,0.0,0.0,18.0,1296.0
20071001,69,0.0,0.0,0.0,24.0,1811.76
20071001,70,0.0,0.0,0.0,31.0,2965.77
20071001,74,0.0,0.0,0.0,14.0,1254.54
20071001,75,0.0,0.0,0.0,39.0,15309.45
20071001,76,0.0,0.0,0.0,64.0,29096.32
20071001,77,0.0,0.0,0.0,29.0,18373.82
20071001,78,0.0,0.0,0.0,12.0,7563.36
20071001,79,0.0,0.0,0.0,77.0,36545.74
20071001,80,0.0,0.0,0.0,31.0,5509.01
20071001,81,0.0,0.0,0.0,23.0,4225.79
20071001,82,0.0,0.0,0.0,6.0,1244.7
20071001,83,0.0,0.0,0.0,55.0,9397.3
20071001,84,0.0,0.0,0.0,25.0,4570.5
20071001,85,0.0,0.0,0.0,24.0,4141.68
20071001,86,0.0,0.0,0.0,10.0,1694.5
20071001,87,0.0,0.0,0.0,29.0,5000.47
20071001,88,0.0,0.0,0.0,40.0,32172.4
20071001,89,0.0,0.0,0.0,29.0,19531.21
20071001,90,0.0,0.0,0.0,8.0,5869.12
20071001,91,0.0,0.0,0.0,51.0,36787.32
20071001,92,0.0,0.0,0.0,30.0,12174.0
20071001,93,0.0,0.0,0.0,11.0,4480.63
20071001,94,0.0,0.0,0.0,60.0,22691.4
20071001,95,0.0,0.0,0.0,89.0,63464.12
20071001,96,0.0,0.0,0.0,67.0,35960.24
20071001,97,0.0,0.0,0.0,14.0,10063.48
20071001,98,0.0,0.0,0.0,86.0,50905.98
20071001,99,0.0,0.0,0.0,35.0,8962.1
20071001,100,0.0,0.0,0.0,8.0,1559.52
20071001,101,0.0,0.0,0.0,36.0,5886.36
20071001,102,0.0,0.0,0.0,21.0,6707.61
20071001,103,0.0,0.0,0.0,29.0,7715.45
20071001,104,0.0,0.0,0.0,23.0,7104.47
20071001,105,0.0,0.0,0.0,19.0,5821.03
20071001,106,0.0,0.0,0.0,25.0,2017.75
20071001,107,0.0,0.0,0.0,34.0,2119.56
20071001,108,0.0,0.0,0.0,16.0,1290.4
20071001,109,0.0,0.0,0.0,26.0,1940.9
20071001,110,0.0,0.0,0.0,26.0,1661.66
20071001,111,0.0,0.0,0.0,18.0,3617.1
20071001,112,0.0,0.0,0.0,23.0,3668.5
20071001,113,0.0,0.0,0.0,16.0,3408.96
20071001,114,0.0,0.0,0.0,24.0,4044.0
20071001,115,0.0,0.0,0.0,19.0,4043.96
20071001,116,0.0,0.0,0.0,25.0,5254.75
20071001,117,0.0,0.0,0.0,107.0,20142.75
20071001,118,0.0,0.0,0.0,69.0,15048.9
20071002,18,0.0,58.0,42472.82,1.0,732.29
20071002,19,0.0,47.0,33719.68,1.0,717.44
20071002,20,0.0,48.0,35204.16,3.0,2200.26
20071002,21,0.0,79.0,55570.18,3.0,2110.26
20071002,22,0.0,76.0,55481.52,1.0,730.02
20071002,23,0.0,42.0,27864.9,0.0,0.0
20071002,24,0.0,14.0,14268.8,1.0,1019.2
20071002,25,0.0,56.0,55841.52,1.0,997.17
20071002,26,0.0,38.0,31327.2,0.0,0.0
20071002,27,0.0,37.0,32584.79,0.0,0.0
20071002,28,0.0,11.0,10085.24,0.0,0.0
20071002,29,0.0,40.0,17243.2,0.0,0.0
20071002,30,0.0,56.0,27457.92,0.0,0.0
20071002,31,0.0,25.0,14030.25,0.0,0.0
20071002,32,0.0,14.0,6395.06,0.0,0.0
20071002,33,0.0,82.0,33236.24,0.0,0.0
20071002,34,0.0,73.0,15312.48,0.0,0.0
20071002,35,0.0,59.0,15336.46,0.0,0.0
20071002,37,0.0,40.0,7542.8,0.0,0.0
20071002,44,0.0,123.0,14157.3,0.0,0.0
20071002,61,0.0,137.0,16137.23,0.0,0.0
20071002,64,0.0,122.0,9473.3,0.0,0.0
20071002,67,0.0,63.0,4885.02,0.0,0.0
20071002,75,0.0,38.0,14848.12,0.0,0.0
20071002,76,0.0,53.0,24078.43,0.0,0.0
20071002,77,0.0,29.0,18375.85,0.0,0.0
20071002,78,0.0,26.0,16385.72,0.0,0.0
20071002,79,0.0,85.0,40307.0,0.0,0.0
20071002,80,0.0,47.0,8385.74,0.0,0.0
20071002,81,0.0,40.0,7370.4,1.0,184.26
20071002,82,0.0,4.0,827.88,0.0,0.0
20071002,83,0.0,73.0,12439.2,0.0,0.0
20071002,84,0.0,30.0,5505.9,0.0,0.0
20071002,85,0.0,27.0,4678.56,0.0,0.0
20071002,87,0.0,43.0,7437.28,0.0,0.0
20071002,88,0.0,50.0,40215.5,0.0,0.0
20071002,89,0.0,25.0,16876.0,0.0,0.0
20071002,90,0.0,24.0,17577.36,0.0,0.0
20071002,91,0.0,43.0,30867.98,0.0,0.0
20071002,92,0.0,47.0,19148.74,0.0,0.0
20071002,94,0.0,76.0,28788.04,0.0,0.0
20071002,95,0.0,93.0,65991.87,0.0,0.0
20071002,96,0.0,60.0,32338.8,2.0,1077.96
20071002,97,0.0,34.0,24349.44,0.0,0.0
20071002,98,0.0,84.0,49896.0,1.0,594.0
20071002,99,0.0,43.0,10994.24,1.0,255.68
20071002,101,0.0,37.0,6023.23,0.0,0.0
20071002,102,0.0,4.0,1279.32,1.0,319.83
20071002,103,0.0,41.0,10896.16,0.0,0.0
20071002,104,0.0,38.0,11737.82,0.0,0.0
20071002,105,0.0,19.0,5824.07,1.0,306.53
20071002,106,0.0,26.0,2096.9,0.0,0.0
20071002,107,0.0,42.0,2607.78,0.0,0.0
20071002,109,0.0,13.0,966.94,0.0,0.0
20071002,110,0.0,32.0,2046.72,0.0,0.0
20071002,111,0.0,32.0,6426.56,0.0,0.0
20071002,112,0.0,22.0,3498.66,0.0,0.0
20071002,114,0.0,33.0,5575.68,0.0,0.0
20071002,115,0.0,24.0,5084.64,1.0,211.86
20071002,116,0.0,34.0,7129.46,1.0,209.69
20071002,117,0.0,124.0,23453.36,0.0,0.0
20071002,118,0.0,68.0,14818.56,0.0,0.0
20071003,18,0.0,0.0,0.0,1.0,731.41
20071003,19,0.0,0.0,0.0,1.0,718.52
20071003,21,0.0,0.0,0.0,1.0,703.42
20071003,22,0.0,0.0,0.0,1.0,733.38
20071003,32,0.0,0.0,0.0,2.0,909.2
20071003,33,0.0,0.0,0.0,1.0,404.06
20071003,76,0.0,0.0,0.0,1.0,452.45
20071003,79,0.0,0.0,0.0,1.0,474.62
20071003,88,0.0,0.0,0.0,1.0,806.16
20071003,91,0.0,0.0,0.0,1.0,718.94
20071003,93,0.0,0.0,0.0,1.0,405.38
20071003,94,0.0,0.0,0.0,1.0,377.01
20071003,99,0.0,0.0,0.0,2.0,510.58
20071003,103,0.0,0.0,0.0,1.0,265.17
20071003,116,0.0,0.0,0.0,1.0,209.06
20071003,117,0.0,0.0,0.0,1.0,189.9
20071003,118,0.0,0.0,0.0,1.0,217.14
20071004,19,0.0,0.0,0.0,1.0,716.36
20071004,21,0.0,0.0,0.0,1.0,701.52
20071004,27,0.0,0.0,0.0,2.0,1767.5
20071004,29,0.0,0.0,0.0,1.0,431.98
20071004,33,0.0,0.0,0.0,1.0,402.97
20071004,79,0.0,0.0,0.0,1.0,474.72
20071004,89,0.0,0.0,0.0,2.0,1356.56
20071004,90,0.0,0.0,0.0,1.0,735.54
20071004,91,0.0,0.0,0.0,1.0,718.36
20071004,93,0.0,0.0,0.0,1.0,405.42
20071004,95,0.0,0.0,0.0,1.0,709.23
20071004,99,0.0,0.0,0.0,1.0,254.19
20071004,102,0.0,0.0,0.0,1.0,320.82
20071004,103,0.0,0.0,0.0,1.0,264.0
20071004,105,0.0,0.0,0.0,2.0,608.64
20071004,116,0.0,0.0,0.0,2.0,418.46
20071004,117,0.0,0.0,0.0,1.0,189.17
20071005,18,0.0,0.0,0.0,3.0,2179.11
20071005,20,0.0,0.0,0.0,2.0,1474.9
20071005,22,0.0,0.0,0.0,1.0,731.32
20071005,23,0.0,0.0,0.0,1.0,664.71
20071005,27,0.0,0.0,0.0,1.0,886.13
20071005,28,0.0,0.0,0.0,1.0,919.86
20071005,32,0.0,0.0,0.0,1.0,454.28
20071005,79,0.0,0.0,0.0,1.0,474.96
20071005,88,0.0,0.0,0.0,1.0,806.88
20071005,91,0.0,0.0,0.0,1.0,715.27
20071005,96,0.0,0.0,0.0,1.0,540.16
20071005,97,0.0,0.0,0.0,1.0,720.31
20071005,100,0.0,0.0,0.0,2.0,387.16
20071005,102,0.0,23.0,7408.3,0.0,0.0
20071005,108,0.0,0.0,0.0,1.0,81.27
20071005,109,0.0,0.0,0.0,2.0,148.46
20071005,113,0.0,0.0,0.0,1.0,215.56
20071005,116,0.0,0.0,0.0,1.0,209.96
20071005,117,0.0,0.0,0.0,2.0,379.82
20071006,18,0.0,19.0,13820.41,1.0,727.39
20071006,19,0.0,0.0,0.0,1.0,717.86
20071006,21,0.0,0.0,0.0,2.0,1402.48
20071006,22,0.0,0.0,0.0,2.0,1460.44
20071006,23,0.0,0.0,0.0,1.0,665.64
20071006,25,0.0,0.0,0.0,1.0,990.01
20071006,29,0.0,0.0,0.0,1.0,431.8
20071006,31,0.0,0.0,0.0,2.0,1122.96
20071006,32,0.0,0.0,0.0,1.0,455.14
20071006,77,0.0,0.0,0.0,1.0,637.95
20071006,78,0.0,0.0,0.0,1.0,634.7
20071006,88,0.0,0.0,0.0,2.0,1618.12
20071006,89,0.0,0.0,0.0,1.0,676.65
20071006,93,0.0,0.0,0.0,1.0,405.45
20071006,94,0.0,0.0,0.0,1.0,376.14
20071006,103,0.0,0.0,0.0,1.0,263.56
20071006,104,0.0,0.0,0.0,1.0,309.1
20071006,105,0.0,0.0,0.0,1.0,304.38
20071006,106,0.0,0.0,0.0,1.0,81.53
20071006,117,0.0,0.0,0.0,2.0,378.58
20071007,18,0.0,0.0,0.0,2.0,1458.7
20071007,23,0.0,12.0,7982.88,1.0,665.24
20071007,29,0.0,17.0,7319.35,1.0,430.55
20071007,30,0.0,0.0,0.0,1.0,492.07
20071007,32,0.0,14.0,6385.96,0.0,0.0
20071007,33,0.0,0.0,0.0,1.0,400.11
20071007,77,0.0,0.0,0.0,1.0,638.14
20071007,78,0.0,0.0,0.0,1.0,631.98
20071007,81,0.0,0.0,0.0,1.0,183.69
20071007,93,0.0,18.0,7304.04,0.0,0.0
20071007,94,0.0,0.0,0.0,1.0,375.62
20071007,97,0.0,0.0,0.0,1.0,720.59
20071007,101,0.0,0.0,0.0,1.0,161.65
20071007,102,0.0,0.0,0.0,1.0,323.43
20071007,116,0.0,0.0,0.0,2.0,418.24
20071007,117,0.0,0.0,0.0,2.0,376.94
20071007,118,0.0,0.0,0.0,1.0,218.22
20071008,18,0.0,0.0,0.0,1.0,729.2
20071008,19,0.0,0.0,0.0,1.0,718.65
20071008,20,0.0,0.0,0.0,1.0,733.7
20071008,21,0.0,0.0,0.0,1.0,700.11
20071008,26,0.0,0.0,0.0,2.0,1644.8
20071008,29,0.0,0.0,0.0,1.0,428.65
20071008,30,0.0,0.0,0.0,1.0,491.68
20071008,31,0.0,0.0,0.0,2.0,1117.12
20071008,32,0.0,0.0,0.0,1.0,456.05
20071008,33,0.0,0.0,0.0,2.0,801.66
20071008,76,0.0,0.0,0.0,1.0,447.31
20071008,79,0.0,0.0,0.0,1.0,474.34
20071008,82,0.0,0.0,0.0,1.0,209.88
20071008,88,0.0,0.0,0.0,2.0,1611.82
20071008,93,0.0,0.0,0.0,1.0,404.11
20071008,97,0.0,0.0,0.0,1.0,721.38
20071008,102,0.0,0.0,0.0,2.0,644.4
20071008,103,0.0,0.0,0.0,2.0,524.54
20071008,109,0.0,0.0,0.0,1.0,73.88
20071008,110,0.0,0.0,0.0,1.0,64.2
20071008,112,0.0,0.0,0.0,1.0,158.56
20071008,115,0.0,0.0,0.0,1.0,210.63
20071008,117,0.0,0.0,0.0,1.0,188.09
20071008,118,0.0,0.0,0.0,2.0,437.24
20071009,18,0.0,0.0,0.0,2.0,1451.26
20071009,19,0.0,0.0,0.0,1.0,718.65
20071009,20,0.0,0.0,0.0,1.0,730.91
20071009,23,0.0,0.0,0.0,1.0,670.17
20071009,25,0.0,0.0,0.0,1.0,996.55
20071009,76,0.0,15.0,6686.85,2.0,891.58
20071009,77,0.0,0.0,0.0,2.0,1270.28
20071009,78,0.0,0.0,0.0,1.0,631.02
20071009,79,0.0,0.0,0.0,1.0,474.62
20071009,89,0.0,0.0,0.0,1.0,676.58
20071009,92,0.0,0.0,0.0,2.0,815.08
20071009,95,0.0,0.0,0.0,1.0,715.14
20071009,102,0.0,0.0,0.0,2.0,646.52
20071010,18,0.0,0.0,0.0,1.0,726.36
20071010,19,0.0,0.0,0.0,1.0,721.38
20071010,20,0.0,0.0,0.0,1.0,731.56
20071010,21,0.0,0.0,0.0,1.0,703.41
20071010,22,0.0,0.0,0.0,1.0,726.21
20071010,23,0.0,0.0,0.0,2.0,1335.38
20071010,28,0.0,0.0,0.0,1.0,919.01
20071010,30,0.0,0.0,0.0,2.0,980.7
20071010,32,0.0,0.0,0.0,1.0,458.74
20071010,100,0.0,0.0,0.0,1.0,193.44
20071010,104,0.0,0.0,0.0,1.0,308.42
20071010,116,0.0,0.0,0.0,1.0,209.64
20071010,117,0.0,0.0,0.0,1.0,186.69
20071010,118,0.0,0.0,0.0,1.0,219.12
20071011,18,0.0,0.0,0.0,1.0,726.28
20071011,19,0.0,0.0,0.0,1.0,723.76
20071011,20,0.0,0.0,0.0,1.0,733.39
20071011,22,0.0,0.0,0.0,1.0,723.37
20071011,23,0.0,0.0,0.0,3.0,1996.47
20071011,26,0.0,0.0,0.0,1.0,827.76
20071011,32,0.0,0.0,0.0,1.0,457.37
20071011,88,0.0,0.0,0.0,1.0,807.03
20071011,89,0.0,0.0,0.0,1.0,671.78
20071011,90,0.0,0.0,0.0,1.0,730.24
20071011,92,0.0,0.0,0.0,1.0,407.94
20071011,93,0.0,0.0,0.0,1.0,404.92
20071011,95,0.0,0.0,0.0,1.0,719.79
20071011,98,0.0,0.0,0.0,2.0,1192.46
20071011,105,0.0,0.0,0.0,1.0,304.5
20071011,115,0.0,0.0,0.0,1.0,210.91
20071011,116,0.0,0.0,0.0,3.0,628.05
20071012,18,0.0,0.0,0.0,1.0,726.79
20071012,20,0.0,0.0,0.0,2.0,1471.48
20071012,22,0.0,0.0,0.0,2.0,1447.76
20071012,23,0.0,0.0,0.0,1.0,664.55
20071012,24,0.0,0.0,0.0,1.0,1025.59
20071012,25,0.0,0.0,0.0,1.0,1004.13
20071012,26,0.0,0.0,0.0,2.0,1652.7
20071012,27,0.0,0.0,0.0,1.0,893.94
20071012,29,0.0,0.0,0.0,1.0,432.39
20071012,30,0.0,0.0,0.0,1.0,489.71
20071012,32,0.0,0.0,0.0,1.0,456.54
20071012,93,0.0,0.0,0.0,1.0,405.73
20071012,94,0.0,0.0,0.0,2.0,748.9
20071012,99,0.0,0.0,0.0,1.0,252.08
20071012,117,0.0,0.0,0.0,1.0,186.59
20071012,118,0.0,0.0,0.0,1.0,220.06
20071013,20,0.0,0.0,0.0,1.0,737.95
20071013,22,0.0,18.0,12967.38,2.0,1440.82
20071013,23,0.0,0.0,0.0,1.0,663.36
20071013,24,0.0,0.0,0.0,1.0,1026.0
20071013,26,0.0,0.0,0.0,1.0,826.18
20071013,27,0.0,0.0,0.0,1.0,892.42
20071013,30,0.0,0.0,0.0,1.0,489.02
20071013,83,0.0,0.0,0.0,1.0,170.17
20071013,89,0.0,0.0,0.0,1.0,672.44
20071013,90,0.0,0.0,0.0,1.0,726.37
20071013,95,0.0,0.0,0.0,1.0,717.71
20071013,96,0.0,0.0,0.0,1.0,544.55
20071013,98,0.0,0.0,0.0,1.0,596.23
20071013,99,0.0,0.0,0.0,1.0,252.03
20071013,102,0.0,0.0,0.0,2.0,640.78
20071013,110,0.0,0.0,0.0,1.0,63.89
20071013,116,0.0,0.0,0.0,1.0,208.09
20071013,117,0.0,0.0,0.0,1.0,185.96
20071013,118,0.0,21.0,4606.98,0.0,0.0
20071014,18,0.0,0.0,0.0,1.0,726.57
20071014,20,0.0,0.0,0.0,1.0,740.24
20071014,22,0.0,0.0,0.0,1.0,723.07
20071014,24,0.0,0.0,0.0,1.0,1025.59
20071014,27,0.0,0.0,0.0,1.0,895.72
20071014,28,0.0,0.0,0.0,1.0,913.41
20071014,31,0.0,0.0,0.0,1.0,554.98
20071014,75,0.0,0.0,0.0,1.0,390.37
20071014,78,0.0,0.0,0.0,1.0,631.89
20071014,81,0.0,0.0,0.0,1.0,183.74
20071014,84,0.0,0.0,0.0,1.0,182.92
20071014,85,0.0,0.0,0.0,2.0,347.54
20071014,89,0.0,0.0,0.0,1.0,672.64
20071014,91,0.0,0.0,0.0,1.0,720.27
20071014,96,0.0,16.0,8724.96,1.0,545.31
20071014,97,0.0,0.0,0.0,1.0,728.91
20071014,99,0.0,0.0,0.0,1.0,250.82
20071014,104,0.0,0.0,0.0,1.0,311.36
20071014,105,0.0,0.0,0.0,1.0,303.91
20071014,116,0.0,0.0,0.0,2.0,415.22
20071014,117,0.0,0.0,0.0,1.0,186.03
20071014,118,0.0,0.0,0.0,1.0,219.16
20071015,18,0.0,0.0,0.0,2.0,1452.42
20071015,19,0.0,0.0,0.0,1.0,728.53
20071015,20,0.0,0.0,0.0,1.0,736.76
20071015,22,0.0,0.0,0.0,1.0,721.05
20071015,23,0.0,0.0,0.0,1.0,661.77
20071015,30,0.0,0.0,0.0,1.0,487.7
20071015,32,0.0,0.0,0.0,1.0,453.94
20071015,79,0.0,0.0,0.0,1.0,471.44
20071015,85,0.0,0.0,0.0,1.0,173.16
20071015,88,0.0,0.0,0.0,1.0,814.72
20071015,89,0.0,0.0,0.0,1.0,670.02
20071015,91,0.0,18.0,12972.78,1.0,720.71
20071015,92,0.0,0.0,0.0,1.0,405.81
20071015,94,0.0,0.0,0.0,1.0,374.59
20071015,95,0.0,0.0,0.0,1.0,720.87
20071015,98,0.0,0.0,0.0,1.0,600.76
20071015,99,0.0,0.0,0.0,1.0,251.1
20071015,106,0.0,0.0,0.0,1.0,81.01
20071015,116,0.0,0.0,0.0,1.0,207.24
20071015,117,0.0,0.0,0.0,1.0,186.37
20071016,19,0.0,0.0,0.0,1.0,726.27
20071016,20,0.0,0.0,0.0,1.0,736.98
20071016,22,0.0,0.0,0.0,1.0,721.26
20071016,26,0.0,0.0,0.0,1.0,830.4
20071016,28,0.0,0.0,0.0,1.0,917.89
20071016,29,0.0,0.0,0.0,1.0,433.56
20071016,76,0.0,0.0,0.0,1.0,442.22
20071016,77,0.0,0.0,0.0,1.0,637.79
20071016,78,0.0,0.0,0.0,1.0,634.67
20071016,81,0.0,0.0,0.0,1.0,184.73
20071016,89,0.0,0.0,0.0,1.0,671.96
20071016,99,0.0,0.0,0.0,1.0,251.93
20071016,107,0.0,0.0,0.0,1.0,62.26
20071016,115,0.0,0.0,0.0,1.0,213.06
20071016,117,0.0,0.0,0.0,1.0,185.77
20071017,18,0.0,0.0,0.0,2.0,1449.36
20071017,19,0.0,0.0,0.0,1.0,728.08
20071017,20,0.0,3.0,2214.9,1.0,738.3
20071017,22,0.0,0.0,0.0,1.0,721.05
20071017,23,0.0,0.0,0.0,1.0,663.69
20071017,25,0.0,0.0,0.0,1.0,1001.32
20071017,26,0.0,0.0,0.0,2.0,1656.14
20071017,27,0.0,0.0,0.0,1.0,899.66
20071017,29,0.0,0.0,0.0,1.0,432.65
20071017,79,0.0,0.0,0.0,1.0,472.81
20071017,96,0.0,0.0,0.0,1.0,546.56
20071017,98,0.0,0.0,0.0,1.0,602.09
20071017,99,0.0,0.0,0.0,2.0,503.4
20071017,100,0.0,0.0,0.0,1.0,193.86
20071017,105,0.0,0.0,0.0,1.0,304.19
20071017,115,0.0,0.0,0.0,1.0,212.08
20071017,117,0.0,0.0,0.0,1.0,186.66
20071017,118,0.0,0.0,0.0,1.0,219.2
20071018,18,0.0,0.0,0.0,1.0,722.14
20071018,19,0.0,0.0,0.0,1.0,731.51
20071018,21,0.0,0.0,0.0,1.0,694.44
20071018,22,0.0,0.0,0.0,2.0,1446.14
20071018,23,0.0,0.0,0.0,1.0,663.02
20071018,24,0.0,0.0,0.0,3.0,3077.04
20071018,26,0.0,0.0,0.0,1.0,831.72
20071018,27,0.0,0.0,0.0,1.0,903.53
20071018,33,0.0,0.0,0.0,1.0,405.17
20071018,79,0.0,0.0,0.0,1.0,474.61
20071018,81,0.0,0.0,0.0,1.0,184.93
20071018,85,0.0,0.0,0.0,2.0,345.18
20071018,89,0.0,0.0,0.0,1.0,674.52
20071018,91,0.0,0.0,0.0,1.0,718.97
20071018,95,0.0,0.0,0.0,1.0,724.03
20071018,96,0.0,0.0,0.0,1.0,548.91
20071018,97,0.0,0.0,0.0,1.0,732.99
20071018,108,0.0,0.0,0.0,1.0,81.92
20071018,118,0.0,0.0,0.0,1.0,219.97
20071019,19,0.0,6.0,4374.12,3.0,2187.06
20071019,20,0.0,0.0,0.0,2.0,1476.9
20071019,21,0.0,0.0,0.0,2.0,1384.98
20071019,23,0.0,17.0,11249.92,0.0,0.0
20071019,24,0.0,27.0,27571.59,0.0,0.0
20071019,31,0.0,0.0,0.0,1.0,558.31
20071019,32,0.0,0.0,0.0,1.0,451.13
20071019,75,0.0,0.0,0.0,1.0,393.81
20071019,81,0.0,0.0,0.0,1.0,184.91
20071019,89,0.0,0.0,0.0,2.0,1353.88
20071019,92,0.0,0.0,0.0,1.0,403.38
20071019,94,0.0,0.0,0.0,1.0,375.34
20071019,95,0.0,0.0,0.0,1.0,720.7
20071019,97,0.0,0.0,0.0,1.0,730.28
20071019,98,0.0,0.0,0.0,2.0,1201.16
20071019,104,0.0,0.0,0.0,1.0,308.13
20071019,106,0.0,0.0,0.0,1.0,80.99
20071019,116,0.0,0.0,0.0,1.0,208.23
20071019,117,0.0,0.0,0.0,1.0,185.82
20071019,118,0.0,0.0,0.0,1.0,219.31
20071020,18,0.0,0.0,0.0,1.0,718.39
20071020,19,0.0,0.0,0.0,1.0,728.51
20071020,20,0.0,3.0,2225.31,0.0,0.0
20071020,21,0.0,0.0,0.0,1.0,692.15
20071020,22,0.0,0.0,0.0,1.0,726.18
20071020,27,0.0,0.0,0.0,1.0,899.91
20071020,28,0.0,0.0,0.0,1.0,911.38
20071020,31,0.0,0.0,0.0,1.0,559.98
20071020,96,0.0,0.0,0.0,1.0,553.97
20071020,99,0.0,0.0,0.0,1.0,252.88
20071020,101,0.0,0.0,0.0,1.0,163.66
20071020,102,0.0,0.0,0.0,1.0,321.73
20071020,116,0.0,0.0,0.0,1.0,207.8
20071021,20,0.0,0.0,0.0,2.0,1480.58
20071021,21,0.0,0.0,0.0,1.0,694.71
20071021,24,0.0,0.0,0.0,1.0,1025.35
20071021,25,0.0,0.0,0.0,1.0,989.35
20071021,27,0.0,0.0,0.0,2.0,1807.92
20071021,31,0.0,0.0,0.0,1.0,558.41
20071021,33,0.0,0.0,0.0,2.0,812.92
20071021,78,0.0,0.0,0.0,1.0,634.6
20071021,90,0.0,0.0,0.0,1.0,713.81
20071021,95,0.0,0.0,0.0,2.0,1448.46
20071021,105,0.0,0.0,0.0,1.0,304.0
20071021,108,0.0,0.0,0.0,1.0,82.19
20071021,116,0.0,12.0,2492.52,3.0,623.13
20071021,118,0.0,0.0,0.0,1.0,219.92
20071022,18,0.0,0.0,0.0,3.0,2167.02
20071022,19,0.0,0.0,0.0,1.0,726.03
20071022,20,0.0,0.0,0.0,1.0,741.77
20071022,22,0.0,0.0,0.0,1.0,724.72
20071022,23,0.0,0.0,0.0,2.0,1328.8
20071022,25,0.0,0.0,0.0,1.0,989.25
20071022,26,0.0,0.0,0.0,1.0,835.46
20071022,76,0.0,0.0,0.0,1.0,449.7
20071022,77,0.0,0.0,0.0,1.0,630.67
20071022,78,0.0,0.0,0.0,1.0,631.55
20071022,81,0.0,0.0,0.0,1.0,186.08
20071022,94,0.0,0.0,0.0,1.0,378.69
20071022,95,0.0,18.0,13036.14,0.0,0.0
20071022,96,0.0,0.0,0.0,2.0,1106.38
20071022,98,0.0,0.0,0.0,1.0,597.16
20071022,99,0.0,0.0,0.0,1.0,253.87
20071022,105,0.0,0.0,0.0,1.0,304.73
20071022,117,0.0,0.0,0.0,2.0,370.3
20071023,18,0.0,20.0,14436.8,0.0,0.0
20071023,19,0.0,0.0,0.0,1.0,725.45
20071023,20,0.0,11.0,8179.05,2.0,1487.1
20071023,22,0.0,0.0,0.0,3.0,2173.71
20071023,23,0.0,0.0,0.0,2.0,1325.36
20071023,26,0.0,0.0,0.0,1.0,831.62
20071023,30,0.0,0.0,0.0,1.0,485.25
20071023,33,0.0,0.0,0.0,1.0,404.31
20071023,77,0.0,19.0,11970.76,0.0,0.0
20071023,81,0.0,0.0,0.0,1.0,185.45
20071023,88,0.0,0.0,0.0,1.0,823.71
20071023,91,0.0,0.0,0.0,1.0,714.15
20071023,92,0.0,0.0,0.0,1.0,404.14
20071023,95,0.0,0.0,0.0,1.0,726.33
20071023,99,0.0,0.0,0.0,3.0,761.31
20071023,115,0.0,0.0,0.0,1.0,211.74
20071023,117,0.0,6.0,1116.24,1.0,186.04
20071023,118,0.0,0.0,0.0,2.0,439.44
20071024,19,0.0,10.0,7264.7,0.0,0.0
20071024,21,0.0,0.0,0.0,1.0,699.64
20071024,23,0.0,0.0,0.0,1.0,663.14
20071024,24,0.0,0.0,0.0,1.0,1026.87
20071024,30,0.0,0.0,0.0,1.0,483.31
20071024,76,0.0,0.0,0.0,1.0,447.9
20071024,78,0.0,0.0,0.0,1.0,626.63
20071024,82,0.0,0.0,0.0,1.0,209.52
20071024,95,0.0,0.0,0.0,1.0,722.99
20071024,118,0.0,0.0,0.0,1.0,219.11
20071025,19,0.0,0.0,0.0,1.0,725.52
20071025,21,0.0,0.0,0.0,1.0,702.51
20071025,23,0.0,0.0,0.0,1.0,662.68
20071025,25,0.0,0.0,0.0,2.0,1978.48
20071025,30,0.0,0.0,0.0,1.0,484.23
20071025,32,0.0,0.0,0.0,1.0,448.86
20071025,78,0.0,0.0,0.0,1.0,625.94
20071025,90,0.0,0.0,0.0,1.0,715.23
20071025,97,0.0,0.0,0.0,1.0,727.93
20071025,99,0.0,0.0,0.0,1.0,253.79
20071025,104,0.0,0.0,0.0,1.0,305.55
20071025,105,0.0,0.0,0.0,2.0,614.1
20071025,114,0.0,0.0,0.0,1.0,170.35
20071025,118,0.0,0.0,0.0,2.0,439.88
20071026,18,0.0,0.0,0.0,2.0,1456.26
20071026,19,0.0,0.0,0.0,2.0,1457.72
20071026,20,0.0,0.0,0.0,2.0,1484.7
20071026,21,0.0,0.0,0.0,1.0,699.63
20071026,22,0.0,0.0,0.0,2.0,1446.8
20071026,23,0.0,0.0,0.0,2.0,1328.54
20071026,27,0.0,0.0,0.0,1.0,904.76
20071026,28,0.0,0.0,0.0,1.0,911.91
20071026,31,0.0,0.0,0.0,1.0,550.8
20071026,33,0.0,0.0,0.0,2.0,808.78
20071026,77,0.0,0.0,0.0,1.0,627.7
20071026,80,0.0,0.0,0.0,1.0,179.53
20071026,88,0.0,0.0,0.0,1.0,818.45
20071026,99,0.0,17.0,4329.56,0.0,0.0
20071026,101,0.0,0.0,0.0,1.0,163.72
20071026,105,0.0,13.0,3976.83,0.0,0.0
20071026,116,0.0,0.0,0.0,1.0,206.2
20071026,117,0.0,0.0,0.0,2.0,372.48
20071027,19,0.0,0.0,0.0,2.0,1454.96
20071027,23,0.0,0.0,0.0,2.0,1326.4
20071027,25,0.0,0.0,0.0,2.0,1963.08
20071027,27,0.0,0.0,0.0,1.0,906.85
20071027,28,0.0,21.0,19167.33,0.0,0.0
20071027,29,0.0,0.0,0.0,1.0,431.85
20071027,32,0.0,0.0,0.0,1.0,445.14
20071027,77,0.0,0.0,0.0,1.0,626.57
20071027,78,0.0,0.0,0.0,1.0,627.32
20071027,83,0.0,0.0,0.0,1.0,167.94
20071027,91,0.0,0.0,0.0,1.0,710.44
20071027,102,0.0,0.0,0.0,1.0,326.77
20071027,109,0.0,0.0,0.0,1.0,73.6
20071027,117,0.0,0.0,0.0,1.0,185.91
20071027,118,0.0,0.0,0.0,1.0,220.8
20071028,21,0.0,0.0,0.0,1.0,699.55
20071028,23,0.0,0.0,0.0,2.0,1321.9
20071028,24,0.0,0.0,0.0,1.0,1032.52
20071028,26,0.0,0.0,0.0,3.0,2538.54
20071028,28,0.0,0.0,0.0,1.0,915.74
20071028,29,0.0,0.0,0.0,1.0,432.63
20071028,32,0.0,0.0,0.0,1.0,446.25
20071028,33,0.0,0.0,0.0,1.0,404.55
20071028,78,0.0,0.0,0.0,1.0,628.2
20071028,89,0.0,0.0,0.0,1.0,685.23
20071028,92,0.0,0.0,0.0,1.0,405.11
20071028,94,0.0,0.0,0.0,1.0,380.12
20071028,98,0.0,0.0,0.0,1.0,594.88
20071028,99,0.0,0.0,0.0,1.0,255.39
20071028,116,0.0,0.0,0.0,1.0,206.04
20071028,117,0.0,0.0,0.0,2.0,370.22
20071029,18,0.0,0.0,0.0,1.0,728.27
20071029,19,0.0,0.0,0.0,1.0,725.73
20071029,20,0.0,0.0,0.0,2.0,1476.1
20071029,22,0.0,0.0,0.0,1.0,722.46
20071029,24,0.0,0.0,0.0,1.0,1034.69
20071029,25,0.0,0.0,0.0,1.0,977.02
20071029,84,0.0,0.0,0.0,1.0,182.65
20071029,90,0.0,0.0,0.0,1.0,717.58
20071029,96,0.0,0.0,0.0,1.0,552.24
20071029,98,0.0,0.0,0.0,1.0,591.96
20071029,109,0.0,0.0,0.0,1.0,73.48
20071029,116,0.0,0.0,0.0,4.0,825.88
20071029,117,0.0,16.0,2961.76,0.0,0.0
20071030,18,0.0,0.0,0.0,1.0,731.33
20071030,21,0.0,0.0,0.0,2.0,1409.74
20071030,23,0.0,0.0,0.0,2.0,1318.06
20071030,24,0.0,0.0,0.0,1.0,1033.55
20071030,28,0.0,0.0,0.0,1.0,915.63
20071030,29,0.0,0.0,0.0,1.0,433.44
20071030,32,0.0,0.0,0.0,1.0,446.16
20071030,77,0.0,0.0,0.0,1.0,631.79
20071030,82,0.0,0.0,0.0,1.0,210.92
20071030,86,0.0,0.0,0.0,1.0,168.71
20071030,88,0.0,0.0,0.0,1.0,812.89
20071030,95,0.0,0.0,0.0,1.0,712.92
20071030,98,0.0,0.0,0.0,1.0,590.9
20071030,99,0.0,0.0,0.0,2.0,507.22
20071030,102,0.0,0.0,0.0,1.0,325.98
20071030,104,0.0,0.0,0.0,1.0,306.73
20071030,110,0.0,0.0,0.0,1.0,63.67
20071030,113,0.0,0.0,0.0,1.0,212.41
20071030,116,0.0,0.0,0.0,2.0,412.94
20071030,118,0.0,0.0,0.0,1.0,221.22
20071031,18,0.0,0.0,0.0,1.0,731.33
20071031,19,0.0,0.0,0.0,2.0,1446.52
20071031,21,0.0,20.0,14098.8,1.0,704.94
20071031,23,0.0,0.0,0.0,1.0,657.18
20071031,27,0.0,0.0,0.0,2.0,1816.02
20071031,30,0.0,0.0,0.0,2.0,972.02
20071031,33,0.0,0.0,0.0,1.0,405.03
20071031,76,0.0,0.0,0.0,2.0,894.16
20071031,80,0.0,0.0,0.0,1.0,178.4
20071031,89,0.0,0.0,0.0,1.0,687.21
20071031,90,0.0,0.0,0.0,1.0,718.79
20071031,92,0.0,0.0,0.0,1.0,409.09
20071031,99,0.0,0.0,0.0,2.0,509.7
20071031,111,0.0,0.0,0.0,1.0,202.69
20071031,116,0.0,0.0,0.0,1.0,206.43
20071031,118,0.0,0.0,0.0,1.0,222.04
20071101,1,0.0,0.0,0.0,17.0,7872.02
20071101,2,0.0,0.0,0.0,19.0,9315.89
20071101,6,0.0,0.0,0.0,22.0,2734.16
20071101,9,0.0,0.0,0.0,4.0,512.2
20071101,11,0.0,0.0,0.0,52.0,7697.56
20071101,12,0.0,0.0,0.0,14.0,5471.76
20071101,13,0.0,0.0,0.0,31.0,13861.03
20071101,14,0.0,0.0,0.0,51.0,18440.07
20071101,16,0.0,0.0,0.0,27.0,11257.92
20071101,17,0.0,0.0,0.0,47.0,20140.44
20071101,18,0.0,0.0,0.0,81.0,58976.91
20071101,19,0.0,0.0,0.0,54.0,39044.16
20071101,20,0.0,0.0,0.0,71.0,52552.78
20071101,21,0.0,0.0,0.0,133.0,93513.63
20071101,22,0.0,0.0,0.0,104.0,75663.12
20071101,23,0.0,0.0,0.0,55.0,36213.65
20071101,24,0.0,0.0,0.0,46.0,47676.24
20071101,25,0.0,0.0,0.0,53.0,52108.54
20071101,26,0.0,0.0,0.0,62.0,52841.98
20071101,27,0.0,0.0,0.0,48.0,43667.52
20071101,28,0.0,0.0,0.0,36.0,32850.72
20071101,29,0.0,0.0,0.0,76.0,32832.76
20071101,30,0.0,0.0,0.0,60.0,29204.4
20071101,31,0.0,0.0,0.0,51.0,28275.93
20071101,32,0.0,0.0,0.0,39.0,17562.48
20071101,33,0.0,0.0,0.0,53.0,21501.04
20071101,34,0.0,0.0,0.0,36.0,7461.72
20071101,35,0.0,0.0,0.0,2.0,515.28
20071101,37,0.0,0.0,0.0,54.0,10328.58
20071101,38,0.0,0.0,0.0,38.0,9366.24
20071101,40,0.0,0.0,0.0,20.0,11011.4
20071101,43,0.0,0.0,0.0,25.0,7354.75
20071101,44,0.0,0.0,0.0,29.0,3348.34
20071101,45,0.0,0.0,0.0,12.0,4035.24
20071101,46,0.0,0.0,0.0,17.0,5921.95
20071101,47,0.0,0.0,0.0,68.0,22594.36
20071101,48,0.0,0.0,0.0,13.0,4329.65
20071101,49,0.0,0.0,0.0,14.0,4386.48
20071101,50,0.0,0.0,0.0,51.0,15209.73
20071101,51,0.0,0.0,0.0,17.0,5705.2
20071101,52,0.0,0.0,0.0,24.0,2565.84
20071101,53,0.0,0.0,0.0,24.0,2899.2
20071101,56,0.0,0.0,0.0,20.0,2137.4
20071101,57,0.0,0.0,0.0,23.0,2342.55
20071101,61,0.0,0.0,0.0,84.0,9724.68
20071101,62,0.0,0.0,0.0,49.0,5756.03
20071101,63,0.0,0.0,0.0,21.0,2609.25
20071101,64,0.0,0.0,0.0,43.0,3341.96
20071101,65,0.0,0.0,0.0,38.0,3668.14
20071101,67,0.0,0.0,0.0,46.0,3579.26
20071101,68,0.0,0.0,0.0,52.0,3735.68
20071101,69,0.0,0.0,0.0,52.0,4024.8
20071101,70,0.0,0.0,0.0,56.0,5308.8
20071101,74,0.0,0.0,0.0,51.0,4565.01
20071101,75,0.0,0.0,0.0,76.0,29799.6
20071101,76,0.0,0.0,0.0,54.0,24132.6
20071101,77,0.0,0.0,0.0,38.0,24087.06
20071101,78,0.0,0.0,0.0,13.0,8176.35
20071101,79,0.0,0.0,0.0,89.0,42372.9
20071101,80,0.0,0.0,0.0,53.0,9414.39
20071101,81,0.0,0.0,0.0,34.0,6316.18
20071101,82,0.0,0.0,0.0,19.0,4017.93
20071101,83,0.0,0.0,0.0,53.0,8876.44
20071101,84,0.0,0.0,0.0,66.0,12064.14
20071101,85,0.0,0.0,0.0,37.0,6463.53
20071101,86,0.0,0.0,0.0,9.0,1522.98
20071101,87,0.0,0.0,0.0,87.0,14915.28
20071101,88,0.0,0.0,0.0,89.0,72238.63
20071101,89,0.0,0.0,0.0,53.0,36367.01
20071101,90,0.0,0.0,0.0,14.0,10111.36
20071101,91,0.0,0.0,0.0,88.0,62824.08
20071101,92,0.0,0.0,0.0,34.0,13877.1
20071101,93,0.0,0.0,0.0,10.0,4013.0
20071101,94,0.0,0.0,0.0,92.0,34977.48
20071101,95,0.0,0.0,0.0,105.0,75193.65
20071101,96,0.0,0.0,0.0,65.0,35762.35
20071101,97,0.0,0.0,0.0,39.0,28405.65
20071101,98,0.0,0.0,0.0,134.0,79448.6
20071101,99,0.0,0.0,0.0,58.0,14711.7
20071101,100,0.0,0.0,0.0,8.0,1562.0
20071101,101,0.0,0.0,0.0,91.0,14833.91
20071101,102,0.0,0.0,0.0,20.0,6547.0
20071101,103,0.0,0.0,0.0,50.0,13251.5
20071101,104,0.0,0.0,0.0,19.0,5847.06
20071101,105,0.0,0.0,0.0,19.0,5817.8
20071101,106,0.0,0.0,0.0,49.0,3985.17
20071101,107,0.0,0.0,0.0,47.0,2916.35
20071101,108,0.0,0.0,0.0,45.0,3681.45
20071101,109,0.0,0.0,0.0,54.0,3980.34
20071101,110,0.0,0.0,0.0,51.0,3229.32
20071101,111,0.0,0.0,0.0,17.0,3462.73
20071101,112,0.0,0.0,0.0,38.0,6195.14
20071101,113,0.0,0.0,0.0,21.0,4424.07
20071101,114,0.0,0.0,0.0,48.0,8093.28
20071101,115,0.0,0.0,0.0,13.0,2759.77
20071101,116,0.0,21.0,4328.1,34.0,7007.4
20071101,117,0.0,0.0,0.0,93.0,17384.49
20071101,118,0.0,0.0,0.0,90.0,20015.1
20071102,1,0.0,71.0,32833.95,0.0,0.0
20071102,14,0.0,54.0,19477.8,0.0,0.0
20071102,17,0.0,132.0,56700.6,0.0,0.0
20071102,18,0.0,82.0,59484.44,2.0,1450.84
20071102,19,0.0,75.0,54021.75,1.0,720.29
20071102,20,0.0,77.0,56755.16,2.0,1474.16
20071102,21,0.0,127.0,89660.73,0.0,0.0
20071102,22,0.0,126.0,91917.0,2.0,1459.0
20071102,23,0.0,55.0,36170.2,1.0,657.64
20071102,24,0.0,38.0,39191.68,0.0,0.0
20071102,25,0.0,52.0,51370.8,0.0,0.0
20071102,26,0.0,71.0,60234.27,1.0,848.37
20071102,27,0.0,55.0,49935.6,0.0,0.0
20071102,28,0.0,30.0,27427.5,0.0,0.0
20071102,29,0.0,79.0,34251.24,0.0,0.0
20071102,30,0.0,57.0,27658.11,0.0,0.0
20071102,31,0.0,60.0,33432.0,1.0,557.2
20071102,32,0.0,48.0,21626.4,0.0,0.0
20071102,33,0.0,63.0,25550.28,0.0,0.0
20071102,37,0.0,136.0,25952.88,0.0,0.0
20071102,38,0.0,60.0,14808.0,0.0,0.0
20071102,40,0.0,113.0,61940.95,0.0,0.0
20071102,46,0.0,7.0,2449.65,0.0,0.0
20071102,47,0.0,44.0,14679.72,0.0,0.0
20071102,48,0.0,59.0,19616.32,0.0,0.0
20071102,49,0.0,10.0,3120.0,0.0,0.0
20071102,62,0.0,65.0,7603.05,0.0,0.0
20071102,65,0.0,115.0,11091.75,0.0,0.0
20071102,68,0.0,95.0,6836.2,0.0,0.0
20071102,69,0.0,45.0,3466.35,0.0,0.0
20071102,70,0.0,124.0,11778.76,0.0,0.0
20071102,75,0.0,70.0,27482.0,0.0,0.0
20071102,76,0.0,57.0,25587.87,0.0,0.0
20071102,77,0.0,33.0,20882.4,1.0,632.8
20071102,78,0.0,29.0,18221.28,0.0,0.0
20071102,79,0.0,75.0,35607.0,2.0,949.52
20071102,80,0.0,40.0,7132.8,1.0,178.32
20071102,81,0.0,31.0,5737.79,0.0,0.0
20071102,82,0.0,41.0,8673.55,0.0,0.0
20071102,83,0.0,54.0,9067.68,0.0,0.0
20071102,84,0.0,61.0,11137.99,0.0,0.0
20071102,85,0.0,29.0,5046.0,0.0,0.0
20071102,86,0.0,12.0,2028.72,0.0,0.0
20071102,87,0.0,85.0,14635.3,0.0,0.0
20071102,88,0.0,86.0,70110.64,0.0,0.0
20071102,89,0.0,76.0,52081.28,0.0,0.0
20071102,90,0.0,0.0,0.0,1.0,719.93
20071102,91,0.0,90.0,63969.3,0.0,0.0
20071102,92,0.0,24.0,9795.6,0.0,0.0
20071102,94,0.0,87.0,33175.71,0.0,0.0
20071102,95,0.0,99.0,70776.09,0.0,0.0
20071102,96,0.0,80.0,44204.0,0.0,0.0
20071102,97,0.0,32.0,23353.92,0.0,0.0
20071102,98,0.0,144.0,85446.72,0.0,0.0
20071102,99,0.0,62.0,15789.54,0.0,0.0
20071102,100,0.0,18.0,3501.18,0.0,0.0
20071102,101,0.0,93.0,15159.93,0.0,0.0
20071102,102,0.0,28.0,9168.6,1.0,327.45
20071102,103,0.0,39.0,10316.67,1.0,264.53
20071102,104,0.0,9.0,2766.06,0.0,0.0
20071102,105,0.0,28.0,8549.8,1.0,305.35
20071102,106,0.0,35.0,2849.0,0.0,0.0
20071102,107,0.0,43.0,2664.28,0.0,0.0
20071102,108,0.0,63.0,5145.84,0.0,0.0
20071102,109,0.0,68.0,4994.6,0.0,0.0
20071102,110,0.0,36.0,2270.16,0.0,0.0
20071102,111,0.0,28.0,5724.88,1.0,204.46
20071102,112,0.0,48.0,7847.52,0.0,0.0
20071102,113,0.0,22.0,4646.84,0.0,0.0
20071102,114,0.0,56.0,9484.16,0.0,0.0
20071102,115,0.0,10.0,2127.5,0.0,0.0
20071102,116,0.0,19.0,3909.63,1.0,205.77
20071102,117,0.0,103.0,19213.62,0.0,0.0
20071102,118,0.0,102.0,22679.7,0.0,0.0
20071103,18,0.0,0.0,0.0,1.0,723.24
20071103,21,0.0,0.0,0.0,3.0,2120.1
20071103,23,0.0,0.0,0.0,1.0,656.0
20071103,26,0.0,0.0,0.0,1.0,845.06
20071103,27,0.0,0.0,0.0,2.0,1823.64
20071103,29,0.0,0.0,0.0,2.0,869.82
20071103,30,0.0,0.0,0.0,2.0,971.52
20071103,31,0.0,0.0,0.0,1.0,559.43
20071103,32,0.0,0.0,0.0,1.0,450.86
20071103,33,0.0,0.0,0.0,1.0,405.72
20071103,77,0.0,0.0,0.0,1.0,630.01
20071103,78,0.0,0.0,0.0,1.0,630.58
20071103,85,0.0,0.0,0.0,1.0,173.34
20071103,86,0.0,0.0,0.0,1.0,168.47
20071103,88,0.0,0.0,0.0,1.0,812.96
20071103,90,0.0,12.0,8601.12,0.0,0.0
20071103,92,0.0,0.0,0.0,1.0,407.17
20071103,96,0.0,0.0,0.0,2.0,1103.44
20071103,97,0.0,0.0,0.0,1.0,730.83
20071103,105,0.0,0.0,0.0,1.0,304.22
20071103,106,0.0,0.0,0.0,1.0,81.71
20071103,117,0.0,0.0,0.0,1.0,185.66
20071103,118,0.0,0.0,0.0,4.0,888.24
20071104,19,0.0,0.0,0.0,1.0,720.37
20071104,20,0.0,0.0,0.0,1.0,732.66
20071104,22,0.0,0.0,0.0,1.0,728.97
20071104,23,0.0,23.0,15112.15,1.0,657.05
20071104,31,0.0,0.0,0.0,1.0,557.36
20071104,33,0.0,0.0,0.0,1.0,405.07
20071104,78,0.0,0.0,0.0,1.0,632.72
20071104,82,0.0,0.0,0.0,1.0,210.77
20071104,84,0.0,0.0,0.0,1.0,182.9
20071104,88,0.0,0.0,0.0,1.0,809.87
20071104,91,0.0,0.0,0.0,1.0,710.13
20071104,92,0.0,0.0,0.0,1.0,407.21
20071104,95,0.0,0.0,0.0,1.0,713.06
20071104,99,0.0,0.0,0.0,1.0,253.29
20071104,114,0.0,0.0,0.0,1.0,168.34
20071104,116,0.0,0.0,0.0,1.0,206.71
20071104,117,0.0,0.0,0.0,1.0,186.31
20071104,118,0.0,0.0,0.0,1.0,222.19
20071105,19,0.0,0.0,0.0,2.0,1447.5
20071105,20,0.0,0.0,0.0,1.0,736.18
20071105,21,0.0,0.0,0.0,1.0,704.01
20071105,22,0.0,0.0,0.0,4.0,2903.96
20071105,30,0.0,0.0,0.0,2.0,968.22
20071105,31,0.0,0.0,0.0,1.0,554.74
20071105,33,0.0,0.0,0.0,1.0,403.41
20071105,78,0.0,0.0,0.0,1.0,633.99
20071105,80,0.0,0.0,0.0,1.0,177.06
20071105,95,0.0,0.0,0.0,1.0,712.98
20071105,99,0.0,0.0,0.0,1.0,253.14
20071105,110,0.0,0.0,0.0,1.0,62.55
20071105,112,0.0,0.0,0.0,1.0,162.38
20071105,117,0.0,0.0,0.0,1.0,185.94
20071106,20,0.0,0.0,0.0,1.0,738.97
20071106,22,0.0,0.0,0.0,3.0,2172.3
20071106,23,0.0,0.0,0.0,1.0,658.16
20071106,24,0.0,0.0,0.0,1.0,1023.02
20071106,25,0.0,0.0,0.0,1.0,993.33
20071106,27,0.0,0.0,0.0,1.0,914.46
20071106,30,0.0,0.0,0.0,1.0,486.39
20071106,77,0.0,0.0,0.0,1.0,629.7
20071106,89,0.0,0.0,0.0,2.0,1375.62
20071106,93,0.0,0.0,0.0,1.0,400.06
20071106,95,0.0,0.0,0.0,1.0,711.77
20071106,96,0.0,0.0,0.0,1.0,553.6
20071106,98,0.0,0.0,0.0,1.0,591.95
20071106,102,0.0,0.0,0.0,1.0,330.64
20071106,116,0.0,0.0,0.0,1.0,206.32
20071106,117,0.0,0.0,0.0,1.0,186.25
20071106,118,0.0,0.0,0.0,2.0,445.54
20071107,18,0.0,0.0,0.0,2.0,1447.9
20071107,19,0.0,0.0,0.0,2.0,1436.96
20071107,20,0.0,0.0,0.0,1.0,741.86
20071107,21,0.0,0.0,0.0,1.0,710.79
20071107,23,0.0,0.0,0.0,2.0,1316.06
20071107,24,0.0,0.0,0.0,1.0,1022.1
20071107,30,0.0,0.0,0.0,2.0,968.1
20071107,77,0.0,0.0,0.0,1.0,627.3
20071107,87,0.0,0.0,0.0,1.0,172.14
20071107,89,0.0,0.0,0.0,1.0,685.75
20071107,95,0.0,0.0,0.0,2.0,1427.52
20071107,96,0.0,0.0,0.0,1.0,555.09
20071107,99,0.0,0.0,0.0,1.0,254.74
20071107,108,0.0,0.0,0.0,1.0,82.02
20071107,116,0.0,0.0,0.0,2.0,411.98
20071107,117,0.0,0.0,0.0,1.0,187.0
20071108,19,0.0,0.0,0.0,1.0,717.11
20071108,21,0.0,0.0,0.0,2.0,1423.0
20071108,28,0.0,0.0,0.0,2.0,1821.7
20071108,30,0.0,0.0,0.0,1.0,486.13
20071108,32,0.0,0.0,0.0,1.0,450.85
20071108,33,0.0,0.0,0.0,1.0,404.86
20071108,76,0.0,0.0,0.0,2.0,896.28
20071108,88,0.0,0.0,0.0,1.0,811.08
20071108,93,0.0,0.0,0.0,1.0,398.9
20071108,102,0.0,0.0,0.0,1.0,332.56
20071108,104,0.0,0.0,0.0,1.0,308.47
20071108,116,0.0,0.0,0.0,1.0,205.0
20071108,118,0.0,0.0,0.0,1.0,223.48
20071109,19,0.0,0.0,0.0,1.0,717.76
20071109,20,0.0,0.0,0.0,2.0,1486.22
20071109,21,0.0,0.0,0.0,1.0,708.29
20071109,22,0.0,0.0,0.0,1.0,722.94
20071109,23,0.0,0.0,0.0,1.0,655.73
20071109,24,0.0,0.0,0.0,2.0,2057.72
20071109,27,0.0,0.0,0.0,1.0,914.35
20071109,29,0.0,0.0,0.0,1.0,430.53
20071109,31,0.0,0.0,0.0,1.0,561.09
20071109,79,0.0,0.0,0.0,1.0,482.16
20071109,81,0.0,0.0,0.0,1.0,184.6
20071109,84,0.0,0.0,0.0,1.0,182.24
20071109,87,0.0,0.0,0.0,1.0,171.64
20071109,88,0.0,16.0,13042.24,0.0,0.0
20071109,89,0.0,0.0,0.0,2.0,1369.02
20071109,91,0.0,0.0,0.0,2.0,1422.36
20071109,94,0.0,0.0,0.0,1.0,372.16
20071109,98,0.0,0.0,0.0,2.0,1184.48
20071109,108,0.0,0.0,0.0,1.0,82.17
20071109,116,0.0,5.0,1021.8,1.0,204.36
20071109,117,0.0,0.0,0.0,1.0,187.41
20071109,118,0.0,0.0,0.0,1.0,222.48
20071110,19,0.0,0.0,0.0,1.0,715.82
20071110,20,0.0,0.0,0.0,1.0,746.45
20071110,22,0.0,0.0,0.0,3.0,2176.62
20071110,23,0.0,0.0,0.0,2.0,1314.74
20071110,24,0.0,0.0,0.0,1.0,1031.22
20071110,26,0.0,0.0,0.0,1.0,844.6
20071110,27,0.0,0.0,0.0,2.0,1827.06
20071110,29,0.0,0.0,0.0,1.0,432.55
20071110,30,0.0,0.0,0.0,1.0,486.13
20071110,77,0.0,0.0,0.0,1.0,626.29
20071110,78,0.0,0.0,0.0,1.0,633.09
20071110,88,0.0,0.0,0.0,1.0,818.07
20071110,90,0.0,0.0,0.0,1.0,716.54
20071110,91,0.0,0.0,0.0,1.0,710.97
20071110,95,0.0,0.0,0.0,1.0,714.04
20071110,96,0.0,0.0,0.0,2.0,1117.3
20071110,97,0.0,0.0,0.0,1.0,726.29
20071110,99,0.0,0.0,0.0,1.0,254.5
20071110,104,0.0,0.0,0.0,1.0,308.5
20071110,109,0.0,0.0,0.0,1.0,74.39
20071110,118,0.0,0.0,0.0,2.0,447.04
20071111,20,0.0,0.0,0.0,1.0,744.07
20071111,23,0.0,0.0,0.0,1.0,654.67
20071111,29,0.0,0.0,0.0,1.0,432.34
20071111,31,0.0,0.0,0.0,1.0,564.07
20071111,76,0.0,0.0,0.0,1.0,447.51
20071111,79,0.0,0.0,0.0,1.0,483.8
20071111,88,0.0,0.0,0.0,1.0,818.48
20071111,97,0.0,0.0,0.0,1.0,723.6
20071111,104,0.0,18.0,5542.38,0.0,0.0
20071111,112,0.0,0.0,0.0,1.0,160.82
20071112,19,0.0,0.0,0.0,1.0,716.6
20071112,21,0.0,0.0,0.0,3.0,2132.73
20071112,22,0.0,0.0,0.0,2.0,1448.9
20071112,26,0.0,0.0,0.0,1.0,849.76
20071112,28,0.0,0.0,0.0,1.0,919.44
20071112,29,0.0,0.0,0.0,1.0,430.52
20071112,32,0.0,0.0,0.0,1.0,451.16
20071112,33,0.0,0.0,0.0,1.0,403.36
20071112,75,0.0,0.0,0.0,1.0,391.53
20071112,76,0.0,0.0,0.0,2.0,898.24
20071112,79,0.0,14.0,6753.46,0.0,0.0
20071112,84,0.0,0.0,0.0,1.0,181.84
20071112,92,0.0,0.0,0.0,1.0,406.71
20071112,99,0.0,0.0,0.0,2.0,509.16
20071112,102,0.0,0.0,0.0,2.0,672.38
20071112,103,0.0,0.0,0.0,1.0,265.9
20071112,116,0.0,0.0,0.0,1.0,203.04
20071112,118,0.0,0.0,0.0,1.0,225.0
20071113,18,0.0,0.0,0.0,1.0,733.7
20071113,21,0.0,0.0,0.0,2.0,1422.96
20071113,22,0.0,0.0,0.0,1.0,725.9
20071113,23,0.0,0.0,0.0,3.0,1953.63
20071113,26,0.0,0.0,0.0,2.0,1698.84
20071113,33,0.0,0.0,0.0,1.0,404.93
20071113,77,0.0,0.0,0.0,1.0,631.57
20071113,80,0.0,0.0,0.0,1.0,178.26
20071113,81,0.0,0.0,0.0,1.0,183.66
20071113,83,0.0,0.0,0.0,1.0,169.21
20071113,89,0.0,0.0,0.0,1.0,685.39
20071113,95,0.0,0.0,0.0,1.0,713.75
20071113,102,0.0,0.0,0.0,2.0,673.4
20071113,116,0.0,0.0,0.0,1.0,203.06
20071113,117,0.0,0.0,0.0,1.0,186.83
20071114,18,0.0,0.0,0.0,1.0,734.73
20071114,21,0.0,12.0,8560.8,1.0,713.4
20071114,28,0.0,0.0,0.0,1.0,916.5
20071114,30,0.0,0.0,0.0,1.0,488.37
20071114,31,0.0,0.0,0.0,1.0,570.46
20071114,32,0.0,0.0,0.0,1.0,451.29
20071114,33,0.0,0.0,0.0,1.0,403.96
20071114,75,0.0,0.0,0.0,1.0,392.15
20071114,76,0.0,0.0,0.0,1.0,450.29
20071114,80,0.0,0.0,0.0,1.0,178.06
20071114,88,0.0,0.0,0.0,1.0,809.75
20071114,91,0.0,0.0,0.0,1.0,705.86
20071114,95,0.0,0.0,0.0,1.0,716.03
20071114,97,0.0,0.0,0.0,1.0,722.44
20071114,98,0.0,0.0,0.0,1.0,597.35
20071114,103,0.0,0.0,0.0,1.0,264.06
20071114,104,0.0,0.0,0.0,1.0,308.01
20071114,107,0.0,0.0,0.0,1.0,62.16
20071114,110,0.0,0.0,0.0,1.0,62.63
20071114,113,0.0,0.0,0.0,1.0,210.33
20071114,116,0.0,0.0,0.0,2.0,406.44
20071114,117,0.0,0.0,0.0,3.0,559.71
20071114,118,0.0,0.0,0.0,3.0,678.78
20071115,20,0.0,0.0,0.0,1.0,746.96
20071115,21,0.0,0.0,0.0,1.0,713.19
20071115,23,0.0,0.0,0.0,1.0,647.43
20071115,25,0.0,0.0,0.0,1.0,991.5
20071115,28,0.0,0.0,0.0,2.0,1841.06
20071115,30,0.0,13.0,6350.63,0.0,0.0
20071115,33,0.0,0.0,0.0,2.0,810.92
20071115,75,0.0,0.0,0.0,1.0,393.4
20071115,76,0.0,0.0,0.0,1.0,452.54
20071115,77,0.0,0.0,0.0,1.0,630.18
20071115,78,0.0,0.0,0.0,1.0,633.53
20071115,79,0.0,0.0,0.0,1.0,478.88
20071115,80,0.0,19.0,3380.48,0.0,0.0
20071115,81,0.0,0.0,0.0,1.0,183.29
20071115,85,0.0,0.0,0.0,2.0,341.7
20071115,91,0.0,0.0,0.0,1.0,707.06
20071115,96,0.0,0.0,0.0,1.0,558.52
20071115,103,0.0,0.0,0.0,1.0,263.43
20071115,104,0.0,0.0,0.0,1.0,306.74
20071115,105,0.0,0.0,0.0,3.0,915.72
20071115,110,0.0,4.0,249.84,0.0,0.0
20071115,116,0.0,13.0,2654.08,0.0,0.0
20071115,118,0.0,0.0,0.0,2.0,450.76
20071116,18,0.0,0.0,0.0,3.0,2198.46
20071116,20,0.0,8.0,5998.4,1.0,749.8
20071116,22,0.0,0.0,0.0,1.0,726.62
20071116,23,0.0,0.0,0.0,1.0,648.92
20071116,25,0.0,0.0,0.0,1.0,992.69
20071116,27,0.0,0.0,0.0,1.0,912.25
20071116,28,0.0,0.0,0.0,2.0,1832.96
20071116,75,0.0,0.0,0.0,1.0,395.25
20071116,88,0.0,0.0,0.0,1.0,814.7
20071116,89,0.0,0.0,0.0,1.0,686.14
20071116,96,0.0,0.0,0.0,1.0,557.63
20071116,98,0.0,0.0,0.0,1.0,601.84
20071116,102,0.0,0.0,0.0,1.0,335.45
20071116,106,0.0,0.0,0.0,1.0,81.73
20071116,116,0.0,0.0,0.0,1.0,203.18
20071116,117,0.0,0.0,0.0,1.0,185.71
20071116,118,0.0,0.0,0.0,1.0,226.26
20071117,18,0.0,0.0,0.0,3.0,2201.97
20071117,21,0.0,0.0,0.0,1.0,711.34
20071117,22,0.0,0.0,0.0,2.0,1457.6
20071117,27,0.0,0.0,0.0,1.0,913.71
20071117,31,0.0,0.0,0.0,1.0,571.43
20071117,33,0.0,0.0,0.0,1.0,405.45
20071117,75,0.0,0.0,0.0,1.0,393.83
20071117,79,0.0,0.0,0.0,1.0,479.74
20071117,80,0.0,0.0,0.0,1.0,177.03
20071117,89,0.0,0.0,0.0,1.0,684.84
20071117,93,0.0,0.0,0.0,1.0,398.09
20071117,94,0.0,0.0,0.0,1.0,374.31
20071117,96,0.0,0.0,0.0,2.0,1117.6
20071117,97,0.0,0.0,0.0,2.0,1458.06
20071117,99,0.0,0.0,0.0,1.0,257.1
20071117,107,0.0,0.0,0.0,1.0,61.76
20071117,116,0.0,0.0,0.0,1.0,203.99
20071117,117,0.0,0.0,0.0,3.0,557.25
20071117,118,0.0,0.0,0.0,2.0,453.34
20071118,18,0.0,0.0,0.0,2.0,1465.92
20071118,19,0.0,0.0,0.0,3.0,2138.4
20071118,22,0.0,0.0,0.0,2.0,1452.64
20071118,29,0.0,0.0,0.0,1.0,431.72
20071118,79,0.0,0.0,0.0,1.0,480.7
20071118,80,0.0,0.0,0.0,1.0,177.74
20071118,81,0.0,0.0,0.0,1.0,183.97
20071118,88,0.0,0.0,0.0,1.0,815.34
20071118,89,0.0,0.0,0.0,1.0,687.51
20071118,90,0.0,0.0,0.0,1.0,725.02
20071118,97,0.0,0.0,0.0,1.0,727.64
20071118,98,0.0,0.0,0.0,1.0,603.4
20071118,99,0.0,0.0,0.0,1.0,256.72
20071118,102,0.0,0.0,0.0,1.0,336.32
20071118,105,0.0,0.0,0.0,1.0,302.83
20071118,107,0.0,0.0,0.0,1.0,61.82
20071118,108,0.0,0.0,0.0,1.0,82.44
20071118,118,0.0,12.0,2724.12,2.0,454.02
20071119,18,0.0,0.0,0.0,2.0,1465.18
20071119,19,0.0,0.0,0.0,2.0,1432.3
20071119,20,0.0,0.0,0.0,2.0,1491.34
20071119,21,0.0,0.0,0.0,1.0,710.05
20071119,22,0.0,0.0,0.0,2.0,1458.02
20071119,23,0.0,0.0,0.0,1.0,650.28
20071119,26,0.0,0.0,0.0,1.0,856.81
20071119,27,0.0,0.0,0.0,1.0,912.87
20071119,28,0.0,0.0,0.0,1.0,923.09
20071119,31,0.0,0.0,0.0,1.0,573.49
20071119,78,0.0,0.0,0.0,1.0,635.17
20071119,95,0.0,0.0,0.0,1.0,715.95
20071119,96,0.0,0.0,0.0,1.0,561.21
20071119,97,0.0,26.0,18983.12,1.0,730.12
20071119,99,0.0,0.0,0.0,1.0,256.28
20071119,100,0.0,0.0,0.0,1.0,191.62
20071120,18,0.0,7.0,5152.28,1.0,736.04
20071120,20,0.0,0.0,0.0,2.0,1491.64
20071120,21,0.0,0.0,0.0,1.0,711.05
20071120,22,0.0,14.0,10226.58,0.0,0.0
20071120,24,0.0,0.0,0.0,1.0,1025.11
20071120,29,0.0,0.0,0.0,1.0,431.12
20071120,31,0.0,0.0,0.0,1.0,574.92
20071120,32,0.0,0.0,0.0,1.0,445.09
20071120,91,0.0,0.0,0.0,1.0,701.69
20071120,92,0.0,0.0,0.0,1.0,404.38
20071120,95,0.0,8.0,5748.8,2.0,1437.2
20071120,99,0.0,0.0,0.0,2.0,513.9
20071120,114,0.0,0.0,0.0,1.0,167.47
20071120,116,0.0,0.0,0.0,2.0,405.68
20071120,118,0.0,0.0,0.0,1.0,225.92
20071121,18,0.0,0.0,0.0,1.0,737.29
20071121,22,0.0,0.0,0.0,2.0,1461.82
20071121,23,0.0,0.0,0.0,2.0,1298.88
20071121,24,0.0,0.0,0.0,1.0,1028.08
20071121,28,0.0,0.0,0.0,2.0,1844.52
20071121,30,0.0,0.0,0.0,1.0,486.17
20071121,31,0.0,0.0,0.0,1.0,574.23
20071121,80,0.0,0.0,0.0,1.0,177.07
20071121,88,0.0,0.0,0.0,1.0,813.7
20071121,89,0.0,0.0,0.0,1.0,692.4
20071121,92,0.0,0.0,0.0,1.0,405.27
20071121,98,0.0,0.0,0.0,1.0,596.85
20071121,99,0.0,0.0,0.0,1.0,257.77
20071121,102,0.0,0.0,0.0,1.0,338.71
20071121,104,0.0,0.0,0.0,2.0,615.2
20071121,105,0.0,0.0,0.0,2.0,606.02
20071121,116,0.0,0.0,0.0,1.0,202.93
20071121,117,0.0,0.0,0.0,1.0,186.32
20071122,18,0.0,0.0,0.0,1.0,738.91
20071122,19,0.0,0.0,0.0,1.0,716.71
20071122,20,0.0,0.0,0.0,3.0,2238.57
20071122,22,0.0,0.0,0.0,2.0,1456.4
20071122,23,0.0,0.0,0.0,2.0,1305.12
20071122,24,0.0,0.0,0.0,1.0,1031.68
20071122,26,0.0,0.0,0.0,1.0,861.95
20071122,27,0.0,0.0,0.0,1.0,911.04
20071122,29,0.0,0.0,0.0,1.0,430.56
20071122,31,0.0,0.0,0.0,1.0,576.76
20071122,33,0.0,0.0,0.0,2.0,818.46
20071122,77,0.0,0.0,0.0,1.0,635.04
20071122,78,0.0,0.0,0.0,1.0,635.1
20071122,81,0.0,0.0,0.0,1.0,183.87
20071122,91,0.0,0.0,0.0,1.0,698.46
20071122,96,0.0,0.0,0.0,2.0,1133.9
20071122,97,0.0,0.0,0.0,2.0,1455.98
20071122,98,0.0,0.0,0.0,2.0,1190.48
20071122,99,0.0,0.0,0.0,1.0,258.0
20071122,103,0.0,0.0,0.0,1.0,268.31
20071122,107,0.0,0.0,0.0,2.0,124.46
20071122,110,0.0,0.0,0.0,1.0,62.8
20071122,117,0.0,0.0,0.0,1.0,186.32
20071122,118,0.0,0.0,0.0,2.0,450.56
20071123,18,0.0,0.0,0.0,1.0,737.66
20071123,19,0.0,0.0,0.0,1.0,720.01
20071123,20,0.0,19.0,14130.87,0.0,0.0
20071123,22,0.0,0.0,0.0,4.0,2912.24
20071123,23,0.0,0.0,0.0,1.0,652.36
20071123,75,0.0,0.0,0.0,1.0,393.94
20071123,78,0.0,0.0,0.0,1.0,636.69
20071123,81,0.0,0.0,0.0,2.0,369.08
20071123,90,0.0,0.0,0.0,1.0,717.23
20071123,93,0.0,0.0,0.0,1.0,396.92
20071123,94,0.0,0.0,0.0,1.0,368.36
20071123,95,0.0,0.0,0.0,2.0,1435.74
20071123,96,0.0,0.0,0.0,2.0,1139.44
20071123,97,0.0,0.0,0.0,1.0,724.71
20071123,104,0.0,0.0,0.0,1.0,308.61
20071123,116,0.0,0.0,0.0,1.0,203.15
20071124,18,0.0,0.0,0.0,2.0,1468.22
20071124,19,0.0,0.0,0.0,1.0,716.55
20071124,20,0.0,0.0,0.0,2.0,1480.62
20071124,21,0.0,0.0,0.0,3.0,2148.33
20071124,23,0.0,0.0,0.0,5.0,3256.25
20071124,24,0.0,0.0,0.0,1.0,1033.63
20071124,25,0.0,0.0,0.0,1.0,993.56
20071124,27,0.0,0.0,0.0,1.0,914.13
20071124,77,0.0,0.0,0.0,2.0,1271.74
20071124,90,0.0,0.0,0.0,1.0,716.8
20071124,94,0.0,0.0,0.0,1.0,369.65
20071124,95,0.0,0.0,0.0,2.0,1439.04
20071124,96,0.0,0.0,0.0,2.0,1144.34
20071124,99,0.0,0.0,0.0,3.0,777.72
20071124,103,0.0,0.0,0.0,1.0,268.98
20071124,105,0.0,0.0,0.0,1.0,300.23
20071124,109,0.0,0.0,0.0,2.0,148.16
20071124,118,0.0,0.0,0.0,1.0,226.19
20071125,18,0.0,18.0,13243.14,1.0,735.73
20071125,19,0.0,0.0,0.0,1.0,717.41
20071125,21,0.0,0.0,0.0,1.0,715.75
20071125,22,0.0,0.0,0.0,3.0,2187.87
20071125,23,0.0,4.0,2604.48,0.0,0.0
20071125,25,0.0,11.0,10875.7,1.0,988.7
20071125,26,0.0,0.0,0.0,1.0,864.36
20071125,29,0.0,0.0,0.0,2.0,860.6
20071125,30,0.0,0.0,0.0,1.0,483.4
20071125,31,0.0,0.0,0.0,1.0,576.57
20071125,76,0.0,0.0,0.0,1.0,456.64
20071125,77,0.0,0.0,0.0,1.0,633.77
20071125,78,0.0,0.0,0.0,1.0,642.05
20071125,99,0.0,21.0,5433.12,0.0,0.0
20071125,113,0.0,0.0,0.0,1.0,209.89
20071125,116,0.0,0.0,0.0,2.0,405.68
20071125,117,0.0,0.0,0.0,2.0,368.7
20071126,18,0.0,0.0,0.0,1.0,736.02
20071126,20,0.0,0.0,0.0,4.0,2955.6
20071126,21,0.0,0.0,0.0,2.0,1429.06
20071126,22,0.0,0.0,0.0,2.0,1463.26
20071126,76,0.0,0.0,0.0,1.0,458.01
20071126,77,0.0,17.0,10777.32,1.0,633.96
20071126,78,0.0,0.0,0.0,1.0,641.6
20071126,79,0.0,0.0,0.0,1.0,482.85
20071126,89,0.0,0.0,0.0,1.0,695.1
20071126,92,0.0,0.0,0.0,1.0,407.22
20071126,93,0.0,0.0,0.0,1.0,398.27
20071126,97,0.0,0.0,0.0,1.0,728.11
20071126,100,0.0,0.0,0.0,1.0,190.45
20071126,101,0.0,0.0,0.0,1.0,166.56
20071126,115,0.0,0.0,0.0,1.0,206.19
20071126,116,0.0,0.0,0.0,2.0,404.38
20071127,18,0.0,0.0,0.0,1.0,736.1
20071127,19,0.0,0.0,0.0,1.0,718.92
20071127,20,0.0,0.0,0.0,1.0,739.93
20071127,21,0.0,3.0,2135.46,2.0,1423.64
20071127,22,0.0,0.0,0.0,1.0,728.41
20071127,23,0.0,0.0,0.0,3.0,1952.37
20071127,25,0.0,0.0,0.0,1.0,988.68
20071127,27,0.0,0.0,0.0,1.0,916.14
20071127,29,0.0,0.0,0.0,1.0,429.44
20071127,31,0.0,0.0,0.0,1.0,575.82
20071127,78,0.0,0.0,0.0,1.0,638.9
20071127,84,0.0,0.0,0.0,1.0,183.89
20071127,85,0.0,0.0,0.0,1.0,170.52
20071127,87,0.0,0.0,0.0,1.0,170.23
20071127,88,0.0,0.0,0.0,1.0,811.73
20071127,93,0.0,21.0,8405.46,0.0,0.0
20071127,95,0.0,0.0,0.0,3.0,2168.07
20071127,96,0.0,0.0,0.0,2.0,1145.48
20071127,98,0.0,0.0,0.0,1.0,593.92
20071127,107,0.0,0.0,0.0,1.0,62.93
20071127,115,0.0,0.0,0.0,1.0,206.46
20071127,116,0.0,0.0,0.0,3.0,606.69
20071128,18,0.0,0.0,0.0,1.0,733.82
20071128,19,0.0,0.0,0.0,4.0,2883.72
20071128,20,0.0,0.0,0.0,1.0,742.6
20071128,22,0.0,19.0,13803.69,0.0,0.0
20071128,23,0.0,21.0,13639.29,1.0,649.49
20071128,27,0.0,0.0,0.0,1.0,918.34
20071128,28,0.0,0.0,0.0,1.0,925.73
20071128,29,0.0,26.0,11124.1,0.0,0.0
20071128,30,0.0,0.0,0.0,1.0,484.65
20071128,31,0.0,0.0,0.0,2.0,1146.8
20071128,33,0.0,0.0,0.0,2.0,814.34
20071128,76,0.0,0.0,0.0,1.0,458.97
20071128,78,0.0,0.0,0.0,1.0,639.1
20071128,79,0.0,0.0,0.0,1.0,485.7
20071128,80,0.0,0.0,0.0,1.0,175.16
20071128,90,0.0,0.0,0.0,2.0,1448.98
20071128,91,0.0,0.0,0.0,1.0,691.77
20071128,94,0.0,0.0,0.0,1.0,371.68
20071128,95,0.0,15.0,10808.85,0.0,0.0
20071128,98,0.0,0.0,0.0,3.0,1784.97
20071128,104,0.0,0.0,0.0,1.0,310.55
20071128,109,0.0,0.0,0.0,1.0,73.18
20071128,116,0.0,21.0,4265.94,0.0,0.0
20071128,117,0.0,0.0,0.0,2.0,367.92
20071129,19,0.0,23.0,16536.54,0.0,0.0
20071129,20,0.0,0.0,0.0,2.0,1482.66
20071129,23,0.0,0.0,0.0,1.0,648.71
20071129,25,0.0,0.0,0.0,1.0,988.07
20071129,27,0.0,0.0,0.0,1.0,917.79
20071129,28,0.0,0.0,0.0,2.0,1848.68
20071129,31,0.0,0.0,0.0,1.0,574.89
20071129,77,0.0,0.0,0.0,1.0,629.21
20071129,85,0.0,0.0,0.0,1.0,170.56
20071129,90,0.0,0.0,0.0,1.0,726.96
20071129,91,0.0,0.0,0.0,1.0,693.98
20071129,94,0.0,0.0,0.0,1.0,371.68
20071129,95,0.0,0.0,0.0,2.0,1434.26
20071129,96,0.0,0.0,0.0,1.0,571.25
20071129,97,0.0,0.0,0.0,1.0,737.54
20071129,98,0.0,22.0,13101.44,0.0,0.0
20071129,99,0.0,0.0,0.0,4.0,1030.84
20071129,100,0.0,0.0,0.0,1.0,189.49
20071129,102,0.0,0.0,0.0,1.0,332.23
20071129,116,0.0,0.0,0.0,2.0,406.86
20071129,117,0.0,0.0,0.0,4.0,735.48
20071129,118,0.0,0.0,0.0,5.0,1143.85
20071130,18,0.0,0.0,0.0,1.0,738.59
20071130,21,0.0,0.0,0.0,1.0,718.17
20071130,22,0.0,0.0,0.0,1.0,728.91
20071130,28,0.0,17.0,15646.12,1.0,920.36
20071130,30,0.0,0.0,0.0,1.0,482.81
20071130,31,0.0,0.0,0.0,1.0,573.17
20071130,75,0.0,0.0,0.0,1.0,397.49
20071130,76,0.0,0.0,0.0,1.0,460.76
20071130,83,0.0,0.0,0.0,1.0,170.78
20071130,88,0.0,0.0,0.0,1.0,815.22
20071130,89,0.0,0.0,0.0,1.0,695.16
20071130,93,0.0,0.0,0.0,1.0,397.39
20071130,95,0.0,0.0,0.0,2.0,1428.24
20071130,100,0.0,0.0,0.0,1.0,190.29
20071130,102,0.0,0.0,0.0,1.0,333.56
20071130,104,0.0,0.0,0.0,1.0,310.46
20071130,107,0.0,0.0,0.0,1.0,63.3
20071130,108,0.0,0.0,0.0,1.0,82.83
20071130,111,0.0,0.0,0.0,1.0,208.44
20071130,113,0.0,0.0,0.0,1.0,206.86
20071130,117,0.0,0.0,0.0,1.0,184.68
20071130,118,0.0,0.0,0.0,1.0,229.78
20071201,1,0.0,0.0,0.0,15.0,7068.3
20071201,2,0.0,0.0,0.0,12.0,6007.2
20071201,6,0.0,0.0,0.0,22.0,2695.88
20071201,9,0.0,0.0,0.0,9.0,1151.28
20071201,11,0.0,0.0,0.0,47.0,6854.95
20071201,12,0.0,0.0,0.0,1.0,392.16
20071201,13,0.0,0.0,0.0,28.0,12670.56
20071201,14,0.0,0.0,0.0,60.0,21264.0
20071201,16,0.0,0.0,0.0,34.0,14154.88
20071201,17,0.0,0.0,0.0,52.0,22453.08
20071201,18,0.0,0.0,0.0,74.0,54831.04
20071201,19,0.0,0.0,0.0,71.0,51026.99
20071201,20,0.0,0.0,0.0,64.0,47682.56
20071201,21,0.0,5.0,3596.6,107.0,76967.24
20071201,22,0.0,0.0,0.0,110.0,80404.5
20071201,23,0.0,0.0,0.0,74.0,47865.42
20071201,24,0.0,0.0,0.0,18.0,18575.1
20071201,25,0.0,0.0,0.0,51.0,50396.16
20071201,26,0.0,0.0,0.0,38.0,33072.54
20071201,27,0.0,0.0,0.0,44.0,40657.76
20071201,28,0.0,0.0,0.0,20.0,18499.4
20071201,29,0.0,0.0,0.0,60.0,25696.2
20071201,30,0.0,0.0,0.0,40.0,19356.8
20071201,31,0.0,0.0,0.0,42.0,24075.24
20071201,32,0.0,0.0,0.0,18.0,7940.88
20071201,33,0.0,0.0,0.0,75.0,30501.0
20071201,34,0.0,0.0,0.0,38.0,7902.1
20071201,35,0.0,0.0,0.0,4.0,1023.24
20071201,37,0.0,0.0,0.0,50.0,9480.0
20071201,38,0.0,0.0,0.0,31.0,7716.21
20071201,40,0.0,0.0,0.0,19.0,10403.07
20071201,43,0.0,0.0,0.0,32.0,9404.48
20071201,44,0.0,0.0,0.0,12.0,1369.56
20071201,45,0.0,0.0,0.0,6.0,2019.42
20071201,46,0.0,0.0,0.0,4.0,1412.44
20071201,47,0.0,0.0,0.0,47.0,15619.04
20071201,48,0.0,0.0,0.0,12.0,4016.04
20071201,49,0.0,0.0,0.0,18.0,5543.46
20071201,50,0.0,0.0,0.0,50.0,15060.5
20071201,51,0.0,0.0,0.0,33.0,11223.63
20071201,52,0.0,0.0,0.0,21.0,2246.16
20071201,53,0.0,0.0,0.0,12.0,1489.08
20071201,56,0.0,0.0,0.0,21.0,2242.8
20071201,57,0.0,0.0,0.0,15.0,1552.05
20071201,61,0.0,0.0,0.0,82.0,9489.04
20071201,62,0.0,0.0,0.0,52.0,6150.56
20071201,63,0.0,0.0,0.0,4.0,511.24
20071201,64,0.0,0.0,0.0,66.0,5058.24
20071201,65,0.0,0.0,0.0,50.0,4733.0
20071201,67,0.0,0.0,0.0,28.0,2171.4
20071201,68,0.0,0.0,0.0,35.0,2467.5
20071201,69,0.0,0.0,0.0,59.0,4439.16
20071201,70,0.0,0.0,0.0,39.0,3675.36
20071201,74,0.0,0.0,0.0,42.0,3705.66
20071201,75,0.0,8.0,3189.12,71.0,28303.44
20071201,76,0.0,21.0,9654.75,96.0,44136.0
20071201,77,0.0,0.0,0.0,62.0,38839.28
20071201,78,0.0,0.0,0.0,33.0,21217.02
20071201,79,0.0,0.0,0.0,82.0,39715.06
20071201,80,0.0,0.0,0.0,72.0,12586.32
20071201,81,0.0,0.0,0.0,48.0,8808.96
20071201,82,0.0,0.0,0.0,29.0,6046.79
20071201,83,0.0,0.0,0.0,97.0,16521.04
20071201,84,0.0,0.0,0.0,66.0,12066.78
20071201,85,0.0,0.0,0.0,42.0,7130.34
20071201,86,0.0,0.0,0.0,35.0,5875.1
20071201,87,0.0,0.0,0.0,85.0,14455.95
20071201,88,0.0,0.0,0.0,85.0,68954.55
20071201,89,0.0,0.0,0.0,48.0,33284.16
20071201,90,0.0,0.0,0.0,32.0,23253.12
20071201,91,0.0,0.0,0.0,110.0,76743.7
20071201,92,0.0,0.0,0.0,42.0,17013.78
20071201,93,0.0,0.0,0.0,33.0,13176.57
20071201,94,0.0,0.0,0.0,81.0,29988.63
20071201,95,0.0,0.0,0.0,113.0,80356.56
20071201,96,0.0,0.0,0.0,56.0,31788.4
20071201,97,0.0,0.0,0.0,23.0,16959.74
20071201,98,0.0,0.0,0.0,132.0,78326.16
20071201,99,0.0,0.0,0.0,44.0,11397.32
20071201,100,0.0,0.0,0.0,38.0,7253.44
20071201,101,0.0,0.0,0.0,78.0,13085.28
20071201,102,0.0,0.0,0.0,26.0,8697.52
20071201,103,0.0,0.0,0.0,51.0,13731.75
20071201,104,0.0,0.0,0.0,24.0,7487.52
20071201,105,0.0,0.0,0.0,29.0,8765.83
20071201,106,0.0,0.0,0.0,48.0,3884.16
20071201,107,0.0,0.0,0.0,40.0,2532.4
20071201,108,0.0,0.0,0.0,30.0,2482.5
20071201,109,0.0,0.0,0.0,42.0,3075.66
20071201,110,0.0,0.0,0.0,41.0,2571.93
20071201,111,0.0,0.0,0.0,23.0,4808.61
20071201,112,0.0,0.0,0.0,42.0,6616.26
20071201,113,0.0,23.0,4759.85,23.0,4759.85
20071201,114,0.0,0.0,0.0,36.0,6147.36
20071201,115,0.0,0.0,0.0,26.0,5372.64
20071201,116,0.0,0.0,0.0,19.0,3879.8
20071201,117,0.0,0.0,0.0,106.0,19608.94
20071201,118,0.0,14.0,3216.92,85.0,19531.3
20071202,11,0.0,60.0,8764.2,0.0,0.0
20071202,13,0.0,123.0,55648.89,0.0,0.0
20071202,14,0.0,37.0,13089.12,0.0,0.0
20071202,18,0.0,63.0,46502.82,2.0,1476.28
20071202,19,0.0,52.0,37225.76,1.0,715.88
20071202,20,0.0,61.0,45374.85,0.0,0.0
20071202,21,0.0,120.0,86248.8,0.0,0.0
20071202,22,0.0,104.0,76307.92,0.0,0.0
20071202,23,0.0,70.0,45223.5,0.0,0.0
20071202,24,0.0,19.0,19652.27,0.0,0.0
20071202,25,0.0,56.0,55143.2,1.0,984.7
20071202,26,0.0,45.0,39219.75,1.0,871.55
20071202,27,0.0,51.0,47323.92,0.0,0.0
20071202,28,0.0,15.0,13857.9,0.0,0.0
20071202,29,0.0,41.0,17622.21,2.0,859.62
20071202,30,0.0,47.0,22814.74,0.0,0.0
20071202,31,0.0,44.0,25224.32,0.0,0.0
20071202,32,0.0,14.0,6156.5,1.0,439.75
20071202,33,0.0,93.0,37749.63,1.0,405.91
20071202,34,0.0,146.0,30360.7,0.0,0.0
20071202,38,0.0,25.0,6249.5,0.0,0.0
20071202,45,0.0,88.0,29493.2,0.0,0.0
20071202,46,0.0,45.0,15921.9,0.0,0.0
20071202,47,0.0,151.0,50325.28,0.0,0.0
20071202,49,0.0,137.0,42368.62,0.0,0.0
20071202,50,0.0,145.0,43716.05,0.0,0.0
20071202,56,0.0,77.0,8239.77,0.0,0.0
20071202,61,0.0,124.0,14415.0,0.0,0.0
20071202,67,0.0,114.0,8801.94,0.0,0.0
20071202,69,0.0,29.0,2191.53,0.0,0.0
20071202,74,0.0,71.0,6240.19,0.0,0.0
20071202,75,0.0,82.0,32550.72,0.0,0.0
20071202,76,0.0,99.0,45592.47,1.0,460.53
20071202,77,0.0,67.0,42164.44,1.0,629.32
20071202,78,0.0,42.0,26906.04,0.0,0.0
20071202,79,0.0,97.0,47045.97,0.0,0.0
20071202,80,0.0,73.0,12715.14,0.0,0.0
20071202,81,0.0,62.0,11349.72,0.0,0.0
20071202,82,0.0,22.0,4589.42,0.0,0.0
20071202,83,0.0,83.0,14070.99,0.0,0.0
20071202,84,0.0,65.0,11926.85,0.0,0.0
20071202,85,0.0,62.0,10519.54,0.0,0.0
20071202,86,0.0,40.0,6730.4,0.0,0.0
20071202,87,0.0,69.0,11713.44,0.0,0.0
20071202,88,0.0,87.0,70675.32,1.0,812.36
20071202,89,0.0,41.0,28447.44,0.0,0.0
20071202,90,0.0,31.0,22508.48,2.0,1452.16
20071202,91,0.0,115.0,80063.0,1.0,696.2
20071202,92,0.0,56.0,22796.48,3.0,1221.24
20071202,93,0.0,23.0,9199.31,0.0,0.0
20071202,94,0.0,90.0,33303.6,0.0,0.0
20071202,95,0.0,114.0,81011.82,2.0,1421.26
20071202,96,0.0,61.0,34723.64,2.0,1138.48
20071202,97,0.0,8.0,5894.96,1.0,736.87
20071202,98,0.0,132.0,78505.68,1.0,594.74
20071202,99,0.0,32.0,8317.76,1.0,259.93
20071202,100,0.0,43.0,8189.78,0.0,0.0
20071202,101,0.0,92.0,15445.88,1.0,167.89
20071202,102,0.0,23.0,7732.6,0.0,0.0
20071202,103,0.0,76.0,20399.16,0.0,0.0
20071202,104,0.0,19.0,5922.3,0.0,0.0
20071202,105,0.0,18.0,5466.42,1.0,303.69
20071202,106,0.0,54.0,4382.64,0.0,0.0
20071202,107,0.0,40.0,2527.6,0.0,0.0
20071202,108,0.0,31.0,2569.59,0.0,0.0
20071202,109,0.0,43.0,3154.91,0.0,0.0
20071202,110,0.0,57.0,3562.5,0.0,0.0
20071202,111,0.0,22.0,4597.56,1.0,208.98
20071202,112,0.0,35.0,5506.9,0.0,0.0
20071202,113,0.0,5.0,1037.65,0.0,0.0
20071202,114,0.0,32.0,5443.52,0.0,0.0
20071202,115,0.0,37.0,7661.22,0.0,0.0
20071202,116,0.0,5.0,1018.55,0.0,0.0
20071202,117,0.0,113.0,20956.98,2.0,370.92
20071202,118,0.0,89.0,20352.52,1.0,228.68
20071203,18,0.0,3.0,2206.68,3.0,2206.68
20071203,19,0.0,0.0,0.0,1.0,717.32
20071203,20,0.0,0.0,0.0,1.0,746.3
20071203,21,0.0,0.0,0.0,2.0,1436.76
20071203,22,0.0,0.0,0.0,2.0,1467.76
20071203,23,0.0,0.0,0.0,2.0,1287.46
20071203,24,0.0,0.0,0.0,1.0,1030.29
20071203,28,0.0,0.0,0.0,1.0,925.15
20071203,29,0.0,0.0,0.0,1.0,431.4
20071203,30,0.0,0.0,0.0,2.0,969.58
20071203,32,0.0,0.0,0.0,2.0,880.38
20071203,76,0.0,0.0,0.0,1.0,459.24
20071203,78,0.0,0.0,0.0,2.0,1283.94
20071203,79,0.0,0.0,0.0,1.0,486.86
20071203,82,0.0,0.0,0.0,1.0,208.17
20071203,84,0.0,0.0,0.0,1.0,183.65
20071203,85,0.0,0.0,0.0,1.0,169.35
20071203,86,0.0,0.0,0.0,1.0,168.89
20071203,89,0.0,0.0,0.0,1.0,690.99
20071203,95,0.0,0.0,0.0,1.0,712.54
20071203,99,0.0,0.0,0.0,1.0,259.34
20071203,101,0.0,0.0,0.0,1.0,167.09
20071203,102,0.0,0.0,0.0,1.0,336.74
20071203,103,0.0,0.0,0.0,1.0,267.93
20071203,105,0.0,0.0,0.0,1.0,303.57
20071203,107,0.0,0.0,0.0,1.0,63.1
20071203,111,0.0,0.0,0.0,1.0,207.98
20071203,112,0.0,0.0,0.0,1.0,158.02
20071203,116,0.0,0.0,0.0,2.0,406.6
20071203,117,0.0,0.0,0.0,1.0,184.55
20071203,118,0.0,0.0,0.0,1.0,228.68
20071204,18,0.0,19.0,13969.94,0.0,0.0
20071204,19,0.0,0.0,0.0,2.0,1428.04
20071204,20,0.0,0.0,0.0,1.0,748.69
20071204,22,0.0,0.0,0.0,1.0,732.48
20071204,23,0.0,0.0,0.0,2.0,1293.64
20071204,24,0.0,0.0,0.0,1.0,1026.58
20071204,25,0.0,0.0,0.0,1.0,992.5
20071204,29,0.0,0.0,0.0,1.0,432.35
20071204,30,0.0,0.0,0.0,2.0,965.32
20071204,31,0.0,0.0,0.0,1.0,572.41
20071204,32,0.0,0.0,0.0,1.0,442.3
20071204,33,0.0,0.0,0.0,2.0,810.12
20071204,75,0.0,0.0,0.0,1.0,396.17
20071204,76,0.0,0.0,0.0,1.0,460.48
20071204,77,0.0,0.0,0.0,1.0,629.95
20071204,82,0.0,0.0,0.0,1.0,207.72
20071204,84,0.0,0.0,0.0,1.0,184.41
20071204,89,0.0,0.0,0.0,1.0,687.95
20071204,92,0.0,0.0,0.0,1.0,406.18
20071204,95,0.0,0.0,0.0,1.0,713.19
20071204,97,0.0,0.0,0.0,1.0,735.17
20071204,100,0.0,0.0,0.0,1.0,190.99
20071204,104,0.0,0.0,0.0,1.0,313.98
20071204,105,0.0,11.0,3329.92,1.0,302.72
20071204,107,0.0,0.0,0.0,1.0,62.88
20071204,110,0.0,0.0,0.0,3.0,186.75
20071204,114,0.0,0.0,0.0,2.0,340.32
20071204,115,0.0,0.0,0.0,1.0,207.02
20071204,117,0.0,0.0,0.0,2.0,369.2
20071205,19,0.0,23.0,16410.96,1.0,713.52
20071205,20,0.0,0.0,0.0,3.0,2254.83
20071205,21,0.0,0.0,0.0,2.0,1436.46
20071205,22,0.0,0.0,0.0,1.0,736.14
20071205,23,0.0,0.0,0.0,1.0,648.24
20071205,24,0.0,0.0,0.0,1.0,1024.53
20071205,28,0.0,0.0,0.0,1.0,925.79
20071205,29,0.0,0.0,0.0,2.0,865.22
20071205,30,0.0,0.0,0.0,1.0,481.45
20071205,31,0.0,0.0,0.0,1.0,572.7
20071205,32,0.0,13.0,5750.55,1.0,442.35
20071205,76,0.0,0.0,0.0,1.0,459.01
20071205,77,0.0,0.0,0.0,1.0,628.0
20071205,80,0.0,0.0,0.0,1.0,174.21
20071205,81,0.0,0.0,0.0,1.0,183.37
20071205,83,0.0,0.0,0.0,1.0,170.37
20071205,89,0.0,0.0,0.0,1.0,689.47
20071205,91,0.0,0.0,0.0,1.0,698.97
20071205,92,0.0,0.0,0.0,1.0,407.93
20071205,96,0.0,0.0,0.0,2.0,1142.02
20071205,97,0.0,0.0,0.0,1.0,733.62
20071205,99,0.0,0.0,0.0,1.0,258.76
20071205,102,0.0,0.0,0.0,1.0,336.97
20071205,103,0.0,0.0,0.0,2.0,533.12
20071205,104,0.0,0.0,0.0,1.0,313.63
20071205,109,0.0,0.0,0.0,1.0,73.42
20071205,111,0.0,0.0,0.0,1.0,207.17
20071205,116,0.0,0.0,0.0,1.0,203.32
20071205,118,0.0,0.0,0.0,1.0,229.29
20071206,18,0.0,0.0,0.0,1.0,735.11
20071206,20,0.0,0.0,0.0,3.0,2255.52
20071206,21,0.0,0.0,0.0,2.0,1434.3
20071206,22,0.0,0.0,0.0,1.0,734.74
20071206,26,0.0,0.0,0.0,1.0,873.11
20071206,27,0.0,0.0,0.0,1.0,932.17
20071206,30,0.0,0.0,0.0,1.0,483.72
20071206,32,0.0,0.0,0.0,2.0,888.24
20071206,75,0.0,0.0,0.0,2.0,794.48
20071206,76,0.0,0.0,0.0,2.0,922.5
20071206,77,0.0,0.0,0.0,1.0,627.75
20071206,78,0.0,0.0,0.0,3.0,1904.22
20071206,79,0.0,0.0,0.0,1.0,488.51
20071206,80,0.0,0.0,0.0,1.0,173.95
20071206,81,0.0,0.0,0.0,1.0,183.65
20071206,86,0.0,0.0,0.0,2.0,338.14
20071206,87,0.0,0.0,0.0,1.0,170.14
20071206,88,0.0,0.0,0.0,1.0,813.33
20071206,90,0.0,0.0,0.0,2.0,1445.9
20071206,91,0.0,0.0,0.0,1.0,695.96
20071206,94,0.0,0.0,0.0,1.0,367.75
20071206,96,0.0,0.0,0.0,1.0,568.72
20071206,97,0.0,0.0,0.0,1.0,732.16
20071206,98,0.0,0.0,0.0,1.0,589.05
20071206,99,0.0,0.0,0.0,2.0,516.5
20071206,102,0.0,0.0,0.0,1.0,337.88
20071206,105,0.0,0.0,0.0,1.0,302.84
20071206,112,0.0,0.0,0.0,1.0,158.47
20071206,116,0.0,0.0,0.0,1.0,203.67
20071206,117,0.0,0.0,0.0,3.0,552.42
20071206,118,0.0,0.0,0.0,1.0,229.16
20071207,18,0.0,0.0,0.0,1.0,732.32
20071207,20,0.0,6.0,4519.56,0.0,0.0
20071207,21,0.0,0.0,0.0,1.0,716.22
20071207,23,0.0,0.0,0.0,3.0,1935.96
20071207,24,0.0,0.0,0.0,1.0,1031.51
20071207,25,0.0,0.0,0.0,1.0,986.05
20071207,28,0.0,0.0,0.0,2.0,1865.3
20071207,31,0.0,0.0,0.0,1.0,571.84
20071207,32,0.0,0.0,0.0,2.0,889.92
20071207,77,0.0,0.0,0.0,1.0,626.87
20071207,79,0.0,0.0,0.0,2.0,973.02
20071207,85,0.0,0.0,0.0,1.0,170.23
20071207,89,0.0,0.0,0.0,2.0,1373.7
20071207,90,0.0,22.0,15974.86,3.0,2178.39
20071207,94,0.0,0.0,0.0,1.0,366.35
20071207,95,0.0,0.0,0.0,1.0,717.04
20071207,96,0.0,0.0,0.0,1.0,568.5
20071207,97,0.0,0.0,0.0,4.0,2926.88
20071207,98,0.0,0.0,0.0,3.0,1775.64
20071207,99,0.0,7.0,1809.15,4.0,1033.8
20071207,102,0.0,0.0,0.0,1.0,336.83
20071207,103,0.0,0.0,0.0,2.0,533.4
20071207,104,0.0,0.0,0.0,1.0,313.54
20071207,105,0.0,0.0,0.0,1.0,303.45
20071207,110,0.0,0.0,0.0,2.0,124.66
20071207,113,0.0,0.0,0.0,2.0,415.42
20071207,116,0.0,0.0,0.0,2.0,407.26
20071207,117,0.0,22.0,4062.96,3.0,554.04
20071207,118,0.0,0.0,0.0,1.0,228.58
20071208,18,0.0,0.0,0.0,1.0,729.46
20071208,20,0.0,0.0,0.0,2.0,1513.46
20071208,21,0.0,0.0,0.0,3.0,2154.03
20071208,23,0.0,0.0,0.0,1.0,643.26
20071208,25,0.0,0.0,0.0,1.0,984.67
20071208,30,0.0,0.0,0.0,1.0,483.76
20071208,31,0.0,4.0,2282.56,0.0,0.0
20071208,32,0.0,0.0,0.0,1.0,446.16
20071208,77,0.0,0.0,0.0,1.0,627.25
20071208,79,0.0,0.0,0.0,1.0,484.76
20071208,86,0.0,0.0,0.0,3.0,505.89
20071208,89,0.0,0.0,0.0,1.0,683.55
20071208,91,0.0,0.0,0.0,1.0,693.81
20071208,92,0.0,0.0,0.0,1.0,404.51
20071208,95,0.0,0.0,0.0,2.0,1436.96
20071208,97,0.0,23.0,16841.29,1.0,732.23
20071208,99,0.0,0.0,0.0,3.0,777.99
20071208,103,0.0,0.0,0.0,1.0,266.27
20071208,110,0.0,0.0,0.0,1.0,62.54
20071208,116,0.0,7.0,1424.36,2.0,406.96
20071208,117,0.0,0.0,0.0,1.0,185.01
20071208,118,0.0,0.0,0.0,1.0,228.7
20071209,19,0.0,0.0,0.0,2.0,1423.6
20071209,21,0.0,0.0,0.0,2.0,1443.2
20071209,22,0.0,0.0,0.0,1.0,734.66
20071209,23,0.0,0.0,0.0,2.0,1290.9
20071209,25,0.0,0.0,0.0,1.0,986.44
20071209,26,0.0,0.0,0.0,1.0,875.2
20071209,31,0.0,0.0,0.0,2.0,1143.22
20071209,76,0.0,0.0,0.0,1.0,459.41
20071209,77,0.0,0.0,0.0,2.0,1255.88
20071209,83,0.0,0.0,0.0,1.0,169.7
20071209,85,0.0,0.0,0.0,1.0,169.57
20071209,90,0.0,0.0,0.0,1.0,726.41
20071209,92,0.0,0.0,0.0,1.0,405.56
20071209,95,0.0,0.0,0.0,1.0,720.92
20071209,98,0.0,0.0,0.0,1.0,591.23
20071209,99,0.0,10.0,2596.4,0.0,0.0
20071209,103,0.0,0.0,0.0,1.0,266.27
20071209,113,0.0,0.0,0.0,1.0,207.6
20071209,116,0.0,0.0,0.0,1.0,202.71
20071209,117,0.0,0.0,0.0,3.0,556.26
20071209,118,0.0,0.0,0.0,3.0,684.12
20071210,20,0.0,0.0,0.0,1.0,757.18
20071210,21,0.0,0.0,0.0,1.0,720.66
20071210,22,0.0,0.0,0.0,2.0,1467.56
20071210,23,0.0,0.0,0.0,1.0,644.61
20071210,76,0.0,0.0,0.0,1.0,457.2
20071210,77,0.0,0.0,0.0,1.0,627.62
20071210,82,0.0,0.0,0.0,3.0,618.84
20071210,83,0.0,0.0,0.0,1.0,170.38
20071210,93,0.0,0.0,0.0,1.0,403.38
20071210,96,0.0,0.0,0.0,1.0,563.96
20071210,97,0.0,0.0,0.0,1.0,727.41
20071210,99,0.0,0.0,0.0,1.0,260.01
20071210,102,0.0,0.0,0.0,1.0,338.31
20071210,105,0.0,0.0,0.0,1.0,304.87
20071211,18,0.0,0.0,0.0,3.0,2183.34
20071211,20,0.0,0.0,0.0,1.0,753.93
20071211,21,0.0,0.0,0.0,2.0,1436.42
20071211,23,0.0,0.0,0.0,1.0,646.99
20071211,24,0.0,0.0,0.0,2.0,2053.94
20071211,26,0.0,0.0,0.0,1.0,875.9
20071211,28,0.0,0.0,0.0,1.0,935.9
20071211,83,0.0,0.0,0.0,1.0,169.9
20071211,90,0.0,0.0,0.0,3.0,2186.67
20071211,91,0.0,0.0,0.0,1.0,692.35
20071211,92,0.0,0.0,0.0,2.0,816.32
20071211,94,0.0,0.0,0.0,1.0,365.87
20071211,96,0.0,0.0,0.0,2.0,1127.46
20071211,97,0.0,0.0,0.0,1.0,728.72
20071211,98,0.0,0.0,0.0,1.0,590.4
20071211,99,0.0,0.0,0.0,2.0,520.58
20071211,101,0.0,0.0,0.0,1.0,166.1
20071211,102,0.0,0.0,0.0,2.0,675.2
20071211,103,0.0,0.0,0.0,1.0,266.46
20071211,108,0.0,0.0,0.0,1.0,83.5
20071211,116,0.0,0.0,0.0,1.0,202.08
20071211,117,0.0,0.0,0.0,1.0,184.77
20071211,118,0.0,0.0,0.0,4.0,910.96
20071212,18,0.0,0.0,0.0,2.0,1451.48
20071212,19,0.0,0.0,0.0,3.0,2139.24
20071212,20,0.0,2.0,1502.72,4.0,3005.44
20071212,21,0.0,0.0,0.0,1.0,720.15
20071212,22,0.0,0.0,0.0,3.0,2205.06
20071212,23,0.0,0.0,0.0,2.0,1291.66
20071212,24,0.0,10.0,10321.0,0.0,0.0
20071212,28,0.0,0.0,0.0,1.0,935.62
20071212,31,0.0,0.0,0.0,2.0,1141.96
20071212,32,0.0,0.0,0.0,2.0,896.78
20071212,76,0.0,0.0,0.0,1.0,455.78
20071212,79,0.0,0.0,0.0,1.0,484.55
20071212,89,0.0,0.0,0.0,1.0,675.58
20071212,91,0.0,0.0,0.0,1.0,690.89
20071212,92,0.0,0.0,0.0,1.0,406.2
20071212,94,0.0,0.0,0.0,1.0,364.08
20071212,95,0.0,0.0,0.0,1.0,721.49
20071212,96,0.0,18.0,10178.64,0.0,0.0
20071212,97,0.0,0.0,0.0,2.0,1457.72
20071212,98,0.0,0.0,0.0,1.0,591.28
20071212,99,0.0,0.0,0.0,2.0,522.36
20071212,102,0.0,3.0,1008.84,1.0,336.28
20071212,109,0.0,0.0,0.0,2.0,145.56
20071212,113,0.0,0.0,0.0,1.0,208.2
20071212,116,0.0,0.0,0.0,3.0,604.35
20071212,117,0.0,0.0,0.0,1.0,184.14
20071212,118,0.0,0.0,0.0,1.0,227.74
20071213,18,0.0,0.0,0.0,1.0,722.99
20071213,19,0.0,0.0,0.0,4.0,2842.64
20071213,20,0.0,9.0,6768.36,2.0,1504.08
20071213,21,0.0,0.0,0.0,3.0,2156.34
20071213,23,0.0,11.0,7129.65,0.0,0.0
20071213,26,0.0,0.0,0.0,1.0,870.91
20071213,29,0.0,0.0,0.0,2.0,861.42
20071213,30,0.0,0.0,0.0,1.0,484.82
20071213,31,0.0,4.0,2285.96,2.0,1142.98
20071213,32,0.0,0.0,0.0,1.0,450.32
20071213,82,0.0,0.0,0.0,1.0,204.86
20071213,84,0.0,0.0,0.0,1.0,183.64
20071213,87,0.0,0.0,0.0,1.0,169.47
20071213,88,0.0,0.0,0.0,1.0,823.46
20071213,89,0.0,3.0,2025.54,2.0,1350.36
20071213,90,0.0,0.0,0.0,1.0,729.46
20071213,96,0.0,0.0,0.0,2.0,1130.06
20071213,97,0.0,0.0,0.0,1.0,730.46
20071213,99,0.0,0.0,0.0,1.0,260.45
20071213,102,0.0,0.0,0.0,1.0,335.58
20071213,104,0.0,0.0,0.0,1.0,316.08
20071213,105,0.0,0.0,0.0,1.0,305.57
20071213,107,0.0,0.0,0.0,1.0,63.03
20071213,116,0.0,4.0,809.76,2.0,404.88
20071213,117,0.0,0.0,0.0,3.0,553.68
20071213,118,0.0,0.0,0.0,1.0,228.4
20071214,18,0.0,0.0,0.0,2.0,1440.18
20071214,19,0.0,0.0,0.0,2.0,1421.32
20071214,20,0.0,0.0,0.0,1.0,751.36
20071214,21,0.0,14.0,10103.24,2.0,1443.32
20071214,22,0.0,0.0,0.0,2.0,1461.68
20071214,23,0.0,0.0,0.0,1.0,648.09
20071214,26,0.0,0.0,0.0,1.0,870.3
20071214,28,0.0,0.0,0.0,1.0,934.59
20071214,29,0.0,10.0,4289.0,1.0,428.9
20071214,30,0.0,0.0,0.0,2.0,966.54
20071214,31,0.0,0.0,0.0,1.0,570.18
20071214,32,0.0,0.0,0.0,1.0,451.94
20071214,33,0.0,0.0,0.0,1.0,404.35
20071214,77,0.0,0.0,0.0,1.0,636.33
20071214,83,0.0,0.0,0.0,1.0,170.65
20071214,84,0.0,0.0,0.0,1.0,184.1
20071214,87,0.0,21.0,3558.45,0.0,0.0
20071214,88,0.0,0.0,0.0,2.0,1645.78
20071214,91,0.0,0.0,0.0,1.0,692.07
20071214,96,0.0,0.0,0.0,2.0,1130.96
20071214,97,0.0,0.0,0.0,3.0,2196.21
20071214,99,0.0,0.0,0.0,2.0,521.98
20071214,101,0.0,0.0,0.0,1.0,166.83
20071214,102,0.0,7.0,2341.5,0.0,0.0
20071214,116,0.0,0.0,0.0,1.0,201.61
20071214,117,0.0,0.0,0.0,1.0,185.06
20071214,118,0.0,0.0,0.0,1.0,228.56
20071215,19,0.0,0.0,0.0,3.0,2123.88
20071215,20,0.0,0.0,0.0,2.0,1507.98
20071215,21,0.0,0.0,0.0,2.0,1445.48
20071215,22,0.0,21.0,15275.4,2.0,1454.8
20071215,23,0.0,0.0,0.0,1.0,648.86
20071215,24,0.0,0.0,0.0,1.0,1034.99
20071215,26,0.0,0.0,0.0,2.0,1749.14
20071215,31,0.0,0.0,0.0,3.0,1706.61
20071215,33,0.0,0.0,0.0,4.0,1620.32
20071215,84,0.0,21.0,3879.75,0.0,0.0
20071215,87,0.0,0.0,0.0,2.0,340.22
20071215,92,0.0,0.0,0.0,1.0,404.86
20071215,93,0.0,0.0,0.0,1.0,402.01
20071215,95,0.0,0.0,0.0,1.0,721.06
20071215,96,0.0,0.0,0.0,1.0,564.75
20071215,97,0.0,0.0,0.0,1.0,735.29
20071215,98,0.0,0.0,0.0,2.0,1182.44
20071215,99,0.0,0.0,0.0,1.0,261.1
20071215,114,0.0,0.0,0.0,1.0,170.04
20071215,116,0.0,16.0,3218.4,2.0,402.3
20071215,118,0.0,0.0,0.0,3.0,686.76
20071216,18,0.0,0.0,0.0,1.0,724.27
20071216,20,0.0,0.0,0.0,1.0,755.88
20071216,21,0.0,0.0,0.0,2.0,1443.46
20071216,28,0.0,0.0,0.0,1.0,935.52
20071216,29,0.0,0.0,0.0,1.0,427.01
20071216,30,0.0,0.0,0.0,1.0,481.43
20071216,31,0.0,17.0,9644.61,1.0,567.33
20071216,32,0.0,0.0,0.0,2.0,899.46
20071216,33,0.0,0.0,0.0,1.0,403.58
20071216,78,0.0,0.0,0.0,1.0,631.36
20071216,79,0.0,0.0,0.0,1.0,483.82
20071216,88,0.0,0.0,0.0,1.0,820.09
20071216,93,0.0,0.0,0.0,1.0,400.8
20071216,94,0.0,0.0,0.0,1.0,362.4
20071216,96,0.0,0.0,0.0,1.0,566.89
20071216,101,0.0,0.0,0.0,1.0,166.06
20071216,103,0.0,0.0,0.0,1.0,264.88
20071216,104,0.0,0.0,0.0,1.0,313.9
20071216,105,0.0,0.0,0.0,1.0,304.77
20071216,114,0.0,0.0,0.0,1.0,170.82
20071216,116,0.0,0.0,0.0,1.0,201.61
20071216,118,0.0,9.0,2058.03,1.0,228.67
20071217,21,0.0,0.0,0.0,1.0,720.72
20071217,22,0.0,0.0,0.0,2.0,1463.7
20071217,23,0.0,0.0,0.0,2.0,1309.44
20071217,24,0.0,0.0,0.0,2.0,2078.28
20071217,25,0.0,0.0,0.0,1.0,992.65
20071217,32,0.0,0.0,0.0,2.0,898.56
20071217,76,0.0,0.0,0.0,2.0,916.12
20071217,78,0.0,0.0,0.0,1.0,629.4
20071217,87,0.0,0.0,0.0,1.0,169.96
20071217,89,0.0,0.0,0.0,1.0,668.25
20071217,92,0.0,0.0,0.0,1.0,404.98
20071217,95,0.0,0.0,0.0,1.0,723.94
20071217,96,0.0,0.0,0.0,2.0,1130.5
20071217,97,0.0,0.0,0.0,1.0,738.83
20071217,98,0.0,0.0,0.0,2.0,1178.52
20071217,99,0.0,0.0,0.0,1.0,260.18
20071217,104,0.0,0.0,0.0,2.0,625.46
20071217,108,0.0,0.0,0.0,1.0,83.5
20071217,109,0.0,0.0,0.0,1.0,73.01
20071217,112,0.0,0.0,0.0,1.0,160.25
20071218,18,0.0,0.0,0.0,2.0,1449.98
20071218,20,0.0,0.0,0.0,2.0,1503.9
20071218,21,0.0,0.0,0.0,2.0,1437.12
20071218,23,0.0,0.0,0.0,2.0,1310.22
20071218,26,0.0,0.0,0.0,1.0,877.26
20071218,27,0.0,0.0,0.0,2.0,1866.9
20071218,31,0.0,0.0,0.0,3.0,1709.13
20071218,32,0.0,20.0,8944.2,2.0,894.42
20071218,76,0.0,0.0,0.0,1.0,458.66
20071218,78,0.0,0.0,0.0,1.0,632.42
20071218,80,0.0,0.0,0.0,1.0,172.86
20071218,82,0.0,0.0,0.0,1.0,204.57
20071218,87,0.0,0.0,0.0,1.0,169.87
20071218,88,0.0,0.0,0.0,1.0,818.37
20071218,89,0.0,19.0,12668.82,0.0,0.0
20071218,90,0.0,0.0,0.0,1.0,726.75
20071218,91,0.0,0.0,0.0,2.0,1384.24
20071218,93,0.0,0.0,0.0,2.0,800.22
20071218,95,0.0,9.0,6523.92,2.0,1449.76
20071218,98,0.0,0.0,0.0,1.0,586.61
20071218,99,0.0,7.0,1819.65,1.0,259.95
20071218,100,0.0,0.0,0.0,1.0,189.61
20071218,102,0.0,0.0,0.0,1.0,334.89
20071218,104,0.0,24.0,7519.92,1.0,313.33
20071218,105,0.0,0.0,0.0,1.0,305.01
20071218,107,0.0,0.0,0.0,1.0,62.9
20071218,111,0.0,0.0,0.0,2.0,413.76
20071218,112,0.0,0.0,0.0,1.0,159.74
20071218,113,0.0,0.0,0.0,2.0,417.12
20071218,116,0.0,0.0,0.0,1.0,202.72
20071218,117,0.0,0.0,0.0,1.0,186.58
20071218,118,0.0,0.0,0.0,1.0,229.24
20071219,18,0.0,0.0,0.0,1.0,723.17
20071219,19,0.0,0.0,0.0,3.0,2109.66
20071219,20,0.0,19.0,14237.08,3.0,2247.96
20071219,21,0.0,0.0,0.0,1.0,719.42
20071219,22,0.0,0.0,0.0,3.0,2214.9
20071219,23,0.0,0.0,0.0,3.0,1962.39
20071219,24,0.0,0.0,0.0,1.0,1046.21
20071219,27,0.0,0.0,0.0,1.0,932.89
20071219,31,0.0,0.0,0.0,2.0,1135.22
20071219,32,0.0,0.0,0.0,3.0,1336.53
20071219,75,0.0,0.0,0.0,1.0,395.51
20071219,78,0.0,0.0,0.0,1.0,629.58
20071219,79,0.0,0.0,0.0,1.0,483.38
20071219,84,0.0,0.0,0.0,1.0,184.03
20071219,91,0.0,0.0,0.0,1.0,691.92
20071219,96,0.0,0.0,0.0,1.0,565.81
20071219,97,0.0,0.0,0.0,1.0,736.24
20071219,98,0.0,0.0,0.0,1.0,589.25
20071219,99,0.0,0.0,0.0,1.0,258.7
20071219,101,0.0,0.0,0.0,1.0,165.66
20071219,113,0.0,8.0,1662.64,2.0,415.66
20071219,118,0.0,0.0,0.0,1.0,229.56
20071220,19,0.0,0.0,0.0,3.0,2112.39
20071220,22,0.0,0.0,0.0,1.0,740.52
20071220,23,0.0,0.0,0.0,1.0,654.72
20071220,24,0.0,0.0,0.0,1.0,1049.35
20071220,25,0.0,0.0,0.0,2.0,1981.32
20071220,26,0.0,0.0,0.0,1.0,881.92
20071220,27,0.0,0.0,0.0,1.0,931.77
20071220,29,0.0,0.0,0.0,1.0,427.52
20071220,31,0.0,0.0,0.0,2.0,1129.98
20071220,32,0.0,0.0,0.0,3.0,1342.02
20071220,33,0.0,0.0,0.0,1.0,404.47
20071220,75,0.0,0.0,0.0,1.0,393.93
20071220,76,0.0,0.0,0.0,1.0,462.52
20071220,78,0.0,0.0,0.0,1.0,628.95
20071220,82,0.0,0.0,0.0,1.0,204.04
20071220,88,0.0,0.0,0.0,3.0,2462.97
20071220,90,0.0,0.0,0.0,1.0,728.63
20071220,91,0.0,0.0,0.0,1.0,694.82
20071220,93,0.0,0.0,0.0,2.0,800.78
20071220,95,0.0,0.0,0.0,2.0,1446.28
20071220,97,0.0,0.0,0.0,1.0,735.43
20071220,98,0.0,0.0,0.0,1.0,589.19
20071220,103,0.0,0.0,0.0,1.0,263.56
20071220,108,0.0,0.0,0.0,1.0,83.13
20071220,111,0.0,0.0,0.0,1.0,206.31
20071220,112,0.0,0.0,0.0,1.0,159.42
20071220,116,0.0,0.0,0.0,2.0,403.58
20071220,117,0.0,0.0,0.0,1.0,186.77
20071220,118,0.0,0.0,0.0,3.0,687.87
20071221,18,0.0,0.0,0.0,2.0,1445.32
20071221,19,0.0,0.0,0.0,3.0,2121.06
20071221,20,0.0,0.0,0.0,2.0,1494.14
20071221,21,0.0,0.0,0.0,4.0,2864.44
20071221,22,0.0,0.0,0.0,1.0,740.89
20071221,23,0.0,0.0,0.0,1.0,656.48
20071221,26,0.0,0.0,0.0,2.0,1758.02
20071221,27,0.0,0.0,0.0,1.0,934.28
20071221,30,0.0,0.0,0.0,1.0,481.04
20071221,32,0.0,0.0,0.0,3.0,1340.67
20071221,79,0.0,0.0,0.0,2.0,964.62
20071221,87,0.0,0.0,0.0,1.0,169.11
20071221,88,0.0,6.0,4925.94,1.0,820.99
20071221,91,0.0,13.0,9009.13,1.0,693.01
20071221,97,0.0,0.0,0.0,1.0,739.04
20071221,98,0.0,0.0,0.0,1.0,586.95
20071221,99,0.0,0.0,0.0,2.0,516.62
20071221,102,0.0,0.0,0.0,1.0,333.62
20071221,104,0.0,0.0,0.0,1.0,314.04
20071221,114,0.0,0.0,0.0,1.0,173.1
20071221,116,0.0,0.0,0.0,1.0,202.39
20071221,117,0.0,0.0,0.0,1.0,187.63
20071221,118,0.0,0.0,0.0,2.0,456.98
20071222,19,0.0,28.0,19721.24,1.0,704.33
20071222,21,0.0,10.0,7138.2,1.0,713.82
20071222,22,0.0,0.0,0.0,5.0,3717.0
20071222,23,0.0,12.0,7896.72,1.0,658.06
20071222,29,0.0,0.0,0.0,2.0,853.5
20071222,31,0.0,0.0,0.0,1.0,560.99
20071222,88,0.0,0.0,0.0,2.0,1648.22
20071222,95,0.0,0.0,0.0,1.0,721.77
20071222,96,0.0,0.0,0.0,1.0,566.26
20071222,110,0.0,0.0,0.0,1.0,62.69
20071222,111,0.0,0.0,0.0,1.0,206.12
20071222,116,0.0,0.0,0.0,1.0,202.29
20071222,117,0.0,0.0,0.0,1.0,187.7
20071222,118,0.0,4.0,917.8,1.0,229.45
20071223,18,0.0,0.0,0.0,1.0,724.91
20071223,19,0.0,0.0,0.0,1.0,702.43
20071223,21,0.0,0.0,0.0,1.0,710.32
20071223,22,0.0,0.0,0.0,1.0,741.7
20071223,26,0.0,0.0,0.0,1.0,886.05
20071223,29,0.0,0.0,0.0,1.0,425.9
20071223,30,0.0,0.0,0.0,1.0,478.54
20071223,32,0.0,0.0,0.0,1.0,447.47
20071223,33,0.0,0.0,0.0,2.0,804.64
20071223,76,0.0,0.0,0.0,2.0,921.42
20071223,78,0.0,0.0,0.0,1.0,632.08
20071223,82,0.0,0.0,0.0,1.0,204.94
20071223,83,0.0,0.0,0.0,1.0,170.01
20071223,85,0.0,0.0,0.0,1.0,167.53
20071223,88,0.0,0.0,0.0,2.0,1645.58
20071223,89,0.0,0.0,0.0,2.0,1339.7
20071223,91,0.0,0.0,0.0,1.0,690.38
20071223,95,0.0,0.0,0.0,1.0,719.1
20071223,96,0.0,0.0,0.0,2.0,1127.64
20071223,97,0.0,0.0,0.0,1.0,743.03
20071223,98,0.0,0.0,0.0,1.0,591.19
20071223,99,0.0,0.0,0.0,1.0,257.61
20071223,104,0.0,0.0,0.0,1.0,314.92
20071223,105,0.0,0.0,0.0,1.0,306.91
20071223,111,0.0,0.0,0.0,1.0,205.58
20071223,116,0.0,0.0,0.0,1.0,201.34
20071223,117,0.0,0.0,0.0,1.0,188.04
20071223,118,0.0,0.0,0.0,2.0,457.1
20071224,18,0.0,0.0,0.0,1.0,722.22
20071224,21,0.0,0.0,0.0,2.0,1424.62
20071224,22,0.0,0.0,0.0,1.0,741.55
20071224,23,0.0,0.0,0.0,3.0,1980.12
20071224,26,0.0,0.0,0.0,2.0,1776.0
20071224,27,0.0,0.0,0.0,1.0,934.27
20071224,30,0.0,0.0,0.0,1.0,480.07
20071224,32,0.0,0.0,0.0,1.0,448.36
20071224,78,0.0,0.0,0.0,1.0,631.26
20071224,81,0.0,0.0,0.0,1.0,186.95
20071224,84,0.0,0.0,0.0,1.0,184.93
20071224,93,0.0,0.0,0.0,1.0,394.97
20071224,95,0.0,0.0,0.0,1.0,715.57
20071224,96,0.0,0.0,0.0,1.0,561.4
20071224,98,0.0,0.0,0.0,2.0,1188.16
20071224,99,0.0,0.0,0.0,1.0,258.31
20071224,108,0.0,0.0,0.0,1.0,82.7
20071224,109,0.0,0.0,0.0,1.0,72.65
20071224,110,0.0,0.0,0.0,1.0,62.67
20071224,117,0.0,0.0,0.0,1.0,188.34
20071225,18,0.0,17.0,12336.73,1.0,725.69
20071225,19,0.0,0.0,0.0,1.0,701.86
20071225,20,0.0,0.0,0.0,1.0,749.08
20071225,21,0.0,0.0,0.0,1.0,711.6
20071225,22,0.0,0.0,0.0,1.0,739.77
20071225,25,0.0,0.0,0.0,1.0,996.41
20071225,26,0.0,11.0,9798.36,1.0,890.76
20071225,31,0.0,0.0,0.0,1.0,559.69
20071225,32,0.0,0.0,0.0,1.0,447.51
20071225,33,0.0,0.0,0.0,1.0,402.89
20071225,76,0.0,0.0,0.0,1.0,461.58
20071225,77,0.0,0.0,0.0,2.0,1263.1
20071225,81,0.0,0.0,0.0,1.0,186.57
20071225,83,0.0,0.0,0.0,2.0,337.58
20071225,84,0.0,0.0,0.0,3.0,555.18
20071225,85,0.0,0.0,0.0,1.0,167.59
20071225,87,0.0,0.0,0.0,1.0,171.25
20071225,88,0.0,0.0,0.0,1.0,824.26
20071225,92,0.0,0.0,0.0,2.0,810.84
20071225,94,0.0,0.0,0.0,1.0,362.17
20071225,102,0.0,0.0,0.0,3.0,994.98
20071225,103,0.0,0.0,0.0,1.0,262.16
20071225,104,0.0,0.0,0.0,1.0,313.88
20071225,105,0.0,0.0,0.0,2.0,610.8
20071225,109,0.0,0.0,0.0,1.0,72.74
20071225,116,0.0,0.0,0.0,1.0,201.02
20071225,117,0.0,0.0,0.0,2.0,378.26
20071225,118,0.0,0.0,0.0,4.0,905.36
20071226,18,0.0,0.0,0.0,1.0,725.91
20071226,19,0.0,0.0,0.0,1.0,705.09
20071226,20,0.0,0.0,0.0,1.0,749.53
20071226,21,0.0,0.0,0.0,1.0,709.04
20071226,22,0.0,0.0,0.0,1.0,739.84
20071226,23,0.0,0.0,0.0,1.0,655.75
20071226,25,0.0,0.0,0.0,1.0,1001.29
20071226,27,0.0,0.0,0.0,1.0,938.38
20071226,29,0.0,0.0,0.0,1.0,423.68
20071226,32,0.0,0.0,0.0,2.0,896.26
20071226,75,0.0,0.0,0.0,1.0,394.95
20071226,76,0.0,0.0,0.0,1.0,461.44
20071226,78,0.0,0.0,0.0,2.0,1267.82
20071226,79,0.0,0.0,0.0,1.0,482.16
20071226,84,0.0,0.0,0.0,1.0,184.32
20071226,88,0.0,16.0,13135.36,1.0,820.96
20071226,89,0.0,0.0,0.0,2.0,1342.38
20071226,90,0.0,0.0,0.0,2.0,1446.48
20071226,94,0.0,0.0,0.0,2.0,724.34
20071226,96,0.0,0.0,0.0,1.0,563.58
20071226,97,0.0,0.0,0.0,1.0,739.39
20071226,98,0.0,0.0,0.0,1.0,593.84
20071226,102,0.0,0.0,0.0,1.0,330.1
20071226,104,0.0,0.0,0.0,1.0,313.29
20071226,112,0.0,0.0,0.0,1.0,157.89
20071226,117,0.0,0.0,0.0,1.0,188.43
20071226,118,0.0,8.0,1807.6,4.0,903.8
20071227,18,0.0,0.0,0.0,1.0,722.71
20071227,19,0.0,0.0,0.0,1.0,703.19
20071227,20,0.0,0.0,0.0,1.0,748.03
20071227,23,0.0,0.0,0.0,3.0,1959.39
20071227,27,0.0,0.0,0.0,1.0,934.63
20071227,28,0.0,0.0,0.0,3.0,2806.47
20071227,29,0.0,0.0,0.0,1.0,421.94
20071227,30,0.0,0.0,0.0,1.0,480.97
20071227,32,0.0,0.0,0.0,1.0,449.57
20071227,77,0.0,0.0,0.0,1.0,632.18
20071227,78,0.0,0.0,0.0,1.0,635.56
20071227,82,0.0,0.0,0.0,1.0,207.11
20071227,85,0.0,0.0,0.0,1.0,166.87
20071227,88,0.0,0.0,0.0,2.0,1649.8
20071227,90,0.0,0.0,0.0,1.0,723.97
20071227,95,0.0,0.0,0.0,1.0,714.63
20071227,98,0.0,0.0,0.0,1.0,591.28
20071227,100,0.0,0.0,0.0,1.0,190.33
20071227,116,0.0,0.0,0.0,1.0,199.63
20071227,117,0.0,16.0,3020.0,0.0,0.0
20071227,118,0.0,0.0,0.0,2.0,451.9
20071228,18,0.0,0.0,0.0,1.0,725.53
20071228,19,0.0,0.0,0.0,1.0,705.65
20071228,20,0.0,0.0,0.0,1.0,747.96
20071228,21,0.0,0.0,0.0,1.0,709.46
20071228,22,0.0,0.0,0.0,2.0,1481.74
20071228,23,0.0,0.0,0.0,2.0,1300.9
20071228,26,0.0,0.0,0.0,1.0,895.21
20071228,27,0.0,0.0,0.0,1.0,932.57
20071228,28,0.0,24.0,22489.92,0.0,0.0
20071228,29,0.0,0.0,0.0,1.0,421.01
20071228,31,0.0,0.0,0.0,1.0,557.06
20071228,33,0.0,0.0,0.0,1.0,405.55
20071228,77,0.0,0.0,0.0,2.0,1262.08
20071228,90,0.0,0.0,0.0,1.0,720.85
20071228,91,0.0,0.0,0.0,1.0,688.65
20071228,93,0.0,0.0,0.0,2.0,789.22
20071228,94,0.0,0.0,0.0,1.0,362.86
20071228,95,0.0,0.0,0.0,1.0,712.41
20071228,96,0.0,0.0,0.0,1.0,562.17
20071228,99,0.0,0.0,0.0,2.0,512.96
20071228,100,0.0,0.0,0.0,1.0,190.9
20071228,103,0.0,0.0,0.0,1.0,261.05
20071228,104,0.0,0.0,0.0,1.0,313.38
20071228,112,0.0,0.0,0.0,1.0,158.02
20071228,114,0.0,0.0,0.0,1.0,173.63
20071228,116,0.0,0.0,0.0,3.0,597.33
20071228,117,0.0,0.0,0.0,2.0,378.0
20071228,118,0.0,27.0,6078.24,2.0,450.24
20071229,19,0.0,0.0,0.0,2.0,1413.98
20071229,20,0.0,0.0,0.0,3.0,2240.73
20071229,22,0.0,7.0,5198.55,3.0,2227.95
20071229,23,0.0,0.0,0.0,2.0,1294.66
20071229,25,0.0,0.0,0.0,1.0,998.58
20071229,27,0.0,23.0,21500.63,1.0,934.81
20071229,29,0.0,7.0,2945.04,2.0,841.44
20071229,78,0.0,0.0,0.0,1.0,638.1
20071229,79,0.0,0.0,0.0,1.0,484.42
20071229,90,0.0,0.0,0.0,1.0,720.28
20071229,93,0.0,4.0,1577.16,1.0,394.29
20071229,94,0.0,0.0,0.0,1.0,361.11
20071229,95,0.0,11.0,7851.47,0.0,0.0
20071229,98,0.0,0.0,0.0,1.0,590.57
20071229,99,0.0,18.0,4633.56,1.0,257.42
20071229,100,0.0,0.0,0.0,1.0,190.18
20071229,102,0.0,0.0,0.0,2.0,659.2
20071229,103,0.0,0.0,0.0,1.0,261.58
20071229,104,0.0,0.0,0.0,2.0,629.32
20071229,114,0.0,0.0,0.0,1.0,173.84
20071229,115,0.0,0.0,0.0,1.0,206.09
20071229,116,0.0,0.0,0.0,2.0,399.58
20071229,117,0.0,0.0,0.0,3.0,568.8
20071230,18,0.0,0.0,0.0,2.0,1450.04
20071230,19,0.0,0.0,0.0,2.0,1418.36
20071230,20,0.0,0.0,0.0,4.0,2999.92
20071230,22,0.0,0.0,0.0,1.0,740.13
20071230,23,0.0,12.0,7779.6,0.0,0.0
20071230,27,0.0,0.0,0.0,1.0,938.36
20071230,28,0.0,0.0,0.0,1.0,936.79
20071230,29,0.0,0.0,0.0,1.0,421.56
20071230,31,0.0,0.0,0.0,1.0,559.85
20071230,32,0.0,0.0,0.0,1.0,452.41
20071230,78,0.0,0.0,0.0,2.0,1281.18
20071230,79,0.0,0.0,0.0,1.0,483.26
20071230,89,0.0,0.0,0.0,1.0,671.11
20071230,91,0.0,0.0,0.0,3.0,2064.27
20071230,96,0.0,0.0,0.0,2.0,1122.78
20071230,97,0.0,0.0,0.0,1.0,734.67
20071230,98,0.0,23.0,13648.43,1.0,593.41
20071230,101,0.0,0.0,0.0,1.0,166.75
20071230,102,0.0,3.0,991.17,0.0,0.0
20071230,103,0.0,0.0,0.0,2.0,522.58
20071230,104,0.0,0.0,0.0,1.0,316.02
20071230,112,0.0,0.0,0.0,1.0,158.43
20071230,116,0.0,6.0,1197.06,1.0,199.51
20071231,21,0.0,0.0,0.0,1.0,710.38
20071231,22,0.0,0.0,0.0,6.0,4449.18
20071231,23,0.0,0.0,0.0,3.0,1937.91
20071231,24,0.0,0.0,0.0,1.0,1036.05
20071231,25,0.0,0.0,0.0,1.0,1003.78
20071231,26,0.0,0.0,0.0,1.0,895.91
20071231,27,0.0,0.0,0.0,2.0,1882.54
20071231,29,0.0,0.0,0.0,1.0,423.5
20071231,30,0.0,0.0,0.0,1.0,483.71
20071231,76,0.0,0.0,0.0,1.0,466.21
20071231,78,0.0,0.0,0.0,1.0,643.54
20071231,79,0.0,0.0,0.0,1.0,484.71
20071231,83,0.0,0.0,0.0,1.0,169.06
20071231,95,0.0,0.0,0.0,1.0,710.13
20071231,98,0.0,0.0,0.0,1.0,592.16
20071231,99,0.0,0.0,0.0,3.0,769.65
20071231,103,0.0,0.0,0.0,1.0,261.42
20071231,104,0.0,0.0,0.0,1.0,317.31
20071231,106,0.0,0.0,0.0,1.0,78.85
20071231,112,0.0,24.0,3796.8,0.0,0.0
20071231,116,0.0,0.0,0.0,1.0,200.39
20071231,117,0.0,0.0,0.0,1.0,188.37
20071231,118,0.0,0.0,0.0,2.0,448.8
20080101,6,0.0,0.0,0.0,10.0,1266.3
20080101,11,0.0,0.0,0.0,16.0,2374.56
20080101,13,0.0,0.0,0.0,6.0,2746.26
20080101,14,0.0,0.0,0.0,17.0,5906.65
20080101,16,0.0,0.0,0.0,5.0,2056.1
20080101,17,0.0,0.0,0.0,11.0,4684.46
20080101,18,0.0,0.0,0.0,38.0,27564.06
20080101,19,0.0,0.0,0.0,33.0,23578.83
20080101,20,0.0,0.0,0.0,35.0,26243.7
20080101,21,0.0,0.0,0.0,48.0,34128.96
20080101,22,0.0,13.0,9592.7,52.0,38370.8
20080101,23,0.0,0.0,0.0,46.0,29628.14
20080101,24,0.0,0.0,0.0,14.0,14545.3
20080101,25,0.0,0.0,0.0,40.0,40191.2
20080101,26,0.0,0.0,0.0,25.0,22380.0
20080101,27,0.0,0.0,0.0,19.0,17880.52
20080101,28,0.0,0.0,0.0,12.0,11309.04
20080101,29,0.0,0.0,0.0,49.0,20660.36
20080101,30,0.0,10.0,4833.2,36.0,17399.52
20080101,31,0.0,0.0,0.0,17.0,9529.69
20080101,32,0.0,0.0,0.0,11.0,5011.82
20080101,33,0.0,0.0,0.0,62.0,25053.58
20080101,34,0.0,0.0,0.0,9.0,1846.8
20080101,37,0.0,0.0,0.0,24.0,4450.32
20080101,38,0.0,0.0,0.0,17.0,4221.95
20080101,43,0.0,0.0,0.0,10.0,2947.1
20080101,44,0.0,0.0,0.0,8.0,931.36
20080101,47,0.0,0.0,0.0,19.0,6241.31
20080101,50,0.0,0.0,0.0,18.0,5286.78
20080101,51,0.0,0.0,0.0,11.0,3804.57
20080101,52,0.0,0.0,0.0,16.0,1684.32
20080101,53,0.0,0.0,0.0,2.0,250.84
20080101,56,0.0,0.0,0.0,11.0,1169.85
20080101,57,0.0,0.0,0.0,15.0,1547.85
20080101,61,0.0,0.0,0.0,30.0,3482.1
20080101,62,0.0,0.0,0.0,30.0,3567.9
20080101,64,0.0,0.0,0.0,26.0,2029.04
20080101,67,0.0,0.0,0.0,14.0,1104.46
20080101,68,0.0,0.0,0.0,16.0,1123.04
20080101,69,0.0,0.0,0.0,38.0,2861.4
20080101,74,0.0,0.0,0.0,11.0,981.64
20080101,75,0.0,0.0,0.0,34.0,13563.96
20080101,76,0.0,0.0,0.0,38.0,17714.08
20080101,77,0.0,0.0,0.0,17.0,10802.82
20080101,78,0.0,0.0,0.0,5.0,3226.05
20080101,79,0.0,0.0,0.0,42.0,20404.44
20080101,80,0.0,0.0,0.0,29.0,4988.29
20080101,81,0.0,0.0,0.0,23.0,4313.88
20080101,82,0.0,0.0,0.0,7.0,1439.13
20080101,83,0.0,22.0,3725.92,35.0,5927.6
20080101,84,0.0,0.0,0.0,26.0,4824.3
20080101,85,0.0,0.0,0.0,11.0,1826.22
20080101,86,0.0,0.0,0.0,6.0,986.82
20080101,87,0.0,0.0,0.0,37.0,6256.7
20080101,88,0.0,0.0,0.0,42.0,34923.42
20080101,89,0.0,0.0,0.0,24.0,16208.16
20080101,90,0.0,0.0,0.0,12.0,8588.04
20080101,91,0.0,0.0,0.0,45.0,30726.0
20080101,92,0.0,0.0,0.0,12.0,4929.0
20080101,93,0.0,0.0,0.0,13.0,5132.92
20080101,94,0.0,0.0,0.0,43.0,15384.11
20080101,95,0.0,0.0,0.0,77.0,54505.22
20080101,96,0.0,0.0,0.0,29.0,16203.75
20080101,97,0.0,0.0,0.0,13.0,9568.91
20080101,98,0.0,0.0,0.0,86.0,50778.7
20080101,99,0.0,0.0,0.0,24.0,6151.68
20080101,100,0.0,0.0,0.0,9.0,1711.53
20080101,101,0.0,0.0,0.0,40.0,6675.2
20080101,102,0.0,0.0,0.0,20.0,6581.4
20080101,103,0.0,0.0,0.0,31.0,8090.07
20080101,104,0.0,0.0,0.0,10.0,3168.7
20080101,105,0.0,0.0,0.0,15.0,4555.2
20080101,106,0.0,0.0,0.0,10.0,790.8
20080101,107,0.0,0.0,0.0,12.0,752.88
20080101,108,0.0,0.0,0.0,11.0,906.73
20080101,109,0.0,0.0,0.0,13.0,941.46
20080101,110,0.0,0.0,0.0,18.0,1136.52
20080101,111,0.0,0.0,0.0,21.0,4294.5
20080101,112,0.0,0.0,0.0,15.0,2368.05
20080101,113,0.0,0.0,0.0,16.0,3276.8
20080101,114,0.0,0.0,0.0,18.0,3117.96
20080101,115,0.0,0.0,0.0,17.0,3511.01
20080101,116,0.0,0.0,0.0,16.0,3220.64
20080101,117,0.0,0.0,0.0,69.0,13053.42
20080101,118,0.0,0.0,0.0,58.0,13005.92
20080102,6,0.0,53.0,6685.95,0.0,0.0
20080102,14,0.0,114.0,39498.72,0.0,0.0
20080102,18,0.0,33.0,23879.79,0.0,0.0
20080102,19,0.0,40.0,28674.8,2.0,1433.74
20080102,20,0.0,46.0,34398.8,0.0,0.0
20080102,21,0.0,50.0,35586.5,3.0,2135.19
20080102,22,0.0,55.0,40503.1,0.0,0.0
20080102,23,0.0,52.0,33368.92,0.0,0.0
20080102,24,0.0,16.0,16651.52,0.0,0.0
20080102,25,0.0,47.0,47361.9,0.0,0.0
20080102,26,0.0,34.0,30400.08,0.0,0.0
20080102,27,0.0,19.0,17850.12,1.0,939.48
20080102,29,0.0,55.0,23264.45,0.0,0.0
20080102,30,0.0,37.0,17870.26,1.0,482.98
20080102,31,0.0,33.0,18552.6,0.0,0.0
20080102,32,0.0,31.0,14083.3,0.0,0.0
20080102,33,0.0,79.0,31868.6,0.0,0.0
20080102,53,0.0,82.0,10281.98,0.0,0.0
20080102,62,0.0,63.0,7528.5,0.0,0.0
20080102,64,0.0,92.0,7187.04,0.0,0.0
20080102,69,0.0,113.0,8531.5,0.0,0.0
20080102,75,0.0,42.0,16772.28,0.0,0.0
20080102,76,0.0,37.0,17206.48,1.0,465.04
20080102,77,0.0,19.0,12080.96,1.0,635.84
20080102,78,0.0,13.0,8352.5,0.0,0.0
20080102,79,0.0,51.0,24762.03,1.0,485.53
20080102,80,0.0,26.0,4470.96,1.0,171.96
20080102,81,0.0,8.0,1502.4,0.0,0.0
20080102,82,0.0,18.0,3696.12,0.0,0.0
20080102,83,0.0,20.0,3375.4,0.0,0.0
20080102,84,0.0,35.0,6497.05,0.0,0.0
20080102,85,0.0,0.0,0.0,1.0,165.92
20080102,86,0.0,22.0,3624.5,0.0,0.0
20080102,87,0.0,42.0,7125.72,0.0,0.0
20080102,88,0.0,55.0,45833.7,0.0,0.0
20080102,89,0.0,19.0,12794.41,0.0,0.0
20080102,90,0.0,7.0,5002.69,1.0,714.67
20080102,91,0.0,41.0,28126.41,1.0,686.01
20080102,92,0.0,29.0,11865.35,0.0,0.0
20080102,93,0.0,35.0,13765.5,0.0,0.0
20080102,94,0.0,49.0,17596.88,0.0,0.0
20080102,95,0.0,80.0,56509.6,2.0,1412.74
20080102,96,0.0,34.0,18982.2,0.0,0.0
20080102,97,0.0,34.0,25116.48,1.0,738.72
20080102,98,0.0,80.0,47372.8,2.0,1184.32
20080102,99,0.0,37.0,9507.52,0.0,0.0
20080102,101,0.0,45.0,7523.1,0.0,0.0
20080102,102,0.0,26.0,8544.64,1.0,328.64
20080102,103,0.0,38.0,9872.4,0.0,0.0
20080102,105,0.0,38.0,11563.02,1.0,304.29
20080102,106,0.0,27.0,2143.26,0.0,0.0
20080102,107,0.0,27.0,1692.63,0.0,0.0
20080102,109,0.0,22.0,1600.94,0.0,0.0
20080102,110,0.0,26.0,1649.96,0.0,0.0
20080102,111,0.0,9.0,1835.01,0.0,0.0
20080102,113,0.0,14.0,2873.78,0.0,0.0
20080102,114,0.0,15.0,2603.4,0.0,0.0
20080102,115,0.0,15.0,3089.25,0.0,0.0
20080102,116,0.0,26.0,5222.62,0.0,0.0
20080102,117,0.0,70.0,13279.7,0.0,0.0
20080102,118,0.0,52.0,11696.88,1.0,224.94
20080103,19,0.0,0.0,0.0,1.0,717.3
20080103,20,0.0,0.0,0.0,2.0,1495.9
20080103,21,0.0,10.0,7118.7,0.0,0.0
20080103,22,0.0,0.0,0.0,1.0,739.52
20080103,23,0.0,0.0,0.0,8.0,5111.12
20080103,27,0.0,0.0,0.0,1.0,935.16
20080103,31,0.0,0.0,0.0,1.0,561.97
20080103,32,0.0,0.0,0.0,2.0,911.96
20080103,78,0.0,0.0,0.0,1.0,643.91
20080103,88,0.0,0.0,0.0,1.0,837.42
20080103,91,0.0,0.0,0.0,1.0,686.21
20080103,94,0.0,0.0,0.0,1.0,360.74
20080103,118,0.0,0.0,0.0,4.0,901.36
20080104,19,0.0,0.0,0.0,2.0,1433.88
20080104,21,0.0,0.0,0.0,2.0,1421.74
20080104,23,0.0,0.0,0.0,1.0,640.04
20080104,24,0.0,0.0,0.0,1.0,1042.26
20080104,28,0.0,0.0,0.0,1.0,933.78
20080104,29,0.0,0.0,0.0,1.0,425.57
20080104,31,0.0,0.0,0.0,1.0,564.05
20080104,32,0.0,0.0,0.0,1.0,457.31
20080104,33,0.0,0.0,0.0,1.0,401.99
20080104,75,0.0,0.0,0.0,1.0,397.47
20080104,77,0.0,0.0,0.0,2.0,1273.2
20080104,81,0.0,0.0,0.0,1.0,189.65
20080104,84,0.0,0.0,0.0,1.0,184.16
20080104,95,0.0,0.0,0.0,2.0,1402.3
20080104,96,0.0,0.0,0.0,1.0,554.23
20080104,100,0.0,0.0,0.0,1.0,189.96
20080104,102,0.0,0.0,0.0,1.0,330.58
20080104,104,0.0,0.0,0.0,1.0,316.61
20080104,112,0.0,0.0,0.0,1.0,157.84
20080104,113,0.0,0.0,0.0,1.0,204.23
20080104,116,0.0,0.0,0.0,1.0,200.68
20080105,19,0.0,0.0,0.0,1.0,719.16
20080105,20,0.0,0.0,0.0,2.0,1496.04
20080105,21,0.0,0.0,0.0,2.0,1428.86
20080105,23,0.0,0.0,0.0,3.0,1922.61
20080105,25,0.0,0.0,0.0,1.0,1006.99
20080105,31,0.0,0.0,0.0,1.0,565.57
20080105,32,0.0,0.0,0.0,1.0,457.26
20080105,75,0.0,0.0,0.0,1.0,396.32
20080105,85,0.0,0.0,0.0,1.0,166.57
20080105,93,0.0,0.0,0.0,2.0,779.38
20080105,95,0.0,0.0,0.0,1.0,698.28
20080105,98,0.0,0.0,0.0,1.0,593.1
20080105,100,0.0,8.0,1516.48,0.0,0.0
20080105,104,0.0,0.0,0.0,1.0,318.16
20080105,105,0.0,0.0,0.0,1.0,305.02
20080105,116,0.0,0.0,0.0,3.0,604.23
20080105,117,0.0,0.0,0.0,1.0,187.86
20080105,118,0.0,0.0,0.0,2.0,452.98
20080106,18,0.0,0.0,0.0,2.0,1447.38
20080106,19,0.0,0.0,0.0,1.0,717.08
20080106,20,0.0,0.0,0.0,2.0,1495.0
20080106,22,0.0,0.0,0.0,2.0,1486.14
20080106,30,0.0,0.0,0.0,3.0,1460.13
20080106,31,0.0,0.0,0.0,1.0,566.03
20080106,32,0.0,0.0,0.0,1.0,455.57
20080106,77,0.0,0.0,0.0,1.0,635.01
20080106,78,0.0,0.0,0.0,1.0,645.9
20080106,82,0.0,0.0,0.0,1.0,205.3
20080106,83,0.0,0.0,0.0,1.0,168.53
20080106,98,0.0,0.0,0.0,1.0,590.37
20080106,105,0.0,0.0,0.0,1.0,304.72
20080106,117,0.0,0.0,0.0,1.0,187.29
20080106,118,0.0,0.0,0.0,3.0,680.55
20080107,18,0.0,0.0,0.0,3.0,2178.03
20080107,20,0.0,0.0,0.0,1.0,746.67
20080107,22,0.0,0.0,0.0,1.0,742.85
20080107,24,0.0,0.0,0.0,1.0,1042.46
20080107,25,0.0,0.0,0.0,1.0,1006.58
20080107,27,0.0,0.0,0.0,1.0,941.06
20080107,28,0.0,0.0,0.0,1.0,932.28
20080107,29,0.0,0.0,0.0,1.0,423.65
20080107,30,0.0,0.0,0.0,1.0,488.26
20080107,31,0.0,0.0,0.0,2.0,1134.54
20080107,76,0.0,0.0,0.0,2.0,937.92
20080107,78,0.0,0.0,0.0,1.0,649.0
20080107,79,0.0,0.0,0.0,1.0,487.03
20080107,80,0.0,0.0,0.0,1.0,172.16
20080107,88,0.0,0.0,0.0,1.0,845.06
20080107,89,0.0,0.0,0.0,1.0,674.38
20080107,91,0.0,0.0,0.0,1.0,678.35
20080107,93,0.0,0.0,0.0,1.0,389.02
20080107,97,0.0,0.0,0.0,2.0,1488.5
20080107,99,0.0,0.0,0.0,3.0,765.63
20080107,116,0.0,0.0,0.0,1.0,201.57
20080108,19,0.0,0.0,0.0,3.0,2136.42
20080108,20,0.0,0.0,0.0,2.0,1486.48
20080108,21,0.0,0.0,0.0,4.0,2865.68
20080108,22,0.0,0.0,0.0,1.0,746.49
20080108,24,0.0,0.0,0.0,1.0,1046.21
20080108,33,0.0,0.0,0.0,1.0,401.46
20080108,75,0.0,0.0,0.0,1.0,394.02
20080108,79,0.0,0.0,0.0,2.0,972.7
20080108,80,0.0,0.0,0.0,1.0,172.76
20080108,82,0.0,0.0,0.0,1.0,204.54
20080108,84,0.0,0.0,0.0,1.0,183.39
20080108,86,0.0,0.0,0.0,2.0,331.08
20080108,89,0.0,0.0,0.0,1.0,677.68
20080108,91,0.0,22.0,14931.18,1.0,678.69
20080108,98,0.0,0.0,0.0,1.0,588.95
20080108,99,0.0,0.0,0.0,1.0,254.04
20080108,101,0.0,0.0,0.0,1.0,166.06
20080108,103,0.0,0.0,0.0,1.0,262.06
20080108,105,0.0,0.0,0.0,1.0,303.95
20080108,116,0.0,0.0,0.0,1.0,201.1
20080108,117,0.0,0.0,0.0,1.0,185.89
20080109,18,0.0,0.0,0.0,2.0,1459.86
20080109,19,0.0,0.0,0.0,1.0,715.48
20080109,20,0.0,0.0,0.0,2.0,1484.54
20080109,21,0.0,0.0,0.0,2.0,1430.96
20080109,26,0.0,0.0,0.0,1.0,906.32
20080109,28,0.0,0.0,0.0,1.0,927.9
20080109,33,0.0,0.0,0.0,1.0,402.83
20080109,76,0.0,0.0,0.0,1.0,466.38
20080109,89,0.0,0.0,0.0,1.0,676.53
20080109,93,0.0,0.0,0.0,1.0,386.11
20080109,96,0.0,0.0,0.0,1.0,553.67
20080109,99,0.0,0.0,0.0,1.0,253.0
20080109,111,0.0,0.0,0.0,1.0,206.04
20080109,112,0.0,0.0,0.0,1.0,156.05
20080109,116,0.0,0.0,0.0,1.0,201.38
20080109,117,0.0,0.0,0.0,2.0,371.74
20080110,18,0.0,3.0,2193.3,0.0,0.0
20080110,20,0.0,0.0,0.0,3.0,2225.04
20080110,21,0.0,4.0,2859.08,1.0,714.77
20080110,22,0.0,0.0,0.0,2.0,1493.4
20080110,29,0.0,0.0,0.0,1.0,422.17
20080110,30,0.0,0.0,0.0,1.0,493.41
20080110,79,0.0,0.0,0.0,3.0,1450.89
20080110,87,0.0,0.0,0.0,1.0,168.1
20080110,89,0.0,0.0,0.0,1.0,678.56
20080110,90,0.0,0.0,0.0,3.0,2145.87
20080110,92,0.0,0.0,0.0,1.0,404.02
20080110,95,0.0,0.0,0.0,3.0,2111.43
20080110,99,0.0,0.0,0.0,1.0,254.21
20080110,100,0.0,0.0,0.0,1.0,189.01
20080110,102,0.0,0.0,0.0,1.0,332.6
20080110,104,0.0,0.0,0.0,1.0,319.34
20080110,105,0.0,0.0,0.0,1.0,301.74
20080110,109,0.0,0.0,0.0,1.0,72.87
20080110,117,0.0,0.0,0.0,1.0,185.24
20080111,19,0.0,0.0,0.0,2.0,1436.56
20080111,20,0.0,15.0,11149.65,4.0,2973.24
20080111,22,0.0,0.0,0.0,1.0,749.68
20080111,24,0.0,0.0,0.0,1.0,1047.87
20080111,25,0.0,0.0,0.0,1.0,1003.84
20080111,28,0.0,0.0,0.0,1.0,923.63
20080111,29,0.0,0.0,0.0,1.0,422.59
20080111,32,0.0,0.0,0.0,1.0,453.43
20080111,77,0.0,0.0,0.0,2.0,1273.8
20080111,89,0.0,0.0,0.0,1.0,680.8
20080111,90,0.0,4.0,2854.56,0.0,0.0
20080111,91,0.0,0.0,0.0,1.0,675.63
20080111,96,0.0,0.0,0.0,2.0,1102.46
20080111,97,0.0,0.0,0.0,2.0,1475.86
20080111,100,0.0,0.0,0.0,1.0,188.63
20080111,103,0.0,0.0,0.0,1.0,261.64
20080111,104,0.0,5.0,1594.95,0.0,0.0
20080111,110,0.0,0.0,0.0,1.0,63.97
20080111,114,0.0,0.0,0.0,1.0,175.11
20080111,117,0.0,0.0,0.0,1.0,186.11
20080112,18,0.0,0.0,0.0,1.0,735.93
20080112,19,0.0,0.0,0.0,2.0,1442.44
20080112,20,0.0,0.0,0.0,1.0,744.95
20080112,23,0.0,0.0,0.0,1.0,640.28
20080112,27,0.0,0.0,0.0,1.0,944.25
20080112,28,0.0,0.0,0.0,1.0,922.8
20080112,29,0.0,0.0,0.0,1.0,422.46
20080112,30,0.0,0.0,0.0,2.0,987.8
20080112,31,0.0,0.0,0.0,1.0,574.91
20080112,32,0.0,0.0,0.0,1.0,455.69
20080112,76,0.0,0.0,0.0,1.0,466.0
20080112,77,0.0,0.0,0.0,1.0,638.74
20080112,88,0.0,0.0,0.0,3.0,2518.74
20080112,89,0.0,0.0,0.0,1.0,681.95
20080112,91,0.0,0.0,0.0,1.0,672.32
20080112,94,0.0,0.0,0.0,1.0,362.9
20080112,95,0.0,0.0,0.0,1.0,702.55
20080112,99,0.0,0.0,0.0,1.0,253.58
20080112,103,0.0,0.0,0.0,1.0,261.43
20080112,104,0.0,0.0,0.0,1.0,319.11
20080112,116,0.0,0.0,0.0,1.0,199.24
20080113,18,0.0,0.0,0.0,1.0,739.1
20080113,19,0.0,0.0,0.0,1.0,723.38
20080113,20,0.0,0.0,0.0,1.0,743.9
20080113,23,0.0,0.0,0.0,2.0,1275.94
20080113,27,0.0,0.0,0.0,1.0,946.33
20080113,29,0.0,0.0,0.0,1.0,423.31
20080113,30,0.0,0.0,0.0,1.0,494.15
20080113,31,0.0,0.0,0.0,1.0,576.4
20080113,75,0.0,0.0,0.0,1.0,395.08
20080113,76,0.0,24.0,11196.48,1.0,466.52
20080113,77,0.0,20.0,12789.0,1.0,639.45
20080113,88,0.0,0.0,0.0,1.0,837.81
20080113,90,0.0,0.0,0.0,2.0,1425.84
20080113,91,0.0,0.0,0.0,1.0,675.42
20080113,94,0.0,0.0,0.0,1.0,363.04
20080113,95,0.0,0.0,0.0,1.0,700.65
20080113,99,0.0,0.0,0.0,1.0,253.96
20080113,103,0.0,0.0,0.0,1.0,262.48
20080113,104,0.0,0.0,0.0,2.0,640.72
20080113,111,0.0,0.0,0.0,1.0,207.21
20080113,116,0.0,0.0,0.0,1.0,198.62
20080114,18,0.0,25.0,18555.0,1.0,742.2
20080114,19,0.0,0.0,0.0,1.0,724.11
20080114,20,0.0,0.0,0.0,2.0,1482.74
20080114,21,0.0,0.0,0.0,3.0,2133.6
20080114,22,0.0,0.0,0.0,2.0,1491.58
20080114,23,0.0,7.0,4475.17,2.0,1278.62
20080114,24,0.0,0.0,0.0,1.0,1040.44
20080114,30,0.0,0.0,0.0,1.0,492.86
20080114,77,0.0,0.0,0.0,1.0,641.05
20080114,80,0.0,0.0,0.0,1.0,173.67
20080114,90,0.0,26.0,18447.0,1.0,709.5
20080114,93,0.0,0.0,0.0,1.0,383.37
20080114,98,0.0,0.0,0.0,1.0,587.29
20080114,99,0.0,0.0,0.0,1.0,254.87
20080114,102,0.0,0.0,0.0,1.0,333.43
20080114,103,0.0,0.0,0.0,1.0,261.22
20080114,111,0.0,10.0,2070.0,1.0,207.0
20080114,116,0.0,0.0,0.0,2.0,396.56
20080114,118,0.0,0.0,0.0,2.0,451.6
20080115,18,0.0,0.0,0.0,1.0,743.32
20080115,20,0.0,0.0,0.0,1.0,740.19
20080115,21,0.0,24.0,16998.72,1.0,708.28
20080115,22,0.0,0.0,0.0,2.0,1484.42
20080115,23,0.0,0.0,0.0,1.0,638.8
20080115,24,0.0,16.0,16593.92,0.0,0.0
20080115,25,0.0,0.0,0.0,1.0,1004.13
20080115,27,0.0,0.0,0.0,2.0,1891.32
20080115,31,0.0,0.0,0.0,1.0,573.75
20080115,32,0.0,0.0,0.0,1.0,460.08
20080115,76,0.0,0.0,0.0,1.0,467.26
20080115,79,0.0,0.0,0.0,1.0,484.24
20080115,88,0.0,0.0,0.0,2.0,1670.26
20080115,90,0.0,0.0,0.0,1.0,711.06
20080115,92,0.0,0.0,0.0,1.0,407.34
20080115,96,0.0,0.0,0.0,2.0,1094.64
20080115,99,0.0,0.0,0.0,2.0,510.82
20080115,100,0.0,0.0,0.0,1.0,188.37
20080115,101,0.0,0.0,0.0,1.0,165.66
20080115,103,0.0,0.0,0.0,1.0,260.33
20080115,105,0.0,0.0,0.0,1.0,304.55
20080115,108,0.0,0.0,0.0,1.0,82.07
20080115,110,0.0,0.0,0.0,1.0,63.97
20080115,113,0.0,0.0,0.0,1.0,202.94
20080115,115,0.0,0.0,0.0,1.0,206.19
20080115,116,0.0,0.0,0.0,1.0,197.92
20080115,117,0.0,0.0,0.0,2.0,371.84
20080116,18,0.0,0.0,0.0,1.0,741.98
20080116,20,0.0,0.0,0.0,1.0,738.49
20080116,21,0.0,0.0,0.0,2.0,1416.84
20080116,23,0.0,0.0,0.0,1.0,638.04
20080116,27,0.0,0.0,0.0,1.0,948.22
20080116,32,0.0,0.0,0.0,1.0,461.37
20080116,33,0.0,0.0,0.0,2.0,812.5
20080116,78,0.0,0.0,0.0,1.0,652.41
20080116,79,0.0,0.0,0.0,1.0,484.39
20080116,92,0.0,0.0,0.0,1.0,407.99
20080116,93,0.0,0.0,0.0,1.0,380.54
20080116,95,0.0,0.0,0.0,2.0,1400.84
20080116,96,0.0,3.0,1643.61,1.0,547.87
20080116,98,0.0,0.0,0.0,2.0,1178.58
20080116,101,0.0,0.0,0.0,1.0,165.03
20080116,102,0.0,0.0,0.0,3.0,999.57
20080116,103,0.0,0.0,0.0,2.0,519.82
20080116,108,0.0,19.0,1567.12,0.0,0.0
20080116,111,0.0,0.0,0.0,1.0,206.4
20080116,112,0.0,0.0,0.0,1.0,157.94
20080116,114,0.0,0.0,0.0,1.0,173.87
20080116,116,0.0,0.0,0.0,1.0,197.09
20080116,117,0.0,0.0,0.0,2.0,371.88
20080117,20,0.0,0.0,0.0,2.0,1482.0
20080117,21,0.0,0.0,0.0,2.0,1416.98
20080117,27,0.0,0.0,0.0,1.0,945.47
20080117,30,0.0,0.0,0.0,1.0,493.2
20080117,33,0.0,0.0,0.0,1.0,405.44
20080117,77,0.0,0.0,0.0,1.0,643.42
20080117,94,0.0,0.0,0.0,2.0,724.12
20080117,95,0.0,0.0,0.0,2.0,1404.64
20080117,96,0.0,0.0,0.0,1.0,546.33
20080117,103,0.0,0.0,0.0,1.0,258.72
20080117,105,0.0,0.0,0.0,1.0,304.21
20080117,108,0.0,0.0,0.0,1.0,82.83
20080117,109,0.0,0.0,0.0,2.0,144.58
20080117,116,0.0,0.0,0.0,1.0,197.92
20080117,117,0.0,10.0,1867.2,0.0,0.0
20080117,118,0.0,0.0,0.0,1.0,226.25
20080118,20,0.0,0.0,0.0,1.0,740.03
20080118,22,0.0,0.0,0.0,1.0,736.87
20080118,26,0.0,0.0,0.0,1.0,913.75
20080118,28,0.0,0.0,0.0,1.0,915.16
20080118,29,0.0,0.0,0.0,2.0,843.72
20080118,30,0.0,11.0,5419.26,0.0,0.0
20080118,77,0.0,0.0,0.0,1.0,642.19
20080118,87,0.0,0.0,0.0,1.0,166.75
20080118,88,0.0,0.0,0.0,1.0,832.11
20080118,95,0.0,8.0,5635.92,1.0,704.49
20080118,97,0.0,0.0,0.0,1.0,751.08
20080118,99,0.0,0.0,0.0,3.0,762.93
20080118,106,0.0,0.0,0.0,1.0,78.82
20080118,107,0.0,0.0,0.0,1.0,63.14
20080118,116,0.0,15.0,2961.9,1.0,197.46
20080118,117,0.0,0.0,0.0,1.0,187.3
20080118,118,0.0,0.0,0.0,3.0,677.52
20080119,18,0.0,0.0,0.0,1.0,734.95
20080119,19,0.0,0.0,0.0,1.0,718.55
20080119,22,0.0,12.0,8846.88,0.0,0.0
20080119,23,0.0,0.0,0.0,3.0,1920.24
20080119,24,0.0,0.0,0.0,1.0,1044.8
20080119,27,0.0,0.0,0.0,1.0,940.37
20080119,29,0.0,0.0,0.0,1.0,423.55
20080119,76,0.0,0.0,0.0,3.0,1399.95
20080119,86,0.0,0.0,0.0,1.0,164.38
20080119,88,0.0,0.0,0.0,1.0,832.44
20080119,99,0.0,0.0,0.0,3.0,763.29
20080119,103,0.0,0.0,0.0,1.0,258.79
20080119,104,0.0,0.0,0.0,2.0,637.06
20080119,117,0.0,0.0,0.0,2.0,373.92
20080119,118,0.0,3.0,679.14,0.0,0.0
20080120,18,0.0,0.0,0.0,2.0,1463.28
20080120,19,0.0,0.0,0.0,2.0,1444.28
20080120,20,0.0,0.0,0.0,2.0,1475.92
20080120,22,0.0,0.0,0.0,3.0,2214.81
20080120,23,0.0,23.0,14723.22,1.0,640.14
20080120,24,0.0,0.0,0.0,1.0,1048.57
20080120,25,0.0,0.0,0.0,1.0,1004.81
20080120,27,0.0,0.0,0.0,1.0,939.52
20080120,29,0.0,18.0,7647.48,1.0,424.86
20080120,30,0.0,0.0,0.0,2.0,988.96
20080120,80,0.0,0.0,0.0,2.0,346.18
20080120,88,0.0,0.0,0.0,4.0,3328.44
20080120,92,0.0,0.0,0.0,2.0,820.56
20080120,97,0.0,0.0,0.0,1.0,750.17
20080120,98,0.0,0.0,0.0,1.0,589.41
20080120,99,0.0,0.0,0.0,1.0,254.21
20080120,100,0.0,0.0,0.0,1.0,190.01
20080120,104,0.0,8.0,2539.84,0.0,0.0
20080120,107,0.0,0.0,0.0,1.0,62.82
20080120,109,0.0,0.0,0.0,1.0,72.64
20080120,113,0.0,0.0,0.0,1.0,203.63
20080120,116,0.0,0.0,0.0,1.0,197.46
20080120,117,0.0,0.0,0.0,3.0,563.46
20080120,118,0.0,0.0,0.0,1.0,225.41
20080121,18,0.0,0.0,0.0,1.0,728.86
20080121,19,0.0,0.0,0.0,1.0,720.04
20080121,20,0.0,11.0,8098.86,1.0,736.26
20080121,22,0.0,0.0,0.0,1.0,741.15
20080121,23,0.0,0.0,0.0,1.0,638.93
20080121,25,0.0,0.0,0.0,1.0,1003.0
20080121,30,0.0,0.0,0.0,2.0,993.62
20080121,31,0.0,0.0,0.0,2.0,1145.52
20080121,79,0.0,0.0,0.0,1.0,481.57
20080121,80,0.0,0.0,0.0,1.0,173.72
20080121,81,0.0,0.0,0.0,2.0,382.04
20080121,86,0.0,0.0,0.0,1.0,164.41
20080121,87,0.0,0.0,0.0,1.0,166.69
20080121,88,0.0,0.0,0.0,1.0,829.78
20080121,93,0.0,0.0,0.0,1.0,382.78
20080121,98,0.0,0.0,0.0,3.0,1770.0
20080121,113,0.0,13.0,2658.76,0.0,0.0
20080121,116,0.0,0.0,0.0,3.0,593.1
20080122,23,0.0,0.0,0.0,1.0,640.71
20080122,25,0.0,0.0,0.0,1.0,1007.91
20080122,27,0.0,0.0,0.0,1.0,936.89
20080122,28,0.0,0.0,0.0,2.0,1829.74
20080122,31,0.0,0.0,0.0,1.0,575.16
20080122,32,0.0,0.0,0.0,2.0,919.2
20080122,33,0.0,0.0,0.0,2.0,812.82
20080122,78,0.0,0.0,0.0,1.0,650.84
20080122,81,0.0,6.0,1142.16,0.0,0.0
20080122,82,0.0,0.0,0.0,1.0,204.05
20080122,88,0.0,0.0,0.0,1.0,828.79
20080122,91,0.0,0.0,0.0,4.0,2677.28
20080122,92,0.0,0.0,0.0,1.0,411.22
20080122,96,0.0,0.0,0.0,1.0,544.79
20080122,98,0.0,0.0,0.0,1.0,590.05
20080122,105,0.0,0.0,0.0,1.0,302.15
20080122,109,0.0,0.0,0.0,1.0,72.69
20080122,112,0.0,0.0,0.0,1.0,158.08
20080122,116,0.0,0.0,0.0,1.0,198.17
20080122,118,0.0,0.0,0.0,2.0,451.62
20080123,20,0.0,0.0,0.0,2.0,1481.66
20080123,21,0.0,0.0,0.0,3.0,2103.87
20080123,22,0.0,0.0,0.0,2.0,1484.82
20080123,23,0.0,0.0,0.0,2.0,1283.36
20080123,28,0.0,0.0,0.0,2.0,1832.12
20080123,88,0.0,0.0,0.0,1.0,828.54
20080123,89,0.0,0.0,0.0,1.0,690.36
20080123,90,0.0,0.0,0.0,1.0,704.59
20080123,96,0.0,22.0,11957.88,0.0,0.0
20080123,98,0.0,0.0,0.0,1.0,591.35
20080123,99,0.0,0.0,0.0,2.0,508.7
20080123,110,0.0,0.0,0.0,1.0,64.37
20080123,118,0.0,13.0,2943.46,0.0,0.0
20080124,18,0.0,0.0,0.0,3.0,2171.76
20080124,20,0.0,0.0,0.0,1.0,742.24
20080124,21,0.0,0.0,0.0,2.0,1398.78
20080124,22,0.0,0.0,0.0,2.0,1477.7
20080124,23,0.0,0.0,0.0,2.0,1278.22
20080124,24,0.0,0.0,0.0,1.0,1057.92
20080124,27,0.0,0.0,0.0,1.0,942.43
20080124,28,0.0,6.0,5522.76,2.0,1840.92
20080124,29,0.0,0.0,0.0,1.0,425.12
20080124,32,0.0,0.0,0.0,1.0,461.49
20080124,33,0.0,0.0,0.0,1.0,408.65
20080124,75,0.0,0.0,0.0,1.0,388.66
20080124,76,0.0,0.0,0.0,2.0,941.24
20080124,78,0.0,0.0,0.0,1.0,649.34
20080124,79,0.0,0.0,0.0,1.0,480.08
20080124,89,0.0,0.0,0.0,1.0,686.98
20080124,90,0.0,0.0,0.0,2.0,1404.26
20080124,95,0.0,0.0,0.0,1.0,703.07
20080124,96,0.0,0.0,0.0,2.0,1091.64
20080124,97,0.0,0.0,0.0,1.0,752.72
20080124,99,0.0,0.0,0.0,2.0,511.2
20080124,100,0.0,0.0,0.0,1.0,190.52
20080124,105,0.0,0.0,0.0,1.0,303.57
20080124,115,0.0,0.0,0.0,1.0,204.31
20080124,116,0.0,0.0,0.0,3.0,597.45
20080125,18,0.0,0.0,0.0,1.0,724.06
20080125,19,0.0,0.0,0.0,1.0,717.22
20080125,21,0.0,0.0,0.0,1.0,700.02
20080125,23,0.0,0.0,0.0,1.0,636.74
20080125,28,0.0,0.0,0.0,1.0,921.74
20080125,29,0.0,0.0,0.0,1.0,424.86
20080125,31,0.0,0.0,0.0,1.0,574.23
20080125,76,0.0,0.0,0.0,1.0,469.49
20080125,77,0.0,0.0,0.0,1.0,647.73
20080125,78,0.0,0.0,0.0,1.0,650.97
20080125,79,0.0,0.0,0.0,1.0,479.79
20080125,83,0.0,0.0,0.0,1.0,165.1
20080125,90,0.0,0.0,0.0,1.0,698.76
20080125,97,0.0,0.0,0.0,1.0,754.23
20080125,107,0.0,0.0,0.0,1.0,63.6
20080125,116,0.0,0.0,0.0,1.0,200.0
20080125,117,0.0,0.0,0.0,1.0,187.02
20080125,118,0.0,0.0,0.0,2.0,453.8
20080126,18,0.0,0.0,0.0,1.0,727.1
20080126,19,0.0,0.0,0.0,2.0,1427.42
20080126,20,0.0,0.0,0.0,2.0,1484.16
20080126,21,0.0,0.0,0.0,1.0,697.64
20080126,22,0.0,0.0,0.0,1.0,745.07
20080126,24,0.0,0.0,0.0,1.0,1054.22
20080126,28,0.0,0.0,0.0,1.0,924.69
20080126,31,0.0,0.0,0.0,1.0,575.67
20080126,89,0.0,0.0,0.0,1.0,688.42
20080126,90,0.0,0.0,0.0,1.0,701.76
20080126,95,0.0,0.0,0.0,1.0,701.59
20080126,97,0.0,0.0,0.0,1.0,752.64
20080126,98,0.0,0.0,0.0,3.0,1774.56
20080126,99,0.0,0.0,0.0,2.0,508.28
20080126,100,0.0,0.0,0.0,2.0,381.92
20080126,102,0.0,0.0,0.0,1.0,337.5
20080126,110,0.0,0.0,0.0,1.0,64.41
20080126,113,0.0,0.0,0.0,1.0,204.95
20080126,114,0.0,0.0,0.0,1.0,175.29
20080126,117,0.0,0.0,0.0,1.0,186.14
20080126,118,0.0,0.0,0.0,1.0,226.13
20080127,18,0.0,0.0,0.0,2.0,1453.92
20080127,19,0.0,23.0,16370.94,2.0,1423.56
20080127,20,0.0,0.0,0.0,2.0,1486.68
20080127,21,0.0,0.0,0.0,4.0,2803.4
20080127,24,0.0,0.0,0.0,1.0,1051.06
20080127,26,0.0,0.0,0.0,2.0,1813.96
20080127,28,0.0,0.0,0.0,1.0,922.38
20080127,29,0.0,0.0,0.0,2.0,847.76
20080127,32,0.0,0.0,0.0,1.0,462.22
20080127,76,0.0,0.0,0.0,1.0,471.51
20080127,77,0.0,0.0,0.0,2.0,1301.16
20080127,79,0.0,0.0,0.0,1.0,480.08
20080127,89,0.0,23.0,15775.01,0.0,0.0
20080127,93,0.0,0.0,0.0,1.0,380.45
20080127,98,0.0,4.0,2371.08,0.0,0.0
20080127,102,0.0,9.0,3049.38,0.0,0.0
20080127,103,0.0,0.0,0.0,1.0,262.61
20080127,104,0.0,0.0,0.0,1.0,317.41
20080127,107,0.0,0.0,0.0,1.0,64.06
20080127,111,0.0,0.0,0.0,1.0,207.24
20080127,116,0.0,0.0,0.0,1.0,201.04
20080127,118,0.0,0.0,0.0,1.0,226.69
20080128,18,0.0,0.0,0.0,3.0,2174.97
20080128,20,0.0,0.0,0.0,1.0,746.24
20080128,21,0.0,0.0,0.0,3.0,2109.27
20080128,23,0.0,0.0,0.0,2.0,1267.22
20080128,24,0.0,0.0,0.0,1.0,1050.74
20080128,26,0.0,0.0,0.0,1.0,903.98
20080128,27,0.0,0.0,0.0,1.0,941.56
20080128,30,0.0,0.0,0.0,2.0,987.54
20080128,31,0.0,0.0,0.0,1.0,577.39
20080128,77,0.0,0.0,0.0,1.0,651.75
20080128,79,0.0,0.0,0.0,1.0,478.59
20080128,89,0.0,0.0,0.0,1.0,685.12
20080128,90,0.0,0.0,0.0,1.0,702.81
20080128,91,0.0,0.0,0.0,1.0,673.94
20080128,95,0.0,0.0,0.0,1.0,702.29
20080128,98,0.0,0.0,0.0,1.0,595.67
20080128,99,0.0,0.0,0.0,2.0,505.5
20080128,105,0.0,0.0,0.0,1.0,302.62
20080128,116,0.0,0.0,0.0,2.0,402.44
20080129,19,0.0,0.0,0.0,1.0,713.56
20080129,20,0.0,0.0,0.0,2.0,1492.92
20080129,21,0.0,0.0,0.0,2.0,1404.08
20080129,24,0.0,0.0,0.0,1.0,1048.74
20080129,25,0.0,0.0,0.0,1.0,1007.58
20080129,28,0.0,0.0,0.0,1.0,921.46
20080129,32,0.0,0.0,0.0,1.0,460.42
20080129,77,0.0,0.0,0.0,1.0,651.55
20080129,94,0.0,0.0,0.0,1.0,363.78
20080129,96,0.0,0.0,0.0,3.0,1647.96
20080129,98,0.0,0.0,0.0,1.0,594.48
20080129,99,0.0,25.0,6300.25,2.0,504.02
20080129,102,0.0,0.0,0.0,3.0,1009.74
20080129,104,0.0,0.0,0.0,1.0,315.54
20080129,113,0.0,0.0,0.0,1.0,204.39
20080129,115,0.0,0.0,0.0,1.0,203.29
20080129,117,0.0,0.0,0.0,2.0,371.6
20080129,118,0.0,0.0,0.0,3.0,682.44
20080130,19,0.0,0.0,0.0,2.0,1434.12
20080130,20,0.0,27.0,20255.13,0.0,0.0
20080130,21,0.0,0.0,0.0,2.0,1399.58
20080130,22,0.0,0.0,0.0,2.0,1486.84
20080130,23,0.0,0.0,0.0,2.0,1269.88
20080130,25,0.0,24.0,24259.2,0.0,0.0
20080130,28,0.0,3.0,2756.64,0.0,0.0
20080130,33,0.0,0.0,0.0,1.0,412.62
20080130,76,0.0,0.0,0.0,2.0,936.72
20080130,78,0.0,0.0,0.0,2.0,1294.26
20080130,80,0.0,0.0,0.0,1.0,171.79
20080130,85,0.0,0.0,0.0,1.0,167.24
20080130,89,0.0,0.0,0.0,1.0,685.45
20080130,91,0.0,0.0,0.0,1.0,677.99
20080130,94,0.0,0.0,0.0,1.0,363.68
20080130,96,0.0,0.0,0.0,1.0,547.45
20080130,98,0.0,25.0,14820.25,0.0,0.0
20080130,104,0.0,0.0,0.0,1.0,316.3
20080130,116,0.0,0.0,0.0,1.0,202.09
20080130,117,0.0,2.0,372.42,1.0,186.21
20080130,118,0.0,0.0,0.0,1.0,228.46
20080131,18,0.0,0.0,0.0,2.0,1454.9
20080131,20,0.0,0.0,0.0,1.0,746.82
20080131,22,0.0,0.0,0.0,1.0,740.9
20080131,26,0.0,0.0,0.0,1.0,901.35
20080131,29,0.0,0.0,0.0,4.0,1680.48
20080131,33,0.0,0.0,0.0,2.0,829.28
20080131,79,0.0,0.0,0.0,2.0,962.46
20080131,81,0.0,0.0,0.0,1.0,194.47
20080131,87,0.0,0.0,0.0,1.0,166.0
20080131,89,0.0,0.0,0.0,1.0,687.99
20080131,92,0.0,0.0,0.0,1.0,409.81
20080131,95,0.0,0.0,0.0,1.0,701.03
20080131,101,0.0,0.0,0.0,1.0,168.81
20080131,110,0.0,0.0,0.0,1.0,64.77
20080131,113,0.0,0.0,0.0,1.0,203.31
20080131,114,0.0,0.0,0.0,1.0,175.09
20080131,116,0.0,0.0,0.0,1.0,202.17
20080131,118,0.0,0.0,0.0,2.0,458.84
20080201,6,0.0,0.0,0.0,14.0,1728.58
20080201,11,0.0,0.0,0.0,20.0,3034.4
20080201,13,0.0,0.0,0.0,16.0,7369.6
20080201,14,0.0,0.0,0.0,27.0,9294.21
20080201,16,0.0,0.0,0.0,27.0,11052.18
20080201,17,0.0,0.0,0.0,35.0,14952.7
20080201,18,0.0,0.0,0.0,75.0,54728.25
20080201,19,0.0,0.0,0.0,73.0,52345.38
20080201,20,0.0,0.0,0.0,66.0,49398.36
20080201,21,0.0,0.0,0.0,90.0,63157.5
20080201,22,0.0,3.0,2227.14,74.0,54936.12
20080201,23,0.0,0.0,0.0,65.0,41361.45
20080201,24,0.0,0.0,0.0,38.0,39971.82
20080201,25,0.0,0.0,0.0,58.0,58990.64
20080201,26,0.0,0.0,0.0,58.0,52461.0
20080201,27,0.0,0.0,0.0,35.0,32859.05
20080201,28,0.0,0.0,0.0,37.0,34052.58
20080201,29,0.0,0.0,0.0,70.0,29269.8
20080201,30,0.0,0.0,0.0,54.0,26652.78
20080201,31,0.0,0.0,0.0,38.0,21984.14
20080201,32,0.0,0.0,0.0,39.0,17972.37
20080201,33,0.0,0.0,0.0,65.0,26919.1
20080201,34,0.0,0.0,0.0,19.0,3975.94
20080201,37,0.0,0.0,0.0,28.0,5231.52
20080201,38,0.0,0.0,0.0,15.0,3655.05
20080201,43,0.0,0.0,0.0,26.0,7589.92
20080201,44,0.0,0.0,0.0,26.0,3044.34
20080201,47,0.0,0.0,0.0,24.0,7833.36
20080201,50,0.0,0.0,0.0,34.0,10098.68
20080201,51,0.0,0.0,0.0,21.0,7242.69
20080201,52,0.0,0.0,0.0,20.0,2165.8
20080201,53,0.0,0.0,0.0,18.0,2258.64
20080201,56,0.0,0.0,0.0,18.0,1969.74
20080201,57,0.0,0.0,0.0,12.0,1241.76
20080201,61,0.0,0.0,0.0,41.0,4807.66
20080201,62,0.0,0.0,0.0,48.0,5751.84
20080201,64,0.0,0.0,0.0,54.0,4197.42
20080201,67,0.0,0.0,0.0,27.0,2099.52
20080201,68,0.0,0.0,0.0,26.0,1833.78
20080201,69,0.0,0.0,0.0,54.0,4053.78
20080201,74,0.0,0.0,0.0,25.0,2266.5
20080201,75,0.0,0.0,0.0,46.0,17822.7
20080201,76,0.0,0.0,0.0,58.0,27148.64
20080201,77,0.0,0.0,0.0,35.0,22722.35
20080201,78,0.0,0.0,0.0,13.0,8407.49
20080201,79,0.0,0.0,0.0,65.0,31192.2
20080201,80,0.0,0.0,0.0,35.0,5980.45
20080201,81,0.0,0.0,0.0,29.0,5627.16
20080201,82,0.0,0.0,0.0,14.0,2869.16
20080201,83,0.0,0.0,0.0,50.0,8260.5
20080201,84,0.0,0.0,0.0,48.0,8901.6
20080201,85,0.0,0.0,0.0,27.0,4531.68
20080201,86,0.0,0.0,0.0,17.0,2779.16
20080201,87,0.0,0.0,0.0,38.0,6312.18
20080201,88,0.0,0.0,0.0,64.0,52198.4
20080201,89,0.0,0.0,0.0,31.0,21255.15
20080201,90,0.0,0.0,0.0,13.0,9083.49
20080201,91,0.0,0.0,0.0,74.0,50336.28
20080201,92,0.0,0.0,0.0,38.0,15608.88
20080201,93,0.0,0.0,0.0,10.0,3759.4
20080201,94,0.0,0.0,0.0,69.0,25066.32
20080201,95,0.0,0.0,0.0,97.0,68020.28
20080201,96,0.0,0.0,0.0,50.0,27411.0
20080201,97,0.0,0.0,0.0,44.0,33082.72
20080201,98,0.0,0.0,0.0,97.0,58027.34
20080201,99,0.0,0.0,0.0,58.0,14666.46
20080201,100,0.0,0.0,0.0,7.0,1348.9
20080201,101,0.0,0.0,0.0,46.0,7762.04
20080201,102,0.0,0.0,0.0,22.0,7399.7
20080201,103,0.0,0.0,0.0,45.0,11831.4
20080201,104,0.0,0.0,0.0,30.0,9490.8
20080201,105,0.0,0.0,0.0,19.0,5735.34
20080201,106,0.0,0.0,0.0,22.0,1736.9
20080201,107,0.0,0.0,0.0,22.0,1419.0
20080201,108,0.0,0.0,0.0,26.0,2171.78
20080201,109,0.0,0.0,0.0,29.0,2106.85
20080201,110,0.0,0.0,0.0,40.0,2588.8
20080201,111,0.0,0.0,0.0,19.0,3921.03
20080201,112,0.0,0.0,0.0,21.0,3314.85
20080201,113,0.0,0.0,0.0,23.0,4688.32
20080201,114,0.0,0.0,0.0,15.0,2624.85
20080201,115,0.0,0.0,0.0,17.0,3453.55
20080201,116,0.0,15.0,3044.1,44.0,8929.36
20080201,117,0.0,0.0,0.0,85.0,15787.9
20080201,118,0.0,0.0,0.0,66.0,15188.58
20080202,16,0.0,47.0,19234.75,0.0,0.0
20080202,18,0.0,83.0,60535.22,1.0,729.34
20080202,19,0.0,81.0,58337.01,3.0,2160.63
20080202,20,0.0,52.0,38970.36,2.0,1498.86
20080202,21,0.0,92.0,64618.96,2.0,1404.76
20080202,22,0.0,90.0,66954.6,0.0,0.0
20080202,23,0.0,77.0,49085.96,1.0,637.48
20080202,24,0.0,36.0,37883.16,0.0,0.0
20080202,25,0.0,48.0,48932.16,0.0,0.0
20080202,26,0.0,73.0,66292.76,0.0,0.0
20080202,27,0.0,50.0,46749.0,1.0,934.98
20080202,28,0.0,53.0,48816.71,1.0,921.07
20080202,29,0.0,86.0,36068.4,0.0,0.0
20080202,30,0.0,54.0,26551.26,0.0,0.0
20080202,31,0.0,60.0,34809.0,1.0,580.15
20080202,32,0.0,36.0,16533.36,0.0,0.0
20080202,33,0.0,75.0,31054.5,2.0,828.12
20080202,38,0.0,131.0,31872.3,0.0,0.0
20080202,51,0.0,139.0,48016.16,0.0,0.0
20080202,52,0.0,115.0,12430.35,0.0,0.0
20080202,62,0.0,13.0,1551.03,0.0,0.0
20080202,68,0.0,77.0,5446.21,0.0,0.0
20080202,75,0.0,39.0,15096.9,0.0,0.0
20080202,76,0.0,52.0,24359.4,0.0,0.0
20080202,77,0.0,39.0,25380.03,0.0,0.0
20080202,78,0.0,23.0,14852.48,0.0,0.0
20080202,79,0.0,79.0,38054.3,2.0,963.4
20080202,80,0.0,36.0,6168.96,0.0,0.0
20080202,81,0.0,43.0,8339.42,0.0,0.0
20080202,82,0.0,14.0,2860.62,0.0,0.0
20080202,83,0.0,63.0,10458.0,1.0,166.0
20080202,84,0.0,28.0,5201.56,0.0,0.0
20080202,85,0.0,51.0,8529.75,0.0,0.0
20080202,86,0.0,7.0,1146.18,0.0,0.0
20080202,87,0.0,25.0,4134.5,0.0,0.0
20080202,88,0.0,64.0,51948.16,1.0,811.69
20080202,89,0.0,17.0,11659.45,0.0,0.0
20080202,90,0.0,0.0,0.0,1.0,700.2
20080202,91,0.0,85.0,57807.65,0.0,0.0
20080202,92,0.0,51.0,21007.41,0.0,0.0
20080202,94,0.0,82.0,29654.48,0.0,0.0
20080202,95,0.0,109.0,76389.38,0.0,0.0
20080202,96,0.0,39.0,21416.85,0.0,0.0
20080202,97,0.0,52.0,39054.6,2.0,1502.1
20080202,98,0.0,93.0,55440.09,0.0,0.0
20080202,99,0.0,39.0,9895.47,1.0,253.73
20080202,100,0.0,31.0,5973.08,0.0,0.0
20080202,101,0.0,52.0,8746.4,0.0,0.0
20080202,102,0.0,32.0,10724.16,0.0,0.0
20080202,103,0.0,62.0,16366.14,0.0,0.0
20080202,104,0.0,50.0,15890.5,0.0,0.0
20080202,105,0.0,30.0,9042.3,1.0,301.41
20080202,107,0.0,33.0,2130.81,0.0,0.0
20080202,108,0.0,33.0,2743.62,0.0,0.0
20080202,109,0.0,20.0,1456.6,0.0,0.0
20080202,110,0.0,44.0,2849.88,0.0,0.0
20080202,111,0.0,24.0,4946.4,0.0,0.0
20080202,112,0.0,33.0,5227.86,0.0,0.0
20080202,113,0.0,21.0,4293.87,0.0,0.0
20080202,114,0.0,29.0,5052.38,0.0,0.0
20080202,115,0.0,23.0,4687.4,0.0,0.0
20080202,116,0.0,54.0,10904.76,1.0,201.94
20080202,117,0.0,110.0,20395.1,2.0,370.82
20080202,118,0.0,80.0,18331.2,2.0,458.28
20080203,18,0.0,0.0,0.0,1.0,731.82
20080203,19,0.0,0.0,0.0,3.0,2152.44
20080203,20,0.0,0.0,0.0,5.0,3737.4
20080203,22,0.0,0.0,0.0,1.0,741.78
20080203,23,0.0,0.0,0.0,1.0,640.22
20080203,26,0.0,0.0,0.0,1.0,912.66
20080203,29,0.0,0.0,0.0,1.0,421.41
20080203,32,0.0,0.0,0.0,3.0,1380.66
20080203,33,0.0,0.0,0.0,2.0,825.8
20080203,77,0.0,0.0,0.0,2.0,1300.62
20080203,78,0.0,0.0,0.0,2.0,1288.3
20080203,88,0.0,0.0,0.0,1.0,811.2
20080203,94,0.0,0.0,0.0,1.0,360.19
20080203,101,0.0,0.0,0.0,1.0,168.54
20080203,102,0.0,0.0,0.0,1.0,336.17
20080203,103,0.0,0.0,0.0,2.0,525.36
20080203,113,0.0,0.0,0.0,1.0,204.31
20080203,117,0.0,0.0,0.0,2.0,371.38
20080203,118,0.0,0.0,0.0,2.0,456.5
20080204,18,0.0,0.0,0.0,2.0,1467.74
20080204,22,0.0,0.0,0.0,1.0,742.45
20080204,23,0.0,0.0,0.0,2.0,1275.32
20080204,25,0.0,0.0,0.0,1.0,1018.29
20080204,26,0.0,0.0,0.0,1.0,915.22
20080204,33,0.0,0.0,0.0,1.0,413.81
20080204,75,0.0,0.0,0.0,1.0,385.63
20080204,77,0.0,0.0,0.0,2.0,1298.94
20080204,88,0.0,0.0,0.0,2.0,1628.74
20080204,89,0.0,0.0,0.0,1.0,690.94
20080204,90,0.0,0.0,0.0,3.0,2098.29
20080204,95,0.0,0.0,0.0,2.0,1408.5
20080204,96,0.0,0.0,0.0,1.0,551.35
20080204,98,0.0,0.0,0.0,1.0,594.7
20080204,106,0.0,0.0,0.0,1.0,79.51
20080204,116,0.0,0.0,0.0,1.0,203.38
20080204,118,0.0,0.0,0.0,1.0,228.32
20080205,18,0.0,0.0,0.0,1.0,734.61
20080205,19,0.0,0.0,0.0,2.0,1441.84
20080205,20,0.0,0.0,0.0,1.0,749.5
20080205,22,0.0,0.0,0.0,3.0,2220.45
20080205,23,0.0,0.0,0.0,2.0,1274.8
20080205,26,0.0,0.0,0.0,1.0,914.12
20080205,29,0.0,0.0,0.0,1.0,419.51
20080205,30,0.0,0.0,0.0,1.0,493.46
20080205,31,0.0,0.0,0.0,1.0,582.82
20080205,33,0.0,0.0,0.0,3.0,1239.45
20080205,76,0.0,0.0,0.0,1.0,467.65
20080205,82,0.0,0.0,0.0,1.0,202.98
20080205,86,0.0,0.0,0.0,1.0,164.96
20080205,90,0.0,0.0,0.0,1.0,699.36
20080205,91,0.0,0.0,0.0,1.0,682.81
20080205,96,0.0,0.0,0.0,3.0,1654.05
20080205,97,0.0,0.0,0.0,1.0,749.69
20080205,98,0.0,0.0,0.0,2.0,1184.04
20080205,99,0.0,0.0,0.0,1.0,250.9
20080205,102,0.0,0.0,0.0,1.0,336.61
20080205,106,0.0,16.0,1268.48,0.0,0.0
20080205,107,0.0,0.0,0.0,1.0,64.73
20080205,114,0.0,0.0,0.0,1.0,175.7
20080205,116,0.0,0.0,0.0,1.0,202.81
20080206,18,0.0,0.0,0.0,1.0,738.28
20080206,20,0.0,0.0,0.0,2.0,1492.42
20080206,22,0.0,0.0,0.0,2.0,1477.48
20080206,24,0.0,0.0,0.0,1.0,1064.35
20080206,29,0.0,0.0,0.0,1.0,421.03
20080206,31,0.0,0.0,0.0,3.0,1756.32
20080206,32,0.0,0.0,0.0,1.0,463.17
20080206,33,0.0,0.0,0.0,1.0,414.67
20080206,76,0.0,0.0,0.0,1.0,466.67
20080206,77,0.0,0.0,0.0,1.0,649.01
20080206,78,0.0,0.0,0.0,1.0,644.4
20080206,87,0.0,0.0,0.0,1.0,166.54
20080206,88,0.0,0.0,0.0,1.0,809.89
20080206,89,0.0,0.0,0.0,1.0,693.29
20080206,90,0.0,23.0,16135.19,0.0,0.0
20080206,91,0.0,0.0,0.0,1.0,680.49
20080206,95,0.0,0.0,0.0,1.0,704.31
20080206,96,0.0,0.0,0.0,2.0,1105.22
20080206,101,0.0,0.0,0.0,1.0,167.64
20080206,105,0.0,0.0,0.0,2.0,607.88
20080206,115,0.0,0.0,0.0,1.0,202.49
20080206,116,0.0,0.0,0.0,1.0,202.53
20080207,18,0.0,0.0,0.0,2.0,1474.78
20080207,19,0.0,0.0,0.0,1.0,724.46
20080207,20,0.0,0.0,0.0,4.0,2995.88
20080207,22,0.0,0.0,0.0,2.0,1476.44
20080207,23,0.0,0.0,0.0,1.0,638.42
20080207,25,0.0,0.0,0.0,1.0,1021.35
20080207,29,0.0,0.0,0.0,1.0,419.59
20080207,30,0.0,0.0,0.0,1.0,497.37
20080207,32,0.0,6.0,2774.88,1.0,462.48
20080207,75,0.0,0.0,0.0,1.0,383.2
20080207,76,0.0,0.0,0.0,1.0,469.0
20080207,77,0.0,0.0,0.0,2.0,1299.18
20080207,78,0.0,0.0,0.0,2.0,1292.16
20080207,82,0.0,0.0,0.0,1.0,202.31
20080207,90,0.0,0.0,0.0,2.0,1405.3
20080207,94,0.0,0.0,0.0,1.0,361.28
20080207,95,0.0,0.0,0.0,2.0,1415.1
20080207,96,0.0,9.0,4957.11,2.0,1101.58
20080207,97,0.0,0.0,0.0,2.0,1494.14
20080207,98,0.0,0.0,0.0,2.0,1190.08
20080207,104,0.0,0.0,0.0,1.0,319.69
20080207,112,0.0,0.0,0.0,1.0,159.72
20080207,116,0.0,0.0,0.0,1.0,201.86
20080207,117,0.0,0.0,0.0,3.0,561.87
20080207,118,0.0,0.0,0.0,2.0,455.36
20080208,18,0.0,0.0,0.0,2.0,1473.76
20080208,20,0.0,23.0,17200.32,1.0,747.84
20080208,21,0.0,0.0,0.0,1.0,708.5
20080208,22,0.0,0.0,0.0,2.0,1479.98
20080208,24,0.0,0.0,0.0,1.0,1060.63
20080208,26,0.0,0.0,0.0,1.0,904.19
20080208,27,0.0,0.0,0.0,1.0,936.54
20080208,28,0.0,0.0,0.0,1.0,921.4
20080208,30,0.0,0.0,0.0,1.0,499.01
20080208,31,0.0,0.0,0.0,1.0,585.38
20080208,33,0.0,0.0,0.0,1.0,416.25
20080208,78,0.0,0.0,0.0,3.0,1942.11
20080208,79,0.0,0.0,0.0,1.0,478.76
20080208,88,0.0,0.0,0.0,2.0,1617.98
20080208,89,0.0,0.0,0.0,1.0,695.23
20080208,90,0.0,0.0,0.0,1.0,699.42
20080208,91,0.0,0.0,0.0,1.0,683.21
20080208,96,0.0,0.0,0.0,1.0,548.59
20080208,97,0.0,0.0,0.0,2.0,1498.92
20080208,98,0.0,0.0,0.0,1.0,595.22
20080208,99,0.0,0.0,0.0,6.0,1516.44
20080208,100,0.0,0.0,0.0,1.0,197.15
20080208,102,0.0,0.0,0.0,2.0,676.02
20080208,105,0.0,0.0,0.0,1.0,303.33
20080208,110,0.0,0.0,0.0,1.0,64.89
20080208,116,0.0,0.0,0.0,1.0,201.39
20080208,117,0.0,0.0,0.0,1.0,187.12
20080208,118,0.0,0.0,0.0,1.0,226.9
20080209,18,0.0,0.0,0.0,1.0,739.6
20080209,19,0.0,0.0,0.0,1.0,730.56
20080209,20,0.0,0.0,0.0,1.0,748.22
20080209,21,0.0,15.0,10666.95,1.0,711.13
20080209,24,0.0,0.0,0.0,1.0,1065.08
20080209,26,0.0,0.0,0.0,2.0,1816.34
20080209,27,0.0,0.0,0.0,1.0,939.07
20080209,29,0.0,0.0,0.0,1.0,417.2
20080209,30,0.0,0.0,0.0,1.0,498.16
20080209,33,0.0,0.0,0.0,1.0,415.08
20080209,80,0.0,0.0,0.0,1.0,170.62
20080209,90,0.0,0.0,0.0,2.0,1405.4
20080209,91,0.0,0.0,0.0,1.0,680.07
20080209,95,0.0,0.0,0.0,2.0,1417.08
20080209,97,0.0,0.0,0.0,1.0,752.01
20080209,99,0.0,25.0,6310.75,1.0,252.43
20080209,100,0.0,0.0,0.0,1.0,198.0
20080209,103,0.0,0.0,0.0,1.0,263.14
20080209,111,0.0,0.0,0.0,1.0,206.37
20080209,116,0.0,0.0,0.0,1.0,200.77
20080209,118,0.0,0.0,0.0,2.0,455.08
20080210,18,0.0,0.0,0.0,1.0,736.94
20080210,19,0.0,0.0,0.0,2.0,1454.84
20080210,20,0.0,0.0,0.0,2.0,1499.72
20080210,21,0.0,0.0,0.0,3.0,2134.02
20080210,22,0.0,0.0,0.0,1.0,742.88
20080210,23,0.0,0.0,0.0,2.0,1274.28
20080210,25,0.0,0.0,0.0,1.0,1024.0
20080210,32,0.0,0.0,0.0,1.0,467.07
20080210,86,0.0,0.0,0.0,1.0,163.04
20080210,88,0.0,0.0,0.0,1.0,804.38
20080210,91,0.0,0.0,0.0,1.0,682.93
20080210,92,0.0,0.0,0.0,1.0,415.61
20080210,94,0.0,0.0,0.0,1.0,359.9
20080210,95,0.0,0.0,0.0,1.0,710.81
20080210,96,0.0,0.0,0.0,1.0,547.71
20080210,98,0.0,0.0,0.0,1.0,597.0
20080210,99,0.0,0.0,0.0,1.0,252.08
20080210,103,0.0,0.0,0.0,1.0,263.12
20080210,111,0.0,0.0,0.0,1.0,205.69
20080210,116,0.0,0.0,0.0,1.0,200.13
20080210,117,0.0,0.0,0.0,2.0,372.74
20080211,18,0.0,0.0,0.0,1.0,738.78
20080211,19,0.0,0.0,0.0,2.0,1460.5
20080211,20,0.0,0.0,0.0,1.0,752.71
20080211,22,0.0,0.0,0.0,1.0,744.81
20080211,23,0.0,0.0,0.0,1.0,637.96
20080211,26,0.0,0.0,0.0,1.0,904.99
20080211,33,0.0,0.0,0.0,1.0,417.08
20080211,88,0.0,0.0,0.0,1.0,803.34
20080211,89,0.0,0.0,0.0,2.0,1388.64
20080211,93,0.0,0.0,0.0,1.0,377.31
20080211,96,0.0,0.0,0.0,2.0,1094.86
20080211,99,0.0,0.0,0.0,1.0,252.91
20080211,100,0.0,0.0,0.0,1.0,197.94
20080211,102,0.0,0.0,0.0,1.0,338.41
20080211,104,0.0,0.0,0.0,2.0,637.82
20080211,106,0.0,0.0,0.0,1.0,80.07
20080211,115,0.0,0.0,0.0,1.0,202.49
20080211,116,0.0,0.0,0.0,1.0,201.11
20080211,117,0.0,0.0,0.0,1.0,186.15
20080211,118,0.0,0.0,0.0,2.0,459.6
20080212,18,0.0,0.0,0.0,1.0,739.96
20080212,19,0.0,0.0,0.0,1.0,732.52
20080212,22,0.0,0.0,0.0,1.0,745.55
20080212,23,0.0,0.0,0.0,1.0,637.01
20080212,25,0.0,0.0,0.0,2.0,2060.5
20080212,27,0.0,0.0,0.0,1.0,944.34
20080212,75,0.0,0.0,0.0,1.0,382.47
20080212,76,0.0,0.0,0.0,1.0,470.88
20080212,77,0.0,0.0,0.0,1.0,649.78
20080212,84,0.0,0.0,0.0,1.0,184.48
20080212,86,0.0,0.0,0.0,1.0,163.43
20080212,88,0.0,10.0,8067.9,0.0,0.0
20080212,96,0.0,0.0,0.0,1.0,545.14
20080212,99,0.0,0.0,0.0,1.0,254.18
20080212,102,0.0,0.0,0.0,1.0,338.68
20080212,116,0.0,0.0,0.0,1.0,201.01
20080212,117,0.0,0.0,0.0,2.0,371.22
20080212,118,0.0,0.0,0.0,3.0,690.21
20080213,18,0.0,13.0,9613.76,2.0,1479.04
20080213,19,0.0,0.0,0.0,2.0,1459.32
20080213,21,0.0,0.0,0.0,2.0,1426.78
20080213,22,0.0,0.0,0.0,1.0,743.09
20080213,27,0.0,0.0,0.0,1.0,941.5
20080213,28,0.0,0.0,0.0,1.0,928.59
20080213,29,0.0,0.0,0.0,1.0,419.12
20080213,30,0.0,0.0,0.0,1.0,497.06
20080213,78,0.0,0.0,0.0,1.0,648.21
20080213,80,0.0,0.0,0.0,1.0,171.09
20080213,84,0.0,0.0,0.0,1.0,184.35
20080213,89,0.0,0.0,0.0,1.0,696.68
20080213,95,0.0,0.0,0.0,2.0,1423.6
20080213,96,0.0,0.0,0.0,1.0,544.75
20080213,99,0.0,0.0,0.0,1.0,254.02
20080213,103,0.0,0.0,0.0,1.0,262.09
20080213,107,0.0,0.0,0.0,1.0,64.84
20080213,110,0.0,0.0,0.0,1.0,65.21
20080213,115,0.0,0.0,0.0,1.0,202.44
20080213,117,0.0,0.0,0.0,1.0,185.37
20080214,18,0.0,0.0,0.0,1.0,741.89
20080214,20,0.0,0.0,0.0,2.0,1508.28
20080214,21,0.0,0.0,0.0,1.0,711.53
20080214,22,0.0,0.0,0.0,2.0,1486.48
20080214,23,0.0,0.0,0.0,4.0,2560.8
20080214,30,0.0,7.0,3483.62,0.0,0.0
20080214,31,0.0,0.0,0.0,2.0,1166.88
20080214,32,0.0,0.0,0.0,1.0,465.15
20080214,33,0.0,0.0,0.0,1.0,415.61
20080214,79,0.0,0.0,0.0,1.0,480.14
20080214,80,0.0,0.0,0.0,1.0,170.7
20080214,84,0.0,4.0,738.8,1.0,184.7
20080214,89,0.0,21.0,14562.87,0.0,0.0
20080214,90,0.0,0.0,0.0,1.0,701.85
20080214,94,0.0,0.0,0.0,1.0,361.63
20080214,95,0.0,0.0,0.0,2.0,1418.46
20080214,96,0.0,11.0,5971.35,1.0,542.85
20080214,97,0.0,0.0,0.0,2.0,1508.2
20080214,98,0.0,0.0,0.0,1.0,599.81
20080214,99,0.0,0.0,0.0,2.0,506.36
20080214,102,0.0,0.0,0.0,2.0,679.2
20080214,116,0.0,0.0,0.0,3.0,602.7
20080215,20,0.0,0.0,0.0,3.0,2265.12
20080215,21,0.0,0.0,0.0,1.0,713.17
20080215,22,0.0,0.0,0.0,2.0,1481.88
20080215,23,0.0,0.0,0.0,2.0,1274.38
20080215,24,0.0,0.0,0.0,1.0,1067.52
20080215,25,0.0,0.0,0.0,1.0,1030.04
20080215,29,0.0,0.0,0.0,1.0,421.0
20080215,31,0.0,0.0,0.0,1.0,583.56
20080215,33,0.0,0.0,0.0,1.0,416.32
20080215,76,0.0,0.0,0.0,3.0,1419.12
20080215,77,0.0,0.0,0.0,1.0,650.49
20080215,78,0.0,0.0,0.0,2.0,1289.04
20080215,80,0.0,16.0,2722.72,1.0,170.17
20080215,83,0.0,0.0,0.0,1.0,165.49
20080215,86,0.0,0.0,0.0,1.0,164.8
20080215,88,0.0,0.0,0.0,3.0,2431.98
20080215,91,0.0,0.0,0.0,2.0,1368.44
20080215,97,0.0,0.0,0.0,1.0,750.86
20080215,99,0.0,0.0,0.0,2.0,507.28
20080215,102,0.0,0.0,0.0,1.0,339.09
20080215,105,0.0,0.0,0.0,1.0,304.18
20080215,106,0.0,0.0,0.0,1.0,80.55
20080215,114,0.0,0.0,0.0,1.0,173.81
20080215,117,0.0,0.0,0.0,1.0,185.4
20080215,118,0.0,0.0,0.0,3.0,696.72
20080216,18,0.0,0.0,0.0,1.0,740.55
20080216,19,0.0,0.0,0.0,1.0,727.83
20080216,21,0.0,0.0,0.0,1.0,716.45
20080216,22,0.0,6.0,4423.86,0.0,0.0
20080216,25,0.0,0.0,0.0,2.0,2056.38
20080216,26,0.0,0.0,0.0,1.0,909.78
20080216,28,0.0,0.0,0.0,1.0,929.7
20080216,29,0.0,0.0,0.0,1.0,420.84
20080216,31,0.0,0.0,0.0,2.0,1165.36
20080216,76,0.0,5.0,2354.1,1.0,470.82
20080216,77,0.0,0.0,0.0,1.0,652.05
20080216,78,0.0,22.0,14169.32,0.0,0.0
20080216,81,0.0,0.0,0.0,1.0,193.17
20080216,85,0.0,0.0,0.0,1.0,167.36
20080216,88,0.0,0.0,0.0,1.0,810.58
20080216,95,0.0,0.0,0.0,1.0,702.72
20080216,96,0.0,0.0,0.0,1.0,543.06
20080216,98,0.0,0.0,0.0,1.0,601.12
20080216,99,0.0,0.0,0.0,1.0,253.64
20080216,117,0.0,0.0,0.0,2.0,369.48
20080216,118,0.0,24.0,5583.84,0.0,0.0
20080217,19,0.0,0.0,0.0,4.0,2911.32
20080217,20,0.0,0.0,0.0,2.0,1514.76
20080217,21,0.0,0.0,0.0,4.0,2875.84
20080217,22,0.0,0.0,0.0,2.0,1481.84
20080217,24,0.0,0.0,0.0,1.0,1072.96
20080217,25,0.0,0.0,0.0,1.0,1023.15
20080217,26,0.0,0.0,0.0,1.0,911.69
20080217,31,0.0,0.0,0.0,3.0,1755.9
20080217,33,0.0,0.0,0.0,1.0,413.91
20080217,76,0.0,0.0,0.0,1.0,471.62
20080217,77,0.0,0.0,0.0,1.0,653.23
20080217,89,0.0,0.0,0.0,1.0,695.48
20080217,92,0.0,0.0,0.0,2.0,832.96
20080217,96,0.0,0.0,0.0,1.0,542.52
20080217,97,0.0,0.0,0.0,1.0,751.53
20080217,105,0.0,0.0,0.0,1.0,305.7
20080217,108,0.0,0.0,0.0,1.0,84.08
20080217,116,0.0,0.0,0.0,1.0,201.79
20080217,117,0.0,0.0,0.0,3.0,556.05
20080217,118,0.0,0.0,0.0,2.0,463.92
20080218,18,0.0,0.0,0.0,1.0,740.03
20080218,19,0.0,0.0,0.0,1.0,730.45
20080218,20,0.0,0.0,0.0,3.0,2273.73
20080218,21,0.0,0.0,0.0,1.0,718.09
20080218,22,0.0,0.0,0.0,3.0,2220.99
20080218,24,0.0,0.0,0.0,1.0,1070.39
20080218,28,0.0,0.0,0.0,1.0,926.44
20080218,31,0.0,0.0,0.0,1.0,585.83
20080218,32,0.0,0.0,0.0,1.0,459.41
20080218,75,0.0,0.0,0.0,1.0,381.09
20080218,76,0.0,0.0,0.0,1.0,470.21
20080218,77,0.0,0.0,0.0,1.0,652.83
20080218,79,0.0,0.0,0.0,1.0,483.66
20080218,87,0.0,0.0,0.0,2.0,334.62
20080218,90,0.0,0.0,0.0,2.0,1399.48
20080218,93,0.0,0.0,0.0,1.0,381.89
20080218,94,0.0,0.0,0.0,1.0,364.38
20080218,96,0.0,0.0,0.0,1.0,540.02
20080218,98,0.0,0.0,0.0,1.0,597.64
20080218,99,0.0,0.0,0.0,2.0,509.1
20080218,104,0.0,0.0,0.0,1.0,317.51
20080218,106,0.0,0.0,0.0,1.0,80.34
20080218,111,0.0,0.0,0.0,1.0,207.27
20080218,116,0.0,0.0,0.0,2.0,402.62
20080218,117,0.0,0.0,0.0,1.0,184.72
20080218,118,0.0,0.0,0.0,2.0,465.12
20080219,18,0.0,0.0,0.0,1.0,742.85
20080219,19,0.0,0.0,0.0,1.0,730.96
20080219,20,0.0,0.0,0.0,1.0,757.76
20080219,21,0.0,0.0,0.0,1.0,717.73
20080219,22,0.0,0.0,0.0,2.0,1486.72
20080219,23,0.0,0.0,0.0,2.0,1273.32
20080219,24,0.0,0.0,0.0,1.0,1067.6
20080219,30,0.0,0.0,0.0,1.0,496.55
20080219,33,0.0,0.0,0.0,2.0,826.42
20080219,75,0.0,0.0,0.0,1.0,382.54
20080219,87,0.0,8.0,1332.72,0.0,0.0
20080219,89,0.0,0.0,0.0,1.0,698.19
20080219,92,0.0,0.0,0.0,1.0,415.19
20080219,93,0.0,0.0,0.0,2.0,761.26
20080219,98,0.0,0.0,0.0,2.0,1199.82
20080219,99,0.0,0.0,0.0,2.0,511.14
20080219,103,0.0,0.0,0.0,1.0,264.43
20080219,116,0.0,0.0,0.0,4.0,809.0
20080220,19,0.0,0.0,0.0,2.0,1468.94
20080220,20,0.0,0.0,0.0,2.0,1519.62
20080220,21,0.0,17.0,12251.56,6.0,4324.08
20080220,22,0.0,8.0,5943.36,3.0,2228.76
20080220,23,0.0,0.0,0.0,2.0,1274.72
20080220,24,0.0,13.0,13884.39,1.0,1068.03
20080220,26,0.0,0.0,0.0,1.0,916.34
20080220,29,0.0,0.0,0.0,2.0,844.78
20080220,31,0.0,0.0,0.0,2.0,1181.04
20080220,32,0.0,0.0,0.0,1.0,457.85
20080220,78,0.0,0.0,0.0,1.0,643.74
20080220,82,0.0,0.0,0.0,1.0,200.89
20080220,88,0.0,0.0,0.0,2.0,1628.12
20080220,89,0.0,0.0,0.0,1.0,699.94
20080220,91,0.0,0.0,0.0,1.0,689.98
20080220,95,0.0,0.0,0.0,2.0,1410.64
20080220,96,0.0,0.0,0.0,1.0,536.57
20080220,97,0.0,0.0,0.0,3.0,2235.24
20080220,98,0.0,0.0,0.0,3.0,1798.29
20080220,102,0.0,0.0,0.0,1.0,338.3
20080220,105,0.0,0.0,0.0,1.0,303.44
20080220,106,0.0,0.0,0.0,2.0,159.66
20080220,107,0.0,0.0,0.0,1.0,65.28
20080220,108,0.0,0.0,0.0,1.0,83.93
20080220,117,0.0,0.0,0.0,1.0,183.2
20080221,18,0.0,0.0,0.0,1.0,739.87
20080221,19,0.0,23.0,16855.78,0.0,0.0
20080221,22,0.0,0.0,0.0,1.0,742.55
20080221,23,0.0,0.0,0.0,4.0,2540.28
20080221,29,0.0,0.0,0.0,1.0,422.18
20080221,77,0.0,0.0,0.0,1.0,655.38
20080221,83,0.0,0.0,0.0,1.0,165.52
20080221,87,0.0,0.0,0.0,1.0,166.29
20080221,88,0.0,0.0,0.0,2.0,1634.3
20080221,91,0.0,0.0,0.0,1.0,689.63
20080221,93,0.0,0.0,0.0,2.0,757.44
20080221,95,0.0,16.0,11284.0,1.0,705.25
20080221,96,0.0,0.0,0.0,2.0,1076.26
20080221,98,0.0,0.0,0.0,1.0,601.83
20080221,99,0.0,0.0,0.0,2.0,513.7
20080221,102,0.0,0.0,0.0,1.0,339.18
20080221,103,0.0,0.0,0.0,1.0,264.0
20080221,104,0.0,0.0,0.0,2.0,630.58
20080221,116,0.0,0.0,0.0,1.0,201.52
20080221,117,0.0,0.0,0.0,2.0,367.84
20080222,18,0.0,0.0,0.0,4.0,2946.76
20080222,20,0.0,0.0,0.0,1.0,765.74
20080222,21,0.0,0.0,0.0,1.0,722.04
20080222,23,0.0,28.0,17829.84,3.0,1910.34
20080222,24,0.0,0.0,0.0,1.0,1067.18
20080222,31,0.0,0.0,0.0,1.0,593.13
20080222,32,0.0,0.0,0.0,1.0,457.84
20080222,33,0.0,0.0,0.0,1.0,416.35
20080222,77,0.0,0.0,0.0,1.0,658.06
20080222,80,0.0,0.0,0.0,1.0,169.61
20080222,89,0.0,0.0,0.0,1.0,702.6
20080222,90,0.0,0.0,0.0,1.0,698.33
20080222,92,0.0,0.0,0.0,1.0,414.8
20080222,93,0.0,0.0,0.0,1.0,376.9
20080222,103,0.0,0.0,0.0,1.0,262.73
20080222,105,0.0,0.0,0.0,1.0,304.84
20080222,107,0.0,0.0,0.0,1.0,65.45
20080222,116,0.0,0.0,0.0,1.0,200.86
20080222,117,0.0,0.0,0.0,1.0,183.62
20080222,118,0.0,0.0,0.0,1.0,229.74
20080223,18,0.0,0.0,0.0,1.0,735.29
20080223,19,0.0,0.0,0.0,1.0,736.89
20080223,21,0.0,0.0,0.0,5.0,3593.95
20080223,31,0.0,0.0,0.0,2.0,1191.58
20080223,32,0.0,10.0,4574.7,0.0,0.0
20080223,75,0.0,0.0,0.0,1.0,381.35
20080223,77,0.0,0.0,0.0,1.0,656.81
20080223,87,0.0,0.0,0.0,2.0,333.52
20080223,90,0.0,0.0,0.0,1.0,698.68
20080223,91,0.0,0.0,0.0,4.0,2759.0
20080223,92,0.0,0.0,0.0,1.0,415.26
20080223,93,0.0,22.0,8271.12,0.0,0.0
20080223,97,0.0,0.0,0.0,1.0,744.7
20080223,105,0.0,0.0,0.0,1.0,304.9
20080223,108,0.0,0.0,0.0,1.0,83.88
20080223,111,0.0,0.0,0.0,1.0,205.85
20080223,116,0.0,0.0,0.0,3.0,603.96
20080223,117,0.0,0.0,0.0,2.0,366.96
20080223,118,0.0,0.0,0.0,1.0,230.77
20080224,18,0.0,0.0,0.0,1.0,734.33
20080224,20,0.0,0.0,0.0,1.0,759.1
20080224,21,0.0,0.0,0.0,3.0,2153.13
20080224,22,0.0,0.0,0.0,1.0,747.68
20080224,23,0.0,0.0,0.0,1.0,636.59
20080224,24,0.0,0.0,0.0,2.0,2134.14
20080224,26,0.0,0.0,0.0,1.0,907.02
20080224,27,0.0,0.0,0.0,1.0,948.37
20080224,29,0.0,0.0,0.0,1.0,421.37
20080224,30,0.0,0.0,0.0,1.0,499.38
20080224,31,0.0,0.0,0.0,1.0,593.83
20080224,76,0.0,0.0,0.0,2.0,929.82
20080224,77,0.0,19.0,12428.28,2.0,1308.24
20080224,79,0.0,0.0,0.0,1.0,476.97
20080224,83,0.0,0.0,0.0,1.0,166.1
20080224,89,0.0,0.0,0.0,1.0,701.33
20080224,90,0.0,0.0,0.0,1.0,700.99
20080224,94,0.0,0.0,0.0,1.0,367.0
20080224,95,0.0,0.0,0.0,1.0,703.06
20080224,97,0.0,0.0,0.0,1.0,746.11
20080224,98,0.0,0.0,0.0,1.0,600.13
20080224,103,0.0,0.0,0.0,2.0,527.14
20080224,105,0.0,0.0,0.0,1.0,303.43
20080224,106,0.0,0.0,0.0,2.0,158.9
20080224,114,0.0,0.0,0.0,1.0,175.3
20080224,116,0.0,8.0,1613.44,0.0,0.0
20080224,117,0.0,11.0,2024.66,0.0,0.0
20080225,18,0.0,12.0,8849.88,0.0,0.0
20080225,19,0.0,0.0,0.0,1.0,733.72
20080225,20,0.0,19.0,14375.21,0.0,0.0
20080225,23,0.0,0.0,0.0,1.0,636.14
20080225,25,0.0,0.0,0.0,1.0,1026.17
20080225,26,0.0,0.0,0.0,1.0,907.47
20080225,30,0.0,0.0,0.0,1.0,498.43
20080225,31,0.0,0.0,0.0,2.0,1193.6
20080225,76,0.0,8.0,3724.56,1.0,465.57
20080225,78,0.0,0.0,0.0,1.0,648.63
20080225,90,0.0,0.0,0.0,1.0,699.03
20080225,98,0.0,0.0,0.0,1.0,602.77
20080225,99,0.0,0.0,0.0,2.0,516.68
20080225,102,0.0,0.0,0.0,1.0,340.33
20080225,104,0.0,0.0,0.0,1.0,316.74
20080225,105,0.0,0.0,0.0,1.0,303.95
20080225,109,0.0,0.0,0.0,1.0,73.42
20080225,114,0.0,0.0,0.0,1.0,174.74
20080225,118,0.0,0.0,0.0,1.0,229.99
20080226,18,0.0,0.0,0.0,1.0,734.47
20080226,20,0.0,0.0,0.0,1.0,760.0
20080226,21,0.0,0.0,0.0,1.0,723.47
20080226,22,0.0,0.0,0.0,1.0,753.52
20080226,23,0.0,0.0,0.0,1.0,634.93
20080226,27,0.0,0.0,0.0,1.0,946.47
20080226,33,0.0,0.0,0.0,2.0,837.78
20080226,77,0.0,0.0,0.0,1.0,656.21
20080226,79,0.0,0.0,0.0,1.0,475.16
20080226,82,0.0,0.0,0.0,2.0,402.86
20080226,84,0.0,0.0,0.0,1.0,181.71
20080226,95,0.0,0.0,0.0,1.0,704.31
20080226,96,0.0,0.0,0.0,2.0,1075.24
20080226,97,0.0,0.0,0.0,1.0,746.71
20080226,99,0.0,0.0,0.0,1.0,257.31
20080226,109,0.0,0.0,0.0,1.0,73.54
20080226,114,0.0,0.0,0.0,1.0,175.12
20080226,116,0.0,0.0,0.0,2.0,403.0
20080226,117,0.0,0.0,0.0,1.0,185.26
20080227,18,0.0,0.0,0.0,1.0,734.76
20080227,19,0.0,0.0,0.0,1.0,736.44
20080227,21,0.0,0.0,0.0,3.0,2181.24
20080227,22,0.0,0.0,0.0,2.0,1499.8
20080227,23,0.0,0.0,0.0,1.0,637.73
20080227,27,0.0,0.0,0.0,1.0,944.48
20080227,30,0.0,0.0,0.0,1.0,498.18
20080227,32,0.0,0.0,0.0,1.0,456.6
20080227,77,0.0,0.0,0.0,1.0,656.8
20080227,78,0.0,0.0,0.0,1.0,652.01
20080227,79,0.0,0.0,0.0,1.0,473.59
20080227,83,0.0,0.0,0.0,1.0,166.63
20080227,85,0.0,0.0,0.0,1.0,166.99
20080227,88,0.0,0.0,0.0,1.0,819.52
20080227,94,0.0,0.0,0.0,1.0,367.33
20080227,95,0.0,0.0,0.0,1.0,706.14
20080227,96,0.0,0.0,0.0,1.0,539.23
20080227,98,0.0,0.0,0.0,1.0,603.55
20080227,99,0.0,0.0,0.0,1.0,257.2
20080227,116,0.0,0.0,0.0,1.0,202.32
20080227,117,0.0,0.0,0.0,1.0,184.74
20080228,18,0.0,0.0,0.0,3.0,2206.71
20080228,19,0.0,0.0,0.0,3.0,2206.89
20080228,20,0.0,0.0,0.0,1.0,758.02
20080228,21,0.0,22.0,15949.34,1.0,724.97
20080228,22,0.0,8.0,5973.44,1.0,746.68
20080228,24,0.0,0.0,0.0,2.0,2156.42
20080228,26,0.0,0.0,0.0,1.0,906.38
20080228,29,0.0,0.0,0.0,1.0,423.86
20080228,30,0.0,0.0,0.0,2.0,991.68
20080228,31,0.0,0.0,0.0,1.0,597.93
20080228,32,0.0,0.0,0.0,2.0,909.92
20080228,82,0.0,0.0,0.0,1.0,202.39
20080228,88,0.0,0.0,0.0,2.0,1635.42
20080228,89,0.0,0.0,0.0,2.0,1410.66
20080228,91,0.0,0.0,0.0,2.0,1380.7
20080228,97,0.0,0.0,0.0,1.0,741.04
20080228,102,0.0,0.0,0.0,2.0,681.66
20080228,111,0.0,0.0,0.0,2.0,417.4
20080228,116,0.0,0.0,0.0,1.0,201.94
20080228,117,0.0,0.0,0.0,2.0,369.26
20080228,118,0.0,0.0,0.0,1.0,228.84
20080229,18,0.0,0.0,0.0,1.0,737.78
20080229,19,0.0,0.0,0.0,1.0,736.36
20080229,20,0.0,0.0,0.0,1.0,758.47
20080229,21,0.0,0.0,0.0,4.0,2888.6
20080229,24,0.0,0.0,0.0,1.0,1078.96
20080229,27,0.0,0.0,0.0,1.0,948.92
20080229,30,0.0,0.0,0.0,1.0,497.72
20080229,32,0.0,0.0,0.0,1.0,455.23
20080229,75,0.0,0.0,0.0,1.0,381.11
20080229,76,0.0,0.0,0.0,2.0,926.1
20080229,79,0.0,0.0,0.0,1.0,476.58
20080229,81,0.0,0.0,0.0,1.0,194.67
20080229,88,0.0,11.0,9006.58,1.0,818.78
20080229,89,0.0,0.0,0.0,1.0,708.5
20080229,91,0.0,0.0,0.0,1.0,687.24
20080229,95,0.0,0.0,0.0,1.0,706.42
20080229,96,0.0,0.0,0.0,2.0,1083.1
20080229,98,0.0,0.0,0.0,1.0,604.69
20080229,104,0.0,0.0,0.0,1.0,317.5
20080229,110,0.0,0.0,0.0,1.0,65.78
20080301,6,0.0,0.0,0.0,10.0,1241.2
20080301,11,0.0,0.0,0.0,29.0,4469.19
20080301,13,0.0,0.0,0.0,18.0,8256.6
20080301,14,0.0,0.0,0.0,23.0,7791.25
20080301,16,0.0,0.0,0.0,13.0,5292.43
20080301,17,0.0,0.0,0.0,21.0,9096.15
20080301,18,0.0,0.0,0.0,64.0,47113.6
20080301,19,0.0,0.0,0.0,53.0,39117.18
20080301,20,0.0,0.0,0.0,54.0,41137.74
20080301,21,0.0,0.0,0.0,108.0,77999.76
20080301,22,0.0,0.0,0.0,65.0,48412.65
20080301,23,0.0,0.0,0.0,59.0,37715.75
20080301,24,0.0,0.0,0.0,25.0,26976.75
20080301,25,0.0,0.0,0.0,54.0,55026.0
20080301,26,0.0,0.0,0.0,36.0,32713.92
20080301,27,0.0,0.0,0.0,21.0,19889.52
20080301,28,0.0,0.0,0.0,25.0,23352.75
20080301,29,0.0,0.0,0.0,51.0,21465.9
20080301,30,0.0,14.0,6964.58,28.0,13929.16
20080301,31,0.0,0.0,0.0,20.0,11882.2
20080301,32,0.0,0.0,0.0,25.0,11415.0
20080301,33,0.0,0.0,0.0,40.0,16720.4
20080301,34,0.0,0.0,0.0,15.0,3129.75
20080301,37,0.0,0.0,0.0,16.0,3055.84
20080301,38,0.0,0.0,0.0,16.0,3915.52
20080301,43,0.0,0.0,0.0,15.0,4245.15
20080301,44,0.0,0.0,0.0,17.0,1958.4
20080301,47,0.0,0.0,0.0,18.0,5869.44
20080301,50,0.0,0.0,0.0,9.0,2691.63
20080301,51,0.0,0.0,0.0,19.0,6454.68
20080301,52,0.0,0.0,0.0,15.0,1602.6
20080301,53,0.0,0.0,0.0,16.0,2000.64
20080301,56,0.0,0.0,0.0,22.0,2355.1
20080301,57,0.0,0.0,0.0,18.0,1886.04
20080301,61,0.0,0.0,0.0,64.0,7624.96
20080301,62,0.0,0.0,0.0,55.0,6590.65
20080301,64,0.0,0.0,0.0,54.0,4173.12
20080301,67,0.0,0.0,0.0,26.0,2025.4
20080301,68,0.0,0.0,0.0,27.0,1927.8
20080301,69,0.0,0.0,0.0,41.0,3088.94
20080301,74,0.0,0.0,0.0,33.0,3104.31
20080301,75,0.0,0.0,0.0,78.0,29651.7
20080301,76,0.0,0.0,0.0,74.0,34162.84
20080301,77,0.0,0.0,0.0,51.0,33248.94
20080301,78,0.0,0.0,0.0,38.0,24905.2
20080301,79,0.0,0.0,0.0,90.0,42690.6
20080301,80,0.0,0.0,0.0,59.0,10040.62
20080301,81,0.0,0.0,0.0,38.0,7416.84
20080301,82,0.0,0.0,0.0,33.0,6674.91
20080301,83,0.0,0.0,0.0,81.0,13372.29
20080301,84,0.0,0.0,0.0,51.0,9251.4
20080301,85,0.0,0.0,0.0,46.0,7719.72
20080301,86,0.0,0.0,0.0,32.0,5274.56
20080301,87,0.0,0.0,0.0,90.0,14949.9
20080301,88,0.0,0.0,0.0,66.0,54190.62
20080301,89,0.0,0.0,0.0,48.0,34113.6
20080301,90,0.0,0.0,0.0,30.0,20888.7
20080301,91,0.0,0.0,0.0,82.0,56545.56
20080301,92,0.0,0.0,0.0,44.0,18345.8
20080301,93,0.0,0.0,0.0,31.0,11730.4
20080301,94,0.0,0.0,0.0,72.0,26555.76
20080301,95,0.0,0.0,0.0,90.0,63870.3
20080301,96,0.0,20.0,10830.0,58.0,31407.0
20080301,97,0.0,0.0,0.0,22.0,16395.94
20080301,98,0.0,0.0,0.0,112.0,67583.04
20080301,99,0.0,0.0,0.0,39.0,10033.92
20080301,100,0.0,0.0,0.0,38.0,7772.52
20080301,101,0.0,0.0,0.0,77.0,12734.26
20080301,102,0.0,0.0,0.0,24.0,8204.4
20080301,103,0.0,0.0,0.0,22.0,5872.68
20080301,104,0.0,0.0,0.0,23.0,7338.15
20080301,105,0.0,0.0,0.0,33.0,9871.95
20080301,106,0.0,0.0,0.0,24.0,1903.44
20080301,107,0.0,0.0,0.0,22.0,1442.32
20080301,108,0.0,0.0,0.0,20.0,1678.8
20080301,109,0.0,0.0,0.0,15.0,1098.75
20080301,110,0.0,0.0,0.0,31.0,2031.12
20080301,111,0.0,0.0,0.0,18.0,3769.74
20080301,112,0.0,0.0,0.0,22.0,3560.04
20080301,113,0.0,0.0,0.0,20.0,4045.0
20080301,114,0.0,0.0,0.0,23.0,4010.97
20080301,115,0.0,0.0,0.0,25.0,5015.25
20080301,116,0.0,0.0,0.0,14.0,2828.28
20080301,117,0.0,0.0,0.0,101.0,18645.61
20080301,118,0.0,0.0,0.0,69.0,15832.74
20080302,11,0.0,126.0,19474.56,0.0,0.0
20080302,17,0.0,86.0,37202.74,0.0,0.0
20080302,18,0.0,66.0,48523.2,0.0,0.0
20080302,19,0.0,48.0,35302.56,1.0,735.47
20080302,20,0.0,42.0,31887.24,2.0,1518.44
20080302,21,0.0,114.0,82612.38,0.0,0.0
20080302,22,0.0,82.0,61098.2,2.0,1490.2
20080302,23,0.0,54.0,34682.04,1.0,642.26
20080302,24,0.0,21.0,22674.12,0.0,0.0
20080302,25,0.0,67.0,68082.05,0.0,0.0
20080302,26,0.0,32.0,29192.64,1.0,912.27
20080302,27,0.0,18.0,17039.52,0.0,0.0
20080302,28,0.0,26.0,24335.48,0.0,0.0
20080302,29,0.0,61.0,25728.58,1.0,421.78
20080302,30,0.0,31.0,15484.81,2.0,999.02
20080302,31,0.0,38.0,22655.22,1.0,596.19
20080302,32,0.0,24.0,10952.88,0.0,0.0
20080302,33,0.0,42.0,17507.28,1.0,416.84
20080302,37,0.0,78.0,14894.88,0.0,0.0
20080302,43,0.0,81.0,23035.59,0.0,0.0
20080302,61,0.0,123.0,14656.68,0.0,0.0
20080302,62,0.0,106.0,12691.38,0.0,0.0
20080302,64,0.0,139.0,10719.68,0.0,0.0
20080302,69,0.0,73.0,5508.58,0.0,0.0
20080302,74,0.0,88.0,8308.08,0.0,0.0
20080302,75,0.0,82.0,31197.72,0.0,0.0
20080302,76,0.0,92.0,42586.8,2.0,925.8
20080302,77,0.0,46.0,29950.6,0.0,0.0
20080302,78,0.0,23.0,15009.34,0.0,0.0
20080302,79,0.0,99.0,46841.85,0.0,0.0
20080302,80,0.0,66.0,11251.02,0.0,0.0
20080302,81,0.0,38.0,7421.4,0.0,0.0
20080302,82,0.0,49.0,9907.31,0.0,0.0
20080302,83,0.0,83.0,13665.12,0.0,0.0
20080302,84,0.0,63.0,11450.88,1.0,181.76
20080302,85,0.0,28.0,4685.8,0.0,0.0
20080302,86,0.0,39.0,6417.45,0.0,0.0
20080302,87,0.0,102.0,16861.62,0.0,0.0
20080302,88,0.0,80.0,65863.2,1.0,823.29
20080302,89,0.0,52.0,37078.08,0.0,0.0
20080302,90,0.0,21.0,14582.61,0.0,0.0
20080302,91,0.0,79.0,54226.39,0.0,0.0
20080302,92,0.0,45.0,18676.35,0.0,0.0
20080302,93,0.0,19.0,7183.9,0.0,0.0
20080302,94,0.0,66.0,24369.84,1.0,369.24
20080302,95,0.0,96.0,68080.32,1.0,709.17
20080302,96,0.0,64.0,34541.44,0.0,0.0
20080302,97,0.0,35.0,26157.6,1.0,747.36
20080302,98,0.0,115.0,69677.35,0.0,0.0
20080302,99,0.0,41.0,10508.3,3.0,768.9
20080302,100,0.0,33.0,6734.97,0.0,0.0
20080302,101,0.0,65.0,10736.7,0.0,0.0
20080302,102,0.0,24.0,8206.08,0.0,0.0
20080302,103,0.0,20.0,5355.2,1.0,267.76
20080302,104,0.0,10.0,3198.5,0.0,0.0
20080302,105,0.0,26.0,7802.6,0.0,0.0
20080302,106,0.0,25.0,1988.75,0.0,0.0
20080302,107,0.0,12.0,784.92,0.0,0.0
20080302,109,0.0,13.0,948.48,0.0,0.0
20080302,110,0.0,29.0,1894.28,0.0,0.0
20080302,111,0.0,15.0,3156.15,0.0,0.0
20080302,112,0.0,11.0,1779.47,0.0,0.0
20080302,113,0.0,28.0,5657.96,0.0,0.0
20080302,114,0.0,30.0,5248.2,0.0,0.0
20080302,115,0.0,38.0,7641.8,0.0,0.0
20080302,116,0.0,15.0,3036.9,1.0,202.46
20080302,117,0.0,120.0,22111.2,0.0,0.0
20080302,118,0.0,60.0,13791.0,1.0,229.85
20080303,18,0.0,0.0,0.0,1.0,734.17
20080303,19,0.0,0.0,0.0,1.0,737.39
20080303,20,0.0,0.0,0.0,1.0,759.6
20080303,22,0.0,0.0,0.0,1.0,745.7
20080303,23,0.0,0.0,0.0,1.0,645.08
20080303,26,0.0,0.0,0.0,1.0,916.55
20080303,30,0.0,0.0,0.0,1.0,501.61
20080303,78,0.0,0.0,0.0,2.0,1303.86
20080303,79,0.0,0.0,0.0,1.0,471.68
20080303,82,0.0,0.0,0.0,1.0,201.36
20080303,95,0.0,0.0,0.0,1.0,707.76
20080303,96,0.0,0.0,0.0,1.0,540.42
20080303,97,0.0,0.0,0.0,1.0,748.93
20080303,98,0.0,0.0,0.0,1.0,604.92
20080303,99,0.0,18.0,4593.96,1.0,255.22
20080303,103,0.0,0.0,0.0,1.0,267.39
20080303,109,0.0,0.0,0.0,1.0,72.9
20080303,110,0.0,0.0,0.0,1.0,65.15
20080303,112,0.0,0.0,0.0,1.0,161.04
20080303,116,0.0,0.0,0.0,2.0,406.7
20080304,19,0.0,0.0,0.0,2.0,1469.16
20080304,21,0.0,0.0,0.0,1.0,725.4
20080304,32,0.0,0.0,0.0,2.0,912.92
20080304,33,0.0,0.0,0.0,1.0,415.13
20080304,76,0.0,0.0,0.0,1.0,461.38
20080304,78,0.0,0.0,0.0,1.0,652.13
20080304,82,0.0,0.0,0.0,1.0,201.58
20080304,83,0.0,0.0,0.0,1.0,165.95
20080304,88,0.0,0.0,0.0,1.0,821.15
20080304,90,0.0,0.0,0.0,1.0,692.19
20080304,96,0.0,0.0,0.0,1.0,540.96
20080304,97,0.0,0.0,0.0,2.0,1501.9
20080304,98,0.0,0.0,0.0,1.0,602.99
20080304,99,0.0,0.0,0.0,1.0,254.69
20080304,102,0.0,0.0,0.0,2.0,679.26
20080304,108,0.0,0.0,0.0,1.0,83.69
20080304,109,0.0,0.0,0.0,1.0,72.96
20080304,116,0.0,0.0,0.0,1.0,203.44
20080304,117,0.0,0.0,0.0,1.0,185.77
20080304,118,0.0,0.0,0.0,2.0,459.32
20080305,19,0.0,0.0,0.0,5.0,3664.1
20080305,20,0.0,0.0,0.0,1.0,763.63
20080305,21,0.0,0.0,0.0,1.0,728.3
20080305,22,0.0,0.0,0.0,3.0,2230.83
20080305,28,0.0,0.0,0.0,1.0,926.55
20080305,31,0.0,0.0,0.0,1.0,594.04
20080305,75,0.0,0.0,0.0,1.0,378.86
20080305,76,0.0,0.0,0.0,3.0,1381.23
20080305,79,0.0,0.0,0.0,1.0,473.38
20080305,82,0.0,0.0,0.0,1.0,201.2
20080305,87,0.0,0.0,0.0,1.0,165.16
20080305,88,0.0,0.0,0.0,1.0,817.78
20080305,89,0.0,0.0,0.0,1.0,710.04
20080305,91,0.0,0.0,0.0,1.0,687.43
20080305,95,0.0,0.0,0.0,2.0,1406.46
20080305,96,0.0,0.0,0.0,1.0,540.09
20080305,98,0.0,0.0,0.0,1.0,602.75
20080305,102,0.0,8.0,2727.12,0.0,0.0
20080305,103,0.0,0.0,0.0,1.0,268.06
20080305,117,0.0,0.0,0.0,2.0,372.32
20080306,19,0.0,0.0,0.0,1.0,732.38
20080306,20,0.0,18.0,13797.54,2.0,1533.06
20080306,23,0.0,0.0,0.0,1.0,641.15
20080306,26,0.0,0.0,0.0,1.0,925.01
20080306,28,0.0,0.0,0.0,1.0,931.0
20080306,76,0.0,0.0,0.0,1.0,460.22
20080306,80,0.0,0.0,0.0,1.0,169.87
20080306,96,0.0,0.0,0.0,1.0,540.58
20080306,98,0.0,0.0,0.0,1.0,605.58
20080306,103,0.0,0.0,0.0,3.0,802.32
20080306,112,0.0,0.0,0.0,1.0,161.86
20080306,115,0.0,0.0,0.0,1.0,201.25
20080306,117,0.0,0.0,0.0,2.0,372.96
20080306,118,0.0,0.0,0.0,4.0,917.16
20080307,18,0.0,0.0,0.0,1.0,733.26
20080307,19,0.0,24.0,17645.76,1.0,735.24
20080307,20,0.0,0.0,0.0,2.0,1526.62
20080307,22,0.0,0.0,0.0,2.0,1486.32
20080307,26,0.0,0.0,0.0,1.0,921.87
20080307,27,0.0,0.0,0.0,2.0,1898.92
20080307,29,0.0,0.0,0.0,2.0,852.44
20080307,75,0.0,0.0,0.0,1.0,380.45
20080307,76,0.0,0.0,0.0,2.0,918.06
20080307,78,0.0,0.0,0.0,1.0,658.01
20080307,88,0.0,0.0,0.0,1.0,812.39
20080307,90,0.0,0.0,0.0,1.0,687.97
20080307,92,0.0,0.0,0.0,1.0,413.24
20080307,95,0.0,0.0,0.0,2.0,1411.54
20080307,96,0.0,0.0,0.0,1.0,542.58
20080307,98,0.0,22.0,13366.76,0.0,0.0
20080307,99,0.0,0.0,0.0,2.0,508.3
20080307,104,0.0,0.0,0.0,1.0,321.58
20080307,114,0.0,0.0,0.0,1.0,176.7
20080307,116,0.0,0.0,0.0,2.0,405.66
20080307,118,0.0,26.0,5980.0,1.0,230.0
20080308,18,0.0,0.0,0.0,2.0,1463.44
20080308,19,0.0,0.0,0.0,2.0,1469.16
20080308,20,0.0,0.0,0.0,2.0,1519.6
20080308,22,0.0,0.0,0.0,2.0,1479.18
20080308,23,0.0,0.0,0.0,1.0,639.16
20080308,25,0.0,0.0,0.0,1.0,1027.57
20080308,29,0.0,0.0,0.0,1.0,426.05
20080308,30,0.0,0.0,0.0,1.0,510.6
20080308,75,0.0,0.0,0.0,1.0,378.74
20080308,77,0.0,0.0,0.0,1.0,652.25
20080308,78,0.0,8.0,5285.68,0.0,0.0
20080308,88,0.0,0.0,0.0,1.0,816.45
20080308,89,0.0,0.0,0.0,1.0,704.87
20080308,90,0.0,3.0,2068.86,0.0,0.0
20080308,91,0.0,0.0,0.0,1.0,687.09
20080308,92,0.0,0.0,0.0,2.0,826.74
20080308,99,0.0,0.0,0.0,1.0,254.07
20080308,105,0.0,0.0,0.0,1.0,302.3
20080308,109,0.0,0.0,0.0,1.0,72.53
20080308,116,0.0,23.0,4675.21,3.0,609.81
20080308,117,0.0,0.0,0.0,6.0,1122.0
20080308,118,0.0,0.0,0.0,4.0,919.0
20080309,18,0.0,0.0,0.0,4.0,2913.72
20080309,19,0.0,0.0,0.0,1.0,735.68
20080309,20,0.0,0.0,0.0,2.0,1525.68
20080309,24,0.0,0.0,0.0,2.0,2187.62
20080309,29,0.0,0.0,0.0,1.0,427.97
20080309,30,0.0,0.0,0.0,2.0,1024.26
20080309,33,0.0,0.0,0.0,1.0,416.99
20080309,79,0.0,0.0,0.0,1.0,474.22
20080309,82,0.0,0.0,0.0,1.0,198.75
20080309,89,0.0,0.0,0.0,1.0,707.2
20080309,90,0.0,0.0,0.0,1.0,688.24
20080309,92,0.0,0.0,0.0,1.0,413.78
20080309,94,0.0,0.0,0.0,1.0,367.83
20080309,95,0.0,0.0,0.0,4.0,2816.84
20080309,96,0.0,0.0,0.0,1.0,546.65
20080309,97,0.0,0.0,0.0,2.0,1491.22
20080309,98,0.0,0.0,0.0,1.0,611.41
20080309,100,0.0,0.0,0.0,1.0,205.06
20080309,102,0.0,0.0,0.0,1.0,340.55
20080309,104,0.0,0.0,0.0,1.0,323.22
20080309,105,0.0,0.0,0.0,1.0,301.42
20080309,109,0.0,6.0,436.98,0.0,0.0
20080309,117,0.0,0.0,0.0,3.0,560.85
20080309,118,0.0,0.0,0.0,1.0,229.36
20080310,18,0.0,15.0,10925.4,0.0,0.0
20080310,21,0.0,0.0,0.0,1.0,733.47
20080310,23,0.0,0.0,0.0,3.0,1921.89
20080310,24,0.0,19.0,20697.27,1.0,1089.33
20080310,25,0.0,0.0,0.0,1.0,1027.56
20080310,26,0.0,0.0,0.0,1.0,917.99
20080310,28,0.0,0.0,0.0,1.0,933.33
20080310,30,0.0,0.0,0.0,1.0,511.47
20080310,31,0.0,0.0,0.0,2.0,1194.96
20080310,33,0.0,0.0,0.0,1.0,418.45
20080310,77,0.0,0.0,0.0,1.0,655.97
20080310,79,0.0,0.0,0.0,1.0,474.98
20080310,80,0.0,0.0,0.0,1.0,168.92
20080310,87,0.0,0.0,0.0,1.0,163.96
20080310,90,0.0,0.0,0.0,1.0,685.49
20080310,93,0.0,0.0,0.0,1.0,373.35
20080310,96,0.0,0.0,0.0,3.0,1638.48
20080310,97,0.0,0.0,0.0,2.0,1489.3
20080310,104,0.0,0.0,0.0,1.0,324.06
20080310,112,0.0,0.0,0.0,1.0,161.13
20080310,115,0.0,0.0,0.0,1.0,199.35
20080311,18,0.0,0.0,0.0,1.0,729.6
20080311,20,0.0,0.0,0.0,5.0,3834.8
20080311,21,0.0,0.0,0.0,2.0,1460.04
20080311,22,0.0,0.0,0.0,3.0,2225.88
20080311,33,0.0,5.0,2093.95,0.0,0.0
20080311,76,0.0,0.0,0.0,1.0,459.11
20080311,81,0.0,0.0,0.0,1.0,198.66
20080311,83,0.0,0.0,0.0,1.0,164.98
20080311,89,0.0,0.0,0.0,1.0,705.78
20080311,91,0.0,0.0,0.0,2.0,1382.58
20080311,98,0.0,0.0,0.0,1.0,612.81
20080311,102,0.0,0.0,0.0,1.0,337.32
20080311,103,0.0,0.0,0.0,1.0,268.88
20080311,105,0.0,0.0,0.0,1.0,303.38
20080311,111,0.0,0.0,0.0,1.0,212.05
20080311,116,0.0,0.0,0.0,1.0,201.87
20080311,117,0.0,0.0,0.0,1.0,186.29
20080311,118,0.0,0.0,0.0,2.0,462.02
20080312,18,0.0,0.0,0.0,3.0,2198.43
20080312,19,0.0,0.0,0.0,4.0,2936.24
20080312,20,0.0,0.0,0.0,2.0,1541.28
20080312,21,0.0,0.0,0.0,2.0,1459.02
20080312,22,0.0,0.0,0.0,3.0,2217.87
20080312,23,0.0,0.0,0.0,3.0,1920.72
20080312,25,0.0,0.0,0.0,1.0,1029.1
20080312,29,0.0,0.0,0.0,1.0,428.09
20080312,32,0.0,0.0,0.0,3.0,1391.13
20080312,76,0.0,0.0,0.0,1.0,457.64
20080312,77,0.0,0.0,0.0,1.0,657.61
20080312,78,0.0,0.0,0.0,2.0,1323.12
20080312,81,0.0,0.0,0.0,1.0,197.94
20080312,84,0.0,0.0,0.0,1.0,180.44
20080312,87,0.0,0.0,0.0,1.0,164.0
20080312,89,0.0,0.0,0.0,1.0,704.08
20080312,90,0.0,0.0,0.0,1.0,683.77
20080312,91,0.0,6.0,4156.44,0.0,0.0
20080312,92,0.0,0.0,0.0,1.0,412.83
20080312,95,0.0,0.0,0.0,1.0,709.93
20080312,96,0.0,0.0,0.0,3.0,1641.93
20080312,97,0.0,0.0,0.0,1.0,740.85
20080312,104,0.0,0.0,0.0,1.0,322.54
20080312,117,0.0,0.0,0.0,1.0,186.33
20080313,18,0.0,0.0,0.0,2.0,1471.62
20080313,19,0.0,0.0,0.0,2.0,1475.3
20080313,21,0.0,0.0,0.0,3.0,2195.76
20080313,22,0.0,0.0,0.0,1.0,740.69
20080313,23,0.0,0.0,0.0,1.0,638.19
20080313,24,0.0,0.0,0.0,1.0,1092.81
20080313,27,0.0,0.0,0.0,1.0,950.1
20080313,29,0.0,0.0,0.0,1.0,429.21
20080313,30,0.0,0.0,0.0,3.0,1535.01
20080313,32,0.0,12.0,5554.44,0.0,0.0
20080313,33,0.0,0.0,0.0,1.0,418.61
20080313,76,0.0,0.0,0.0,1.0,456.18
20080313,77,0.0,0.0,0.0,2.0,1312.46
20080313,86,0.0,0.0,0.0,1.0,162.88
20080313,88,0.0,0.0,0.0,1.0,816.52
20080313,90,0.0,25.0,17095.75,1.0,683.83
20080313,91,0.0,0.0,0.0,2.0,1383.54
20080313,92,0.0,0.0,0.0,1.0,413.03
20080313,97,0.0,0.0,0.0,1.0,740.4
20080313,99,0.0,0.0,0.0,1.0,255.75
20080313,103,0.0,0.0,0.0,1.0,270.14
20080313,104,0.0,12.0,3858.84,1.0,321.57
20080313,114,0.0,0.0,0.0,1.0,178.83
20080313,118,0.0,0.0,0.0,2.0,464.28
20080314,18,0.0,0.0,0.0,1.0,732.35
20080314,20,0.0,0.0,0.0,1.0,773.42
20080314,21,0.0,0.0,0.0,2.0,1463.4
20080314,22,0.0,0.0,0.0,1.0,737.51
20080314,23,0.0,0.0,0.0,2.0,1280.6
20080314,29,0.0,0.0,0.0,1.0,430.19
20080314,30,0.0,0.0,0.0,2.0,1020.78
20080314,77,0.0,0.0,0.0,1.0,656.03
20080314,79,0.0,0.0,0.0,1.0,475.59
20080314,83,0.0,0.0,0.0,1.0,164.75
20080314,93,0.0,0.0,0.0,1.0,370.96
20080314,94,0.0,0.0,0.0,1.0,366.21
20080314,95,0.0,0.0,0.0,1.0,709.78
20080314,96,0.0,0.0,0.0,1.0,545.01
20080314,97,0.0,0.0,0.0,1.0,743.22
20080314,98,0.0,0.0,0.0,1.0,613.67
20080314,99,0.0,0.0,0.0,2.0,510.02
20080314,104,0.0,0.0,0.0,1.0,321.44
20080314,108,0.0,0.0,0.0,1.0,83.77
20080314,114,0.0,0.0,0.0,1.0,179.47
20080314,118,0.0,0.0,0.0,1.0,232.72
20080315,18,0.0,0.0,0.0,1.0,733.38
20080315,22,0.0,0.0,0.0,2.0,1473.24
20080315,28,0.0,0.0,0.0,1.0,944.11
20080315,29,0.0,0.0,0.0,1.0,429.42
20080315,75,0.0,0.0,0.0,1.0,378.36
20080315,77,0.0,0.0,0.0,1.0,656.03
20080315,83,0.0,0.0,0.0,1.0,165.13
20080315,89,0.0,0.0,0.0,1.0,699.86
20080315,90,0.0,0.0,0.0,1.0,682.88
20080315,91,0.0,0.0,0.0,1.0,692.59
20080315,92,0.0,0.0,0.0,1.0,413.98
20080315,93,0.0,0.0,0.0,1.0,371.0
20080315,94,0.0,25.0,9138.75,0.0,0.0
20080315,95,0.0,0.0,0.0,1.0,711.27
20080315,96,0.0,0.0,0.0,1.0,544.14
20080315,97,0.0,0.0,0.0,1.0,741.36
20080315,98,0.0,0.0,0.0,1.0,610.72
20080315,99,0.0,0.0,0.0,1.0,256.28
20080315,103,0.0,0.0,0.0,1.0,270.39
20080315,108,0.0,5.0,420.9,0.0,0.0
20080315,109,0.0,0.0,0.0,1.0,72.84
20080315,114,0.0,0.0,0.0,1.0,179.76
20080315,118,0.0,0.0,0.0,2.0,464.0
20080316,19,0.0,0.0,0.0,1.0,740.82
20080316,21,0.0,0.0,0.0,1.0,732.65
20080316,23,0.0,0.0,0.0,1.0,638.83
20080316,26,0.0,0.0,0.0,1.0,922.86
20080316,29,0.0,0.0,0.0,2.0,858.84
20080316,31,0.0,0.0,0.0,1.0,590.93
20080316,32,0.0,0.0,0.0,1.0,460.51
20080316,33,0.0,0.0,0.0,1.0,421.38
20080316,86,0.0,0.0,0.0,1.0,162.01
20080316,96,0.0,0.0,0.0,2.0,1087.4
20080316,99,0.0,0.0,0.0,1.0,257.46
20080316,100,0.0,0.0,0.0,1.0,203.53
20080316,102,0.0,0.0,0.0,2.0,671.38
20080316,104,0.0,0.0,0.0,1.0,322.5
20080316,116,0.0,0.0,0.0,1.0,201.42
20080316,117,0.0,0.0,0.0,3.0,556.65
20080316,118,0.0,0.0,0.0,2.0,466.04
20080317,18,0.0,0.0,0.0,2.0,1467.78
20080317,19,0.0,0.0,0.0,1.0,740.16
20080317,20,0.0,0.0,0.0,1.0,771.01
20080317,21,0.0,0.0,0.0,1.0,731.48
20080317,23,0.0,3.0,1925.67,1.0,641.89
20080317,24,0.0,0.0,0.0,1.0,1082.78
20080317,26,0.0,0.0,0.0,1.0,918.34
20080317,32,0.0,0.0,0.0,1.0,458.67
20080317,77,0.0,0.0,0.0,1.0,658.86
20080317,78,0.0,0.0,0.0,1.0,662.93
20080317,79,0.0,0.0,0.0,1.0,472.83
20080317,81,0.0,0.0,0.0,1.0,197.74
20080317,85,0.0,0.0,0.0,1.0,167.69
20080317,86,0.0,0.0,0.0,1.0,161.54
20080317,89,0.0,0.0,0.0,1.0,700.69
20080317,91,0.0,0.0,0.0,1.0,689.19
20080317,94,0.0,0.0,0.0,1.0,362.37
20080317,95,0.0,0.0,0.0,1.0,705.59
20080317,98,0.0,0.0,0.0,1.0,613.78
20080317,99,0.0,0.0,0.0,2.0,516.16
20080317,103,0.0,0.0,0.0,2.0,544.72
20080317,105,0.0,0.0,0.0,1.0,301.95
20080317,107,0.0,0.0,0.0,1.0,63.9
20080317,111,0.0,0.0,0.0,1.0,212.62
20080317,112,0.0,0.0,0.0,1.0,160.18
20080318,18,0.0,0.0,0.0,2.0,1463.22
20080318,20,0.0,0.0,0.0,4.0,3079.08
20080318,22,0.0,0.0,0.0,1.0,735.52
20080318,24,0.0,0.0,0.0,1.0,1077.58
20080318,27,0.0,0.0,0.0,1.0,959.92
20080318,28,0.0,0.0,0.0,1.0,942.87
20080318,31,0.0,0.0,0.0,1.0,593.23
20080318,32,0.0,0.0,0.0,2.0,917.16
20080318,77,0.0,0.0,0.0,1.0,661.96
20080318,78,0.0,0.0,0.0,1.0,662.67
20080318,79,0.0,0.0,0.0,1.0,475.01
20080318,81,0.0,0.0,0.0,1.0,198.73
20080318,82,0.0,0.0,0.0,1.0,199.5
20080318,83,0.0,0.0,0.0,1.0,164.25
20080318,89,0.0,0.0,0.0,1.0,697.33
20080318,90,0.0,0.0,0.0,1.0,677.77
20080318,91,0.0,0.0,0.0,1.0,690.02
20080318,94,0.0,0.0,0.0,1.0,360.92
20080318,95,0.0,0.0,0.0,1.0,706.72
20080318,97,0.0,0.0,0.0,2.0,1486.26
20080318,99,0.0,0.0,0.0,1.0,257.38
20080318,102,0.0,0.0,0.0,1.0,336.94
20080318,103,0.0,10.0,2713.8,1.0,271.38
20080318,104,0.0,0.0,0.0,1.0,321.18
20080318,116,0.0,0.0,0.0,3.0,602.34
20080318,117,0.0,0.0,0.0,1.0,184.23
20080319,18,0.0,0.0,0.0,2.0,1466.3
20080319,19,0.0,0.0,0.0,3.0,2200.53
20080319,20,0.0,25.0,19175.0,0.0,0.0
20080319,23,0.0,0.0,0.0,3.0,1922.58
20080319,24,0.0,0.0,0.0,1.0,1078.76
20080319,26,0.0,0.0,0.0,1.0,920.71
20080319,31,0.0,0.0,0.0,1.0,591.75
20080319,32,0.0,0.0,0.0,1.0,457.07
20080319,33,0.0,0.0,0.0,2.0,844.78
20080319,76,0.0,0.0,0.0,1.0,457.08
20080319,77,0.0,0.0,0.0,1.0,658.91
20080319,88,0.0,0.0,0.0,3.0,2437.05
20080319,91,0.0,0.0,0.0,1.0,686.78
20080319,94,0.0,0.0,0.0,1.0,361.14
20080319,96,0.0,0.0,0.0,2.0,1087.84
20080319,97,0.0,0.0,0.0,1.0,740.01
20080319,98,0.0,0.0,0.0,1.0,611.75
20080319,99,0.0,0.0,0.0,1.0,257.0
20080319,103,0.0,0.0,0.0,1.0,270.43
20080319,104,0.0,0.0,0.0,1.0,319.93
20080319,111,0.0,0.0,0.0,1.0,211.66
20080319,115,0.0,0.0,0.0,1.0,197.2
20080319,117,0.0,0.0,0.0,1.0,184.93
20080319,118,0.0,0.0,0.0,1.0,233.09
20080320,18,0.0,0.0,0.0,1.0,734.76
20080320,20,0.0,0.0,0.0,1.0,766.85
20080320,21,0.0,0.0,0.0,1.0,734.91
20080320,22,0.0,0.0,0.0,3.0,2215.38
20080320,23,0.0,8.0,5124.88,0.0,0.0
20080320,25,0.0,0.0,0.0,1.0,1035.25
20080320,26,0.0,0.0,0.0,1.0,922.1
20080320,27,0.0,0.0,0.0,1.0,952.92
20080320,30,0.0,0.0,0.0,1.0,513.5
20080320,31,0.0,0.0,0.0,2.0,1188.36
20080320,77,0.0,13.0,8588.97,0.0,0.0
20080320,79,0.0,0.0,0.0,1.0,471.78
20080320,86,0.0,0.0,0.0,1.0,160.49
20080320,88,0.0,0.0,0.0,2.0,1623.4
20080320,89,0.0,0.0,0.0,1.0,697.31
20080320,90,0.0,0.0,0.0,1.0,681.77
20080320,91,0.0,18.0,12392.82,0.0,0.0
20080320,93,0.0,0.0,0.0,1.0,369.22
20080320,95,0.0,0.0,0.0,1.0,710.96
20080320,97,0.0,0.0,0.0,2.0,1484.0
20080320,98,0.0,0.0,0.0,1.0,614.57
20080320,99,0.0,0.0,0.0,2.0,516.46
20080320,105,0.0,0.0,0.0,1.0,299.27
20080320,109,0.0,0.0,0.0,1.0,73.36
20080320,111,0.0,6.0,1274.7,0.0,0.0
20080320,117,0.0,0.0,0.0,2.0,371.46
20080320,118,0.0,0.0,0.0,3.0,699.42
20080321,18,0.0,10.0,7371.9,0.0,0.0
20080321,20,0.0,0.0,0.0,1.0,768.46
20080321,21,0.0,0.0,0.0,1.0,736.53
20080321,22,0.0,27.0,20024.28,0.0,0.0
20080321,23,0.0,0.0,0.0,1.0,642.01
20080321,26,0.0,12.0,11083.92,1.0,923.66
20080321,27,0.0,0.0,0.0,1.0,956.26
20080321,30,0.0,0.0,0.0,1.0,511.03
20080321,31,0.0,0.0,0.0,1.0,595.36
20080321,75,0.0,0.0,0.0,1.0,383.56
20080321,78,0.0,0.0,0.0,1.0,656.66
20080321,81,0.0,0.0,0.0,1.0,199.02
20080321,85,0.0,0.0,0.0,1.0,169.56
20080321,88,0.0,0.0,0.0,2.0,1617.72
20080321,89,0.0,0.0,0.0,1.0,694.32
20080321,90,0.0,0.0,0.0,1.0,683.07
20080321,94,0.0,0.0,0.0,1.0,363.78
20080321,95,0.0,17.0,12122.7,2.0,1426.2
20080321,96,0.0,0.0,0.0,1.0,540.28
20080321,97,0.0,25.0,18544.5,0.0,0.0
20080321,99,0.0,0.0,0.0,2.0,517.5
20080321,102,0.0,0.0,0.0,1.0,335.29
20080321,106,0.0,0.0,0.0,1.0,80.92
20080321,115,0.0,0.0,0.0,1.0,196.8
20080321,116,0.0,0.0,0.0,3.0,604.14
20080321,117,0.0,0.0,0.0,3.0,555.84
20080322,19,0.0,0.0,0.0,1.0,731.82
20080322,21,0.0,0.0,0.0,1.0,734.98
20080322,22,0.0,0.0,0.0,2.0,1484.02
20080322,29,0.0,0.0,0.0,2.0,858.56
20080322,33,0.0,0.0,0.0,1.0,420.7
20080322,76,0.0,0.0,0.0,1.0,459.09
20080322,77,0.0,0.0,0.0,1.0,661.09
20080322,79,0.0,0.0,0.0,1.0,469.71
20080322,84,0.0,0.0,0.0,1.0,178.52
20080322,91,0.0,0.0,0.0,1.0,687.32
20080322,94,0.0,0.0,0.0,1.0,364.91
20080322,95,0.0,0.0,0.0,1.0,715.23
20080322,96,0.0,0.0,0.0,1.0,539.47
20080322,97,0.0,0.0,0.0,1.0,742.97
20080322,99,0.0,5.0,1299.95,0.0,0.0
20080322,102,0.0,0.0,0.0,1.0,336.53
20080322,103,0.0,0.0,0.0,1.0,268.41
20080322,105,0.0,0.0,0.0,1.0,296.94
20080322,110,0.0,0.0,0.0,2.0,130.86
20080322,115,0.0,0.0,0.0,1.0,197.41
20080322,117,0.0,22.0,4078.58,0.0,0.0
20080322,118,0.0,0.0,0.0,1.0,234.07
20080323,19,0.0,0.0,0.0,1.0,734.45
20080323,21,0.0,0.0,0.0,1.0,731.52
20080323,22,0.0,0.0,0.0,4.0,2965.08
20080323,23,0.0,0.0,0.0,1.0,639.12
20080323,24,0.0,0.0,0.0,1.0,1082.42
20080323,28,0.0,0.0,0.0,1.0,941.63
20080323,32,0.0,0.0,0.0,1.0,453.06
20080323,33,0.0,13.0,5484.96,1.0,421.92
20080323,77,0.0,0.0,0.0,1.0,661.15
20080323,78,0.0,0.0,0.0,1.0,656.59
20080323,79,0.0,0.0,0.0,1.0,471.26
20080323,80,0.0,0.0,0.0,1.0,169.34
20080323,83,0.0,0.0,0.0,1.0,164.15
20080323,84,0.0,0.0,0.0,1.0,179.25
20080323,90,0.0,0.0,0.0,1.0,682.04
20080323,93,0.0,0.0,0.0,1.0,366.49
20080323,96,0.0,0.0,0.0,1.0,541.74
20080323,97,0.0,0.0,0.0,1.0,745.2
20080323,99,0.0,0.0,0.0,1.0,261.18
20080323,102,0.0,0.0,0.0,2.0,670.3
20080323,104,0.0,0.0,0.0,1.0,319.35
20080323,106,0.0,0.0,0.0,1.0,80.77
20080323,109,0.0,0.0,0.0,1.0,73.0
20080323,113,0.0,0.0,0.0,1.0,198.65
20080323,114,0.0,0.0,0.0,1.0,178.5
20080323,115,0.0,0.0,0.0,1.0,197.81
20080323,116,0.0,0.0,0.0,1.0,202.03
20080323,117,0.0,0.0,0.0,1.0,186.13
20080323,118,0.0,0.0,0.0,4.0,940.68
20080324,18,0.0,0.0,0.0,3.0,2204.49
20080324,19,0.0,0.0,0.0,1.0,731.22
20080324,20,0.0,0.0,0.0,1.0,770.3
20080324,21,0.0,0.0,0.0,2.0,1464.52
20080324,22,0.0,0.0,0.0,3.0,2222.67
20080324,24,0.0,0.0,0.0,1.0,1084.26
20080324,27,0.0,0.0,0.0,1.0,954.15
20080324,31,0.0,0.0,0.0,1.0,593.93
20080324,33,0.0,0.0,0.0,1.0,421.33
20080324,77,0.0,0.0,0.0,1.0,659.9
20080324,80,0.0,0.0,0.0,1.0,168.61
20080324,88,0.0,0.0,0.0,2.0,1608.82
20080324,93,0.0,0.0,0.0,1.0,368.29
20080324,97,0.0,0.0,0.0,1.0,743.93
20080324,99,0.0,0.0,0.0,1.0,260.04
20080324,102,0.0,8.0,2688.72,1.0,336.09
20080324,103,0.0,0.0,0.0,1.0,267.44
20080324,107,0.0,0.0,0.0,1.0,64.27
20080324,113,0.0,0.0,0.0,1.0,198.31
20080324,116,0.0,0.0,0.0,2.0,405.26
20080324,118,0.0,0.0,0.0,1.0,235.85
20080325,18,0.0,0.0,0.0,1.0,737.84
20080325,23,0.0,0.0,0.0,1.0,637.65
20080325,25,0.0,0.0,0.0,1.0,1049.69
20080325,26,0.0,0.0,0.0,2.0,1852.5
20080325,30,0.0,0.0,0.0,1.0,510.62
20080325,31,0.0,0.0,0.0,1.0,593.64
20080325,32,0.0,0.0,0.0,1.0,450.84
20080325,76,0.0,0.0,0.0,1.0,457.8
20080325,78,0.0,0.0,0.0,1.0,650.56
20080325,79,0.0,0.0,0.0,1.0,468.76
20080325,80,0.0,0.0,0.0,1.0,167.94
20080325,87,0.0,0.0,0.0,1.0,167.16
20080325,95,0.0,0.0,0.0,1.0,716.16
20080325,99,0.0,0.0,0.0,2.0,517.84
20080325,102,0.0,0.0,0.0,1.0,335.25
20080325,107,0.0,0.0,0.0,1.0,64.36
20080325,116,0.0,0.0,0.0,1.0,203.14
20080325,117,0.0,0.0,0.0,3.0,559.29
20080325,118,0.0,6.0,1413.84,2.0,471.28
20080326,21,0.0,0.0,0.0,2.0,1463.18
20080326,23,0.0,0.0,0.0,1.0,637.71
20080326,28,0.0,0.0,0.0,2.0,1878.36
20080326,29,0.0,0.0,0.0,1.0,424.45
20080326,33,0.0,0.0,0.0,1.0,419.77
20080326,77,0.0,0.0,0.0,1.0,654.04
20080326,78,0.0,0.0,0.0,3.0,1957.14
20080326,88,0.0,0.0,0.0,1.0,801.43
20080326,90,0.0,0.0,0.0,1.0,685.11
20080326,96,0.0,0.0,0.0,1.0,537.79
20080326,97,0.0,0.0,0.0,2.0,1476.58
20080326,101,0.0,0.0,0.0,1.0,165.95
20080326,104,0.0,0.0,0.0,1.0,319.19
20080326,105,0.0,0.0,0.0,2.0,591.16
20080326,106,0.0,0.0,0.0,1.0,80.93
20080326,107,0.0,0.0,0.0,1.0,64.05
20080326,116,0.0,0.0,0.0,4.0,811.0
20080326,117,0.0,0.0,0.0,2.0,372.0
20080326,118,0.0,0.0,0.0,1.0,235.71
20080327,19,0.0,0.0,0.0,1.0,734.66
20080327,20,0.0,0.0,0.0,4.0,3089.16
20080327,21,0.0,23.0,16757.57,3.0,2185.77
20080327,22,0.0,0.0,0.0,3.0,2216.22
20080327,23,0.0,0.0,0.0,3.0,1907.4
20080327,26,0.0,0.0,0.0,1.0,921.98
20080327,28,0.0,0.0,0.0,1.0,937.77
20080327,29,0.0,0.0,0.0,1.0,423.51
20080327,30,0.0,0.0,0.0,1.0,510.72
20080327,32,0.0,0.0,0.0,1.0,449.04
20080327,77,0.0,0.0,0.0,1.0,657.31
20080327,78,0.0,14.0,9143.4,1.0,653.1
20080327,79,0.0,0.0,0.0,1.0,465.95
20080327,80,0.0,0.0,0.0,2.0,336.48
20080327,82,0.0,0.0,0.0,1.0,199.65
20080327,86,0.0,0.0,0.0,1.0,162.48
20080327,92,0.0,0.0,0.0,1.0,416.46
20080327,95,0.0,0.0,0.0,1.0,716.44
20080327,102,0.0,0.0,0.0,1.0,337.77
20080327,104,0.0,0.0,0.0,1.0,319.99
20080327,105,0.0,12.0,3543.0,0.0,0.0
20080327,108,0.0,0.0,0.0,1.0,84.9
20080327,109,0.0,0.0,0.0,1.0,73.63
20080327,116,0.0,0.0,0.0,2.0,404.0
20080327,117,0.0,0.0,0.0,1.0,186.11
20080327,118,0.0,0.0,0.0,1.0,236.79
20080328,18,0.0,0.0,0.0,3.0,2191.02
20080328,21,0.0,0.0,0.0,3.0,2187.93
20080328,22,0.0,0.0,0.0,1.0,742.36
20080328,23,0.0,20.0,12690.6,3.0,1903.59
20080328,25,0.0,0.0,0.0,2.0,2114.32
20080328,29,0.0,0.0,0.0,1.0,425.25
20080328,30,0.0,0.0,0.0,1.0,511.64
20080328,32,0.0,0.0,0.0,1.0,447.96
20080328,75,0.0,0.0,0.0,1.0,386.17
20080328,78,0.0,0.0,0.0,1.0,652.84
20080328,88,0.0,0.0,0.0,1.0,807.85
20080328,91,0.0,0.0,0.0,1.0,679.92
20080328,93,0.0,0.0,0.0,1.0,370.47
20080328,107,0.0,0.0,0.0,1.0,64.63
20080328,111,0.0,0.0,0.0,1.0,211.82
20080328,118,0.0,0.0,0.0,1.0,237.86
20080329,18,0.0,0.0,0.0,2.0,1463.76
20080329,21,0.0,0.0,0.0,2.0,1461.1
20080329,23,0.0,0.0,0.0,2.0,1270.7
20080329,29,0.0,0.0,0.0,1.0,426.1
20080329,30,0.0,8.0,4110.72,1.0,513.84
20080329,31,0.0,0.0,0.0,1.0,591.79
20080329,33,0.0,0.0,0.0,1.0,421.32
20080329,75,0.0,23.0,8913.88,0.0,0.0
20080329,77,0.0,0.0,0.0,1.0,656.78
20080329,79,0.0,0.0,0.0,1.0,465.11
20080329,86,0.0,0.0,0.0,1.0,163.05
20080329,95,0.0,0.0,0.0,1.0,715.72
20080329,98,0.0,0.0,0.0,1.0,612.4
20080329,105,0.0,0.0,0.0,1.0,293.72
20080329,111,0.0,0.0,0.0,1.0,211.06
20080329,116,0.0,0.0,0.0,1.0,202.3
20080329,117,0.0,0.0,0.0,1.0,185.2
20080329,118,0.0,0.0,0.0,1.0,238.43
20080330,18,0.0,0.0,0.0,1.0,734.73
20080330,19,0.0,0.0,0.0,1.0,733.03
20080330,20,0.0,0.0,0.0,1.0,768.51
20080330,21,0.0,0.0,0.0,1.0,734.06
20080330,22,0.0,0.0,0.0,4.0,2953.72
20080330,23,0.0,0.0,0.0,2.0,1271.48
20080330,25,0.0,0.0,0.0,1.0,1058.95
20080330,75,0.0,0.0,0.0,1.0,386.63
20080330,77,0.0,0.0,0.0,1.0,653.95
20080330,81,0.0,0.0,0.0,1.0,198.4
20080330,82,0.0,0.0,0.0,1.0,200.99
20080330,85,0.0,0.0,0.0,1.0,169.66
20080330,90,0.0,0.0,0.0,2.0,1369.64
20080330,91,0.0,0.0,0.0,2.0,1349.38
20080330,93,0.0,0.0,0.0,1.0,372.21
20080330,95,0.0,0.0,0.0,1.0,712.86
20080330,96,0.0,0.0,0.0,1.0,538.92
20080330,98,0.0,0.0,0.0,2.0,1225.78
20080330,108,0.0,0.0,0.0,1.0,85.67
20080330,116,0.0,7.0,1419.53,0.0,0.0
20080330,117,0.0,0.0,0.0,1.0,184.46
20080330,118,0.0,9.0,2144.61,0.0,0.0
20080331,18,0.0,23.0,16900.4,0.0,0.0
20080331,19,0.0,0.0,0.0,3.0,2204.16
20080331,20,0.0,0.0,0.0,2.0,1542.54
20080331,21,0.0,0.0,0.0,1.0,733.55
20080331,22,0.0,0.0,0.0,2.0,1480.7
20080331,23,0.0,0.0,0.0,1.0,636.5
20080331,25,0.0,0.0,0.0,2.0,2117.7
20080331,29,0.0,0.0,0.0,1.0,426.01
20080331,32,0.0,0.0,0.0,2.0,905.0
20080331,33,0.0,0.0,0.0,1.0,422.25
20080331,34,0.0,0.0,0.0,4.0,847.96
20080331,37,0.0,0.0,0.0,1.0,190.83
20080331,38,0.0,0.0,0.0,1.0,252.0
20080331,76,0.0,0.0,0.0,1.0,460.5
20080331,78,0.0,0.0,0.0,1.0,657.42
20080331,79,0.0,0.0,0.0,2.0,929.84
20080331,91,0.0,0.0,0.0,1.0,675.77
20080331,97,0.0,0.0,0.0,1.0,744.05
20080331,99,0.0,0.0,0.0,1.0,256.82
20080331,103,0.0,0.0,0.0,2.0,535.56
20080331,104,0.0,0.0,0.0,1.0,323.39
20080331,105,0.0,0.0,0.0,1.0,296.16
20080331,113,0.0,0.0,0.0,1.0,199.31
20080331,117,0.0,0.0,0.0,1.0,184.57
20080331,118,0.0,0.0,0.0,1.0,239.21
20080401,1,0.0,0.0,0.0,11.0,5078.04
20080401,2,0.0,0.0,0.0,9.0,4496.94
20080401,6,0.0,0.0,0.0,24.0,2972.16
20080401,9,0.0,0.0,0.0,2.0,247.1
20080401,11,0.0,0.0,0.0,29.0,4511.24
20080401,12,0.0,0.0,0.0,6.0,2425.92
20080401,13,0.0,0.0,0.0,15.0,6805.2
20080401,14,0.0,0.0,0.0,39.0,13049.79
20080401,16,0.0,0.0,0.0,17.0,6800.51
20080401,17,0.0,0.0,0.0,34.0,15105.18
20080401,18,0.0,0.0,0.0,59.0,43370.9
20080401,19,0.0,0.0,0.0,52.0,38319.84
20080401,20,0.0,0.0,0.0,42.0,32419.38
20080401,21,0.0,0.0,0.0,63.0,46319.49
20080401,22,0.0,0.0,0.0,56.0,41401.36
20080401,23,0.0,0.0,0.0,52.0,33068.36
20080401,24,0.0,0.0,0.0,13.0,14054.04
20080401,25,0.0,0.0,0.0,43.0,45380.05
20080401,26,0.0,0.0,0.0,42.0,38970.96
20080401,27,0.0,0.0,0.0,19.0,18092.18
20080401,28,0.0,0.0,0.0,18.0,16914.96
20080401,29,0.0,0.0,0.0,40.0,17042.0
20080401,30,0.0,0.0,0.0,40.0,20604.8
20080401,31,0.0,0.0,0.0,33.0,19573.95
20080401,32,0.0,0.0,0.0,13.0,5910.19
20080401,33,0.0,0.0,0.0,59.0,24805.96
20080401,34,0.0,0.0,0.0,33.0,7024.38
20080401,37,0.0,0.0,0.0,28.0,5326.72
20080401,38,0.0,0.0,0.0,30.0,7595.4
20080401,40,0.0,0.0,0.0,9.0,4947.48
20080401,43,0.0,0.0,0.0,17.0,4816.27
20080401,44,0.0,0.0,0.0,26.0,3010.02
20080401,45,0.0,0.0,0.0,1.0,336.08
20080401,47,0.0,0.0,0.0,30.0,9762.6
20080401,48,0.0,0.0,0.0,4.0,1378.44
20080401,49,0.0,0.0,0.0,4.0,1289.52
20080401,50,0.0,0.0,0.0,37.0,10890.58
20080401,51,0.0,0.0,0.0,16.0,5551.2
20080401,52,0.0,0.0,0.0,18.0,1979.1
20080401,53,0.0,0.0,0.0,16.0,2022.08
20080401,56,0.0,0.0,0.0,12.0,1311.72
20080401,57,0.0,0.0,0.0,12.0,1298.4
20080401,61,0.0,0.0,0.0,57.0,6879.9
20080401,62,0.0,0.0,0.0,30.0,3708.0
20080401,63,0.0,0.0,0.0,10.0,1261.6
20080401,64,0.0,0.0,0.0,32.0,2430.4
20080401,65,0.0,0.0,0.0,27.0,2618.19
20080401,67,0.0,0.0,0.0,18.0,1405.8
20080401,68,0.0,0.0,0.0,18.0,1289.16
20080401,69,0.0,0.0,0.0,39.0,2983.89
20080401,70,0.0,0.0,0.0,38.0,3635.84
20080401,74,0.0,0.0,0.0,18.0,1681.74
20080401,75,0.0,0.0,0.0,42.0,16267.44
20080401,76,0.0,0.0,0.0,38.0,17495.58
20080401,77,0.0,0.0,0.0,25.0,16430.5
20080401,78,0.0,0.0,0.0,9.0,5926.23
20080401,79,0.0,0.0,0.0,42.0,19460.28
20080401,80,0.0,0.0,0.0,41.0,6928.59
20080401,81,0.0,0.0,0.0,18.0,3600.9
20080401,82,0.0,0.0,0.0,9.0,1807.83
20080401,83,0.0,0.0,0.0,30.0,4887.9
20080401,84,0.0,0.0,0.0,39.0,7104.63
20080401,85,0.0,0.0,0.0,13.0,2199.21
20080401,86,0.0,0.0,0.0,5.0,815.35
20080401,87,0.0,0.0,0.0,40.0,6684.0
20080401,88,0.0,0.0,0.0,51.0,41170.26
20080401,89,0.0,0.0,0.0,30.0,20619.3
20080401,90,0.0,0.0,0.0,12.0,8262.24
20080401,91,0.0,0.0,0.0,72.0,48480.48
20080401,92,0.0,0.0,0.0,22.0,9131.98
20080401,93,0.0,0.0,0.0,13.0,4839.51
20080401,94,0.0,0.0,0.0,43.0,15668.34
20080401,95,0.0,0.0,0.0,110.0,78375.0
20080401,96,0.0,0.0,0.0,53.0,28610.99
20080401,97,0.0,0.0,0.0,16.0,11922.72
20080401,98,0.0,0.0,0.0,97.0,59634.63
20080401,99,0.0,4.0,1025.04,29.0,7431.54
20080401,100,0.0,0.0,0.0,13.0,2634.58
20080401,101,0.0,0.0,0.0,55.0,9084.35
20080401,102,0.0,0.0,0.0,23.0,7754.45
20080401,103,0.0,0.0,0.0,29.0,7797.52
20080401,104,0.0,0.0,0.0,12.0,3876.84
20080401,105,0.0,0.0,0.0,16.0,4732.8
20080401,106,0.0,0.0,0.0,18.0,1443.06
20080401,107,0.0,0.0,0.0,23.0,1497.3
20080401,108,0.0,0.0,0.0,19.0,1626.4
20080401,109,0.0,0.0,0.0,16.0,1187.04
20080401,110,0.0,0.0,0.0,24.0,1555.68
20080401,111,0.0,0.0,0.0,26.0,5450.38
20080401,112,0.0,0.0,0.0,15.0,2391.0
20080401,113,0.0,0.0,0.0,21.0,4189.71
20080401,114,0.0,0.0,0.0,34.0,6063.9
20080401,115,0.0,0.0,0.0,19.0,3761.62
20080401,116,0.0,0.0,0.0,15.0,3033.3
20080401,117,0.0,0.0,0.0,96.0,17752.32
20080401,118,0.0,0.0,0.0,80.0,19133.6
20080402,2,0.0,55.0,27528.05,0.0,0.0
20080402,6,0.0,32.0,3953.28,0.0,0.0
20080402,18,0.0,50.0,36802.5,2.0,1472.1
20080402,19,0.0,75.0,55479.75,0.0,0.0
20080402,20,0.0,43.0,33244.59,1.0,773.13
20080402,21,0.0,67.0,49358.9,0.0,0.0
20080402,22,0.0,74.0,54818.46,2.0,1481.58
20080402,23,0.0,47.0,29879.78,2.0,1271.48
20080402,24,0.0,17.0,18435.31,1.0,1084.43
20080402,25,0.0,53.0,56101.56,1.0,1058.52
20080402,26,0.0,45.0,41557.95,0.0,0.0
20080402,27,0.0,23.0,21833.21,0.0,0.0
20080402,28,0.0,28.0,26430.6,0.0,0.0
20080402,29,0.0,54.0,22942.44,1.0,424.86
20080402,30,0.0,39.0,20093.97,0.0,0.0
20080402,31,0.0,50.0,29580.5,0.0,0.0
20080402,32,0.0,31.0,14162.35,1.0,456.85
20080402,33,0.0,66.0,27846.06,0.0,0.0
20080402,44,0.0,13.0,1504.36,0.0,0.0
20080402,56,0.0,85.0,9274.35,0.0,0.0
20080402,75,0.0,33.0,12803.34,0.0,0.0
20080402,76,0.0,44.0,20259.8,0.0,0.0
20080402,77,0.0,28.0,18431.84,0.0,0.0
20080402,78,0.0,9.0,5930.37,1.0,658.93
20080402,79,0.0,65.0,30117.1,1.0,463.34
20080402,80,0.0,37.0,6262.62,1.0,169.26
20080402,81,0.0,12.0,2389.08,0.0,0.0
20080402,83,0.0,41.0,6702.27,0.0,0.0
20080402,84,0.0,39.0,7084.74,0.0,0.0
20080402,85,0.0,33.0,5569.74,0.0,0.0
20080402,86,0.0,24.0,3896.4,1.0,162.35
20080402,87,0.0,34.0,5685.14,1.0,167.21
20080402,88,0.0,54.0,43675.2,1.0,808.8
20080402,89,0.0,44.0,30383.76,2.0,1381.08
20080402,91,0.0,75.0,50343.75,0.0,0.0
20080402,92,0.0,30.0,12448.8,2.0,829.92
20080402,93,0.0,16.0,5949.76,0.0,0.0
20080402,94,0.0,44.0,16000.6,1.0,363.65
20080402,95,0.0,107.0,76252.48,1.0,712.64
20080402,96,0.0,53.0,28625.3,0.0,0.0
20080402,98,0.0,106.0,65493.16,1.0,617.86
20080402,99,0.0,45.0,11536.2,2.0,512.72
20080402,100,0.0,0.0,0.0,1.0,202.81
20080402,101,0.0,64.0,10608.0,0.0,0.0
20080402,102,0.0,44.0,14767.72,0.0,0.0
20080402,103,0.0,45.0,12141.0,1.0,269.8
20080402,104,0.0,33.0,10621.71,0.0,0.0
20080402,105,0.0,30.0,8830.5,0.0,0.0
20080402,106,0.0,16.0,1278.56,0.0,0.0
20080402,107,0.0,38.0,2474.18,0.0,0.0
20080402,108,0.0,25.0,2140.25,0.0,0.0
20080402,109,0.0,18.0,1337.4,0.0,0.0
20080402,110,0.0,28.0,1821.68,0.0,0.0
20080402,111,0.0,36.0,7561.08,0.0,0.0
20080402,112,0.0,30.0,4801.5,1.0,160.05
20080402,113,0.0,17.0,3391.67,2.0,399.02
20080402,114,0.0,40.0,7112.8,0.0,0.0
20080402,115,0.0,17.0,3350.53,0.0,0.0
20080402,116,0.0,16.0,3230.08,0.0,0.0
20080402,117,0.0,102.0,18781.26,1.0,184.13
20080402,118,0.0,85.0,20430.6,3.0,721.08
20080403,18,0.0,0.0,0.0,2.0,1468.58
20080403,19,0.0,0.0,0.0,1.0,740.61
20080403,20,0.0,0.0,0.0,1.0,775.99
20080403,21,0.0,0.0,0.0,1.0,734.2
20080403,22,0.0,0.0,0.0,1.0,739.98
20080403,27,0.0,0.0,0.0,2.0,1890.76
20080403,31,0.0,0.0,0.0,1.0,591.55
20080403,32,0.0,0.0,0.0,1.0,458.13
20080403,78,0.0,0.0,0.0,4.0,2631.52
20080403,79,0.0,0.0,0.0,1.0,463.16
20080403,81,0.0,0.0,0.0,1.0,199.41
20080403,82,0.0,0.0,0.0,1.0,199.94
20080403,86,0.0,0.0,0.0,1.0,163.08
20080403,89,0.0,0.0,0.0,1.0,693.58
20080403,90,0.0,0.0,0.0,2.0,1383.26
20080403,92,0.0,0.0,0.0,1.0,416.87
20080403,95,0.0,0.0,0.0,1.0,712.07
20080403,96,0.0,0.0,0.0,2.0,1083.88
20080403,98,0.0,0.0,0.0,1.0,619.22
20080403,99,0.0,0.0,0.0,2.0,514.06
20080403,102,0.0,0.0,0.0,2.0,668.98
20080403,103,0.0,0.0,0.0,2.0,539.92
20080403,105,0.0,0.0,0.0,1.0,294.38
20080403,106,0.0,0.0,0.0,1.0,80.11
20080403,112,0.0,0.0,0.0,1.0,159.81
20080403,116,0.0,0.0,0.0,3.0,605.7
20080403,117,0.0,0.0,0.0,2.0,366.56
20080403,118,0.0,0.0,0.0,3.0,722.25
20080404,18,0.0,0.0,0.0,2.0,1471.66
20080404,19,0.0,0.0,0.0,1.0,741.5
20080404,21,0.0,0.0,0.0,1.0,732.22
20080404,22,0.0,0.0,0.0,4.0,2949.24
20080404,24,0.0,0.0,0.0,1.0,1085.3
20080404,31,0.0,0.0,0.0,1.0,592.32
20080404,32,0.0,0.0,0.0,1.0,456.44
20080404,76,0.0,0.0,0.0,1.0,458.15
20080404,77,0.0,0.0,0.0,1.0,657.75
20080404,78,0.0,0.0,0.0,1.0,655.77
20080404,79,0.0,0.0,0.0,1.0,461.58
20080404,84,0.0,0.0,0.0,1.0,180.12
20080404,90,0.0,0.0,0.0,1.0,689.69
20080404,91,0.0,0.0,0.0,1.0,670.92
20080404,93,0.0,0.0,0.0,1.0,372.46
20080404,95,0.0,0.0,0.0,2.0,1422.0
20080404,96,0.0,19.0,10249.55,2.0,1078.9
20080404,97,0.0,0.0,0.0,1.0,750.46
20080404,98,0.0,0.0,0.0,1.0,619.1
20080404,99,0.0,0.0,0.0,2.0,514.78
20080404,101,0.0,0.0,0.0,1.0,166.01
20080404,103,0.0,0.0,0.0,2.0,541.58
20080404,105,0.0,0.0,0.0,1.0,293.27
20080404,116,0.0,0.0,0.0,1.0,202.36
20080404,117,0.0,0.0,0.0,2.0,367.14
20080404,118,0.0,0.0,0.0,1.0,241.08
20080405,18,0.0,0.0,0.0,1.0,733.7
20080405,20,0.0,0.0,0.0,1.0,776.12
20080405,25,0.0,0.0,0.0,1.0,1060.31
20080405,27,0.0,0.0,0.0,2.0,1887.14
20080405,77,0.0,0.0,0.0,1.0,658.86
20080405,81,0.0,0.0,0.0,1.0,199.91
20080405,87,0.0,0.0,0.0,1.0,167.59
20080405,89,0.0,0.0,0.0,1.0,694.82
20080405,90,0.0,0.0,0.0,1.0,689.69
20080405,91,0.0,0.0,0.0,1.0,667.76
20080405,93,0.0,0.0,0.0,1.0,373.61
20080405,96,0.0,0.0,0.0,1.0,539.39
20080405,117,0.0,0.0,0.0,1.0,183.1
20080406,19,0.0,0.0,0.0,1.0,745.28
20080406,20,0.0,0.0,0.0,4.0,3103.88
20080406,21,0.0,0.0,0.0,1.0,728.34
20080406,22,0.0,0.0,0.0,3.0,2215.47
20080406,23,0.0,0.0,0.0,3.0,1902.03
20080406,28,0.0,0.0,0.0,1.0,937.25
20080406,31,0.0,0.0,0.0,5.0,2965.4
20080406,32,0.0,0.0,0.0,1.0,457.72
20080406,75,0.0,0.0,0.0,1.0,387.98
20080406,78,0.0,0.0,0.0,1.0,653.35
20080406,79,0.0,0.0,0.0,1.0,463.2
20080406,88,0.0,0.0,0.0,1.0,807.4
20080406,89,0.0,0.0,0.0,2.0,1391.6
20080406,90,0.0,20.0,13731.8,0.0,0.0
20080406,93,0.0,0.0,0.0,1.0,374.99
20080406,96,0.0,0.0,0.0,1.0,541.01
20080406,97,0.0,0.0,0.0,1.0,744.47
20080406,99,0.0,0.0,0.0,2.0,516.06
20080406,102,0.0,0.0,0.0,1.0,334.53
20080406,105,0.0,0.0,0.0,1.0,291.33
20080406,116,0.0,0.0,0.0,2.0,404.36
20080406,117,0.0,0.0,0.0,2.0,367.96
20080407,18,0.0,0.0,0.0,1.0,733.69
20080407,20,0.0,0.0,0.0,2.0,1558.76
20080407,21,0.0,0.0,0.0,1.0,725.72
20080407,22,0.0,0.0,0.0,1.0,735.09
20080407,23,0.0,0.0,0.0,1.0,631.1
20080407,28,0.0,0.0,0.0,1.0,935.38
20080407,30,0.0,0.0,0.0,1.0,516.4
20080407,32,0.0,0.0,0.0,1.0,455.89
20080407,76,0.0,0.0,0.0,1.0,458.47
20080407,78,0.0,0.0,0.0,1.0,651.32
20080407,82,0.0,0.0,0.0,2.0,399.92
20080407,83,0.0,0.0,0.0,2.0,325.64
20080407,85,0.0,0.0,0.0,1.0,168.47
20080407,92,0.0,0.0,0.0,1.0,412.67
20080407,93,0.0,0.0,0.0,1.0,374.39
20080407,95,0.0,0.0,0.0,1.0,712.42
20080407,96,0.0,0.0,0.0,2.0,1081.04
20080407,97,0.0,18.0,13463.46,0.0,0.0
20080407,98,0.0,0.0,0.0,2.0,1234.36
20080407,103,0.0,0.0,0.0,2.0,539.68
20080407,105,0.0,0.0,0.0,1.0,292.47
20080407,107,0.0,0.0,0.0,1.0,65.09
20080407,116,0.0,0.0,0.0,1.0,202.79
20080407,118,0.0,0.0,0.0,2.0,487.16
20080408,19,0.0,0.0,0.0,4.0,2957.64
20080408,20,0.0,0.0,0.0,3.0,2335.11
20080408,23,0.0,0.0,0.0,1.0,632.42
20080408,24,0.0,0.0,0.0,1.0,1093.65
20080408,26,0.0,0.0,0.0,1.0,928.03
20080408,29,0.0,0.0,0.0,1.0,425.32
20080408,31,0.0,0.0,0.0,1.0,589.64
20080408,78,0.0,0.0,0.0,1.0,653.67
20080408,80,0.0,0.0,0.0,1.0,168.62
20080408,89,0.0,0.0,0.0,1.0,693.78
20080408,94,0.0,0.0,0.0,1.0,364.41
20080408,95,0.0,0.0,0.0,1.0,712.92
20080408,96,0.0,0.0,0.0,1.0,541.28
20080408,97,0.0,0.0,0.0,2.0,1497.58
20080408,98,0.0,0.0,0.0,1.0,614.9
20080408,105,0.0,0.0,0.0,1.0,291.65
20080408,114,0.0,0.0,0.0,1.0,178.7
20080408,117,0.0,0.0,0.0,2.0,368.68
20080408,118,0.0,0.0,0.0,3.0,729.63
20080409,18,0.0,0.0,0.0,2.0,1458.88
20080409,19,0.0,0.0,0.0,1.0,739.19
20080409,23,0.0,10.0,6332.5,3.0,1899.75
20080409,24,0.0,0.0,0.0,1.0,1092.11
20080409,26,0.0,0.0,0.0,1.0,924.79
20080409,27,0.0,0.0,0.0,1.0,945.54
20080409,31,0.0,0.0,0.0,2.0,1181.54
20080409,77,0.0,0.0,0.0,1.0,651.45
20080409,78,0.0,8.0,5221.52,1.0,652.69
20080409,79,0.0,0.0,0.0,1.0,466.59
20080409,84,0.0,0.0,0.0,1.0,179.04
20080409,88,0.0,0.0,0.0,1.0,806.92
20080409,89,0.0,0.0,0.0,1.0,691.28
20080409,95,0.0,0.0,0.0,1.0,711.21
20080409,96,0.0,0.0,0.0,1.0,540.52
20080409,97,0.0,0.0,0.0,2.0,1492.64
20080409,98,0.0,0.0,0.0,2.0,1234.22
20080409,99,0.0,0.0,0.0,2.0,516.0
20080409,116,0.0,0.0,0.0,2.0,404.6
20080409,117,0.0,0.0,0.0,1.0,183.73
20080409,118,0.0,0.0,0.0,2.0,485.94
20080410,19,0.0,0.0,0.0,1.0,736.75
20080410,21,0.0,0.0,0.0,1.0,726.14
20080410,22,0.0,0.0,0.0,3.0,2211.63
20080410,23,0.0,0.0,0.0,1.0,631.79
20080410,24,0.0,0.0,0.0,3.0,3263.25
20080410,25,0.0,0.0,0.0,1.0,1062.52
20080410,27,0.0,15.0,14157.6,0.0,0.0
20080410,29,0.0,0.0,0.0,1.0,426.77
20080410,30,0.0,0.0,0.0,2.0,1036.82
20080410,33,0.0,0.0,0.0,1.0,413.91
20080410,75,0.0,0.0,0.0,1.0,384.8
20080410,76,0.0,0.0,0.0,1.0,458.73
20080410,81,0.0,0.0,0.0,1.0,198.33
20080410,85,0.0,0.0,0.0,1.0,167.58
20080410,88,0.0,0.0,0.0,1.0,807.4
20080410,89,0.0,0.0,0.0,1.0,693.28
20080410,90,0.0,0.0,0.0,1.0,677.57
20080410,91,0.0,0.0,0.0,1.0,664.83
20080410,95,0.0,19.0,13553.46,0.0,0.0
20080410,99,0.0,0.0,0.0,1.0,257.77
20080410,116,0.0,8.0,1610.64,0.0,0.0
20080410,117,0.0,0.0,0.0,3.0,548.61
20080410,118,0.0,18.0,4388.76,4.0,975.28
20080411,22,0.0,0.0,0.0,1.0,735.22
20080411,23,0.0,0.0,0.0,2.0,1267.24
20080411,26,0.0,0.0,0.0,1.0,926.26
20080411,30,0.0,0.0,0.0,2.0,1035.58
20080411,31,0.0,0.0,0.0,1.0,590.47
20080411,32,0.0,0.0,0.0,1.0,450.93
20080411,76,0.0,0.0,0.0,1.0,458.82
20080411,77,0.0,0.0,0.0,1.0,646.96
20080411,78,0.0,0.0,0.0,1.0,657.2
20080411,82,0.0,0.0,0.0,1.0,201.32
20080411,88,0.0,0.0,0.0,2.0,1616.1
20080411,89,0.0,0.0,0.0,1.0,690.72
20080411,97,0.0,0.0,0.0,1.0,739.84
20080411,98,0.0,0.0,0.0,1.0,618.4
20080411,99,0.0,0.0,0.0,3.0,775.32
20080411,101,0.0,0.0,0.0,1.0,167.59
20080411,102,0.0,0.0,0.0,1.0,333.12
20080411,103,0.0,0.0,0.0,1.0,271.6
20080411,105,0.0,0.0,0.0,1.0,293.81
20080411,116,0.0,0.0,0.0,3.0,602.91
20080411,117,0.0,0.0,0.0,1.0,182.48
20080411,118,0.0,0.0,0.0,1.0,243.57
20080412,18,0.0,0.0,0.0,2.0,1456.68
20080412,19,0.0,0.0,0.0,3.0,2212.23
20080412,20,0.0,0.0,0.0,1.0,784.14
20080412,21,0.0,0.0,0.0,1.0,726.0
20080412,22,0.0,0.0,0.0,1.0,733.38
20080412,33,0.0,0.0,0.0,1.0,412.95
20080412,75,0.0,0.0,0.0,1.0,384.03
20080412,82,0.0,0.0,0.0,1.0,200.48
20080412,89,0.0,0.0,0.0,1.0,690.44
20080412,90,0.0,0.0,0.0,1.0,676.28
20080412,91,0.0,0.0,0.0,2.0,1324.34
20080412,92,0.0,0.0,0.0,1.0,412.09
20080412,95,0.0,0.0,0.0,2.0,1432.26
20080412,96,0.0,0.0,0.0,1.0,537.28
20080412,98,0.0,0.0,0.0,1.0,619.45
20080412,99,0.0,0.0,0.0,3.0,776.55
20080412,102,0.0,0.0,0.0,2.0,667.04
20080412,103,0.0,0.0,0.0,1.0,272.01
20080412,109,0.0,0.0,0.0,1.0,74.81
20080412,110,0.0,0.0,0.0,1.0,65.18
20080412,118,0.0,0.0,0.0,2.0,484.96
20080413,20,0.0,15.0,11762.1,0.0,0.0
20080413,23,0.0,0.0,0.0,2.0,1271.04
20080413,29,0.0,0.0,0.0,1.0,423.07
20080413,31,0.0,0.0,0.0,1.0,591.23
20080413,76,0.0,0.0,0.0,1.0,456.85
20080413,82,0.0,0.0,0.0,2.0,402.92
20080413,86,0.0,0.0,0.0,1.0,161.92
20080413,95,0.0,0.0,0.0,1.0,717.34
20080413,96,0.0,0.0,0.0,1.0,538.73
20080413,98,0.0,0.0,0.0,2.0,1234.58
20080413,102,0.0,0.0,0.0,1.0,332.35
20080413,104,0.0,0.0,0.0,1.0,322.05
20080413,108,0.0,0.0,0.0,1.0,85.18
20080413,111,0.0,0.0,0.0,1.0,208.82
20080413,115,0.0,0.0,0.0,1.0,194.71
20080413,117,0.0,0.0,0.0,1.0,182.72
20080414,18,0.0,0.0,0.0,1.0,727.97
20080414,20,0.0,0.0,0.0,2.0,1575.82
20080414,21,0.0,0.0,0.0,4.0,2911.24
20080414,22,0.0,0.0,0.0,3.0,2184.54
20080414,25,0.0,0.0,0.0,1.0,1072.11
20080414,31,0.0,0.0,0.0,1.0,593.19
20080414,32,0.0,0.0,0.0,1.0,449.58
20080414,79,0.0,0.0,0.0,1.0,467.99
20080414,82,0.0,17.0,3436.72,0.0,0.0
20080414,88,0.0,0.0,0.0,1.0,807.79
20080414,90,0.0,0.0,0.0,1.0,673.23
20080414,93,0.0,0.0,0.0,2.0,745.64
20080414,95,0.0,0.0,0.0,1.0,720.5
20080414,98,0.0,0.0,0.0,2.0,1237.04
20080414,99,0.0,0.0,0.0,2.0,518.12
20080414,102,0.0,0.0,0.0,1.0,330.89
20080414,103,0.0,0.0,0.0,1.0,273.1
20080414,104,0.0,0.0,0.0,1.0,321.67
20080414,105,0.0,0.0,0.0,2.0,583.16
20080414,111,0.0,0.0,0.0,1.0,209.53
20080414,116,0.0,0.0,0.0,1.0,200.62
20080414,117,0.0,0.0,0.0,1.0,183.03
20080415,18,0.0,0.0,0.0,1.0,725.42
20080415,20,0.0,0.0,0.0,2.0,1568.72
20080415,21,0.0,0.0,0.0,2.0,1461.44
20080415,23,0.0,0.0,0.0,5.0,3190.65
20080415,29,0.0,0.0,0.0,1.0,421.04
20080415,30,0.0,0.0,0.0,3.0,1574.76
20080415,31,0.0,0.0,0.0,1.0,590.52
20080415,32,0.0,0.0,0.0,1.0,447.87
20080415,83,0.0,0.0,0.0,1.0,160.9
20080415,86,0.0,0.0,0.0,1.0,161.51
20080415,89,0.0,0.0,0.0,1.0,694.86
20080415,91,0.0,0.0,0.0,1.0,659.71
20080415,93,0.0,9.0,3371.85,0.0,0.0
20080415,97,0.0,0.0,0.0,2.0,1461.28
20080415,98,0.0,0.0,0.0,1.0,619.88
20080415,102,0.0,0.0,0.0,1.0,329.6
20080415,104,0.0,0.0,0.0,1.0,321.99
20080415,110,0.0,0.0,0.0,1.0,65.4
20080415,111,0.0,0.0,0.0,1.0,209.72
20080415,114,0.0,0.0,0.0,1.0,178.0
20080415,117,0.0,2.0,365.4,1.0,182.7
20080416,18,0.0,18.0,13030.2,1.0,723.9
20080416,19,0.0,0.0,0.0,1.0,739.54
20080416,20,0.0,0.0,0.0,1.0,781.3
20080416,21,0.0,0.0,0.0,1.0,733.57
20080416,22,0.0,0.0,0.0,2.0,1449.24
20080416,23,0.0,19.0,12086.85,1.0,636.15
20080416,28,0.0,0.0,0.0,1.0,944.35
20080416,30,0.0,4.0,2101.16,0.0,0.0
20080416,31,0.0,0.0,0.0,1.0,588.98
20080416,33,0.0,0.0,0.0,1.0,410.07
20080416,78,0.0,0.0,0.0,1.0,657.57
20080416,84,0.0,0.0,0.0,1.0,177.82
20080416,85,0.0,0.0,0.0,1.0,168.74
20080416,87,0.0,0.0,0.0,1.0,168.89
20080416,88,0.0,0.0,0.0,2.0,1618.96
20080416,93,0.0,0.0,0.0,1.0,375.09
20080416,95,0.0,0.0,0.0,2.0,1439.84
20080416,96,0.0,0.0,0.0,3.0,1607.31
20080416,97,0.0,0.0,0.0,1.0,727.13
20080416,99,0.0,0.0,0.0,2.0,519.88
20080416,102,0.0,0.0,0.0,1.0,328.45
20080416,104,0.0,0.0,0.0,1.0,322.96
20080416,115,0.0,0.0,0.0,1.0,194.01
20080416,116,0.0,0.0,0.0,1.0,200.98
20080417,18,0.0,0.0,0.0,3.0,2168.85
20080417,19,0.0,0.0,0.0,1.0,743.02
20080417,22,0.0,0.0,0.0,1.0,723.02
20080417,30,0.0,0.0,0.0,1.0,523.4
20080417,31,0.0,0.0,0.0,2.0,1180.56
20080417,33,0.0,0.0,0.0,2.0,820.38
20080417,78,0.0,0.0,0.0,1.0,660.73
20080417,79,0.0,0.0,0.0,2.0,938.2
20080417,80,0.0,0.0,0.0,1.0,168.71
20080417,82,0.0,0.0,0.0,1.0,202.99
20080417,88,0.0,22.0,17831.88,1.0,810.54
20080417,91,0.0,0.0,0.0,1.0,657.41
20080417,92,0.0,0.0,0.0,2.0,824.34
20080417,95,0.0,0.0,0.0,1.0,719.92
20080417,99,0.0,6.0,1552.14,1.0,258.69
20080417,105,0.0,0.0,0.0,2.0,585.26
20080417,112,0.0,0.0,0.0,1.0,159.61
20080417,113,0.0,0.0,0.0,1.0,198.05
20080417,115,0.0,0.0,0.0,1.0,193.17
20080417,116,0.0,0.0,0.0,2.0,403.1
20080417,117,0.0,0.0,0.0,3.0,550.56
20080417,118,0.0,0.0,0.0,2.0,478.16
20080418,18,0.0,0.0,0.0,3.0,2161.92
20080418,21,0.0,0.0,0.0,2.0,1475.22
20080418,22,0.0,0.0,0.0,1.0,721.36
20080418,24,0.0,0.0,0.0,1.0,1072.89
20080418,26,0.0,0.0,0.0,1.0,923.74
20080418,29,0.0,0.0,0.0,1.0,422.17
20080418,30,0.0,0.0,0.0,2.0,1047.22
20080418,31,0.0,0.0,0.0,3.0,1771.89
20080418,76,0.0,0.0,0.0,3.0,1378.5
20080418,77,0.0,0.0,0.0,1.0,650.05
20080418,88,0.0,0.0,0.0,2.0,1620.26
20080418,89,0.0,0.0,0.0,1.0,691.52
20080418,90,0.0,0.0,0.0,1.0,666.38
20080418,91,0.0,0.0,0.0,2.0,1310.6
20080418,92,0.0,0.0,0.0,1.0,410.15
20080418,97,0.0,0.0,0.0,2.0,1446.86
20080418,98,0.0,0.0,0.0,2.0,1244.1
20080418,103,0.0,0.0,0.0,1.0,272.93
20080418,104,0.0,0.0,0.0,2.0,643.0
20080418,105,0.0,0.0,0.0,2.0,586.6
20080418,114,0.0,0.0,0.0,1.0,177.43
20080418,116,0.0,17.0,3422.95,1.0,201.35
20080418,117,0.0,12.0,2194.56,2.0,365.76
20080418,118,0.0,0.0,0.0,1.0,239.91
20080419,18,0.0,0.0,0.0,3.0,2163.21
20080419,19,0.0,0.0,0.0,3.0,2227.05
20080419,21,0.0,0.0,0.0,2.0,1475.96
20080419,22,0.0,0.0,0.0,2.0,1442.0
20080419,23,0.0,0.0,0.0,1.0,640.93
20080419,25,0.0,0.0,0.0,1.0,1067.49
20080419,26,0.0,0.0,0.0,1.0,921.16
20080419,30,0.0,27.0,14168.52,1.0,524.76
20080419,31,0.0,0.0,0.0,1.0,589.09
20080419,76,0.0,0.0,0.0,1.0,457.38
20080419,78,0.0,0.0,0.0,1.0,659.87
20080419,81,0.0,0.0,0.0,1.0,198.44
20080419,83,0.0,0.0,0.0,1.0,160.7
20080419,84,0.0,0.0,0.0,2.0,353.8
20080419,88,0.0,0.0,0.0,2.0,1612.64
20080419,89,0.0,0.0,0.0,1.0,689.31
20080419,92,0.0,0.0,0.0,1.0,409.41
20080419,93,0.0,0.0,0.0,1.0,378.71
20080419,95,0.0,0.0,0.0,2.0,1434.38
20080419,97,0.0,0.0,0.0,2.0,1447.86
20080419,98,0.0,0.0,0.0,2.0,1248.94
20080419,99,0.0,0.0,0.0,2.0,517.64
20080419,105,0.0,0.0,0.0,1.0,292.19
20080419,106,0.0,0.0,0.0,2.0,159.54
20080419,107,0.0,0.0,0.0,1.0,65.83
20080419,109,0.0,0.0,0.0,1.0,74.84
20080419,110,0.0,0.0,0.0,1.0,65.64
20080419,117,0.0,0.0,0.0,1.0,183.45
20080420,20,0.0,0.0,0.0,1.0,779.41
20080420,21,0.0,26.0,19141.46,3.0,2208.63
20080420,22,0.0,19.0,13644.28,0.0,0.0
20080420,23,0.0,0.0,0.0,1.0,643.56
20080420,28,0.0,0.0,0.0,1.0,946.89
20080420,30,0.0,0.0,0.0,2.0,1045.74
20080420,32,0.0,0.0,0.0,1.0,443.32
20080420,76,0.0,0.0,0.0,1.0,456.24
20080420,79,0.0,0.0,0.0,2.0,942.14
20080420,81,0.0,5.0,988.85,0.0,0.0
20080420,84,0.0,0.0,0.0,1.0,177.78
20080420,87,0.0,0.0,0.0,1.0,168.62
20080420,88,0.0,0.0,0.0,2.0,1606.84
20080420,91,0.0,0.0,0.0,1.0,655.76
20080420,93,0.0,0.0,0.0,1.0,378.44
20080420,96,0.0,0.0,0.0,1.0,542.55
20080420,98,0.0,0.0,0.0,3.0,1870.23
20080420,102,0.0,0.0,0.0,2.0,665.2
20080420,103,0.0,0.0,0.0,1.0,274.13
20080420,107,0.0,0.0,0.0,1.0,66.14
20080420,112,0.0,0.0,0.0,1.0,159.04
20080420,116,0.0,0.0,0.0,1.0,200.0
20080420,117,0.0,0.0,0.0,3.0,552.93
20080420,118,0.0,0.0,0.0,2.0,479.26
20080421,20,0.0,0.0,0.0,1.0,780.89
20080421,21,0.0,0.0,0.0,1.0,733.48
20080421,22,0.0,0.0,0.0,1.0,716.39
20080421,23,0.0,0.0,0.0,2.0,1288.92
20080421,25,0.0,0.0,0.0,1.0,1072.41
20080421,30,0.0,0.0,0.0,1.0,523.23
20080421,33,0.0,0.0,0.0,1.0,411.5
20080421,76,0.0,0.0,0.0,1.0,454.32
20080421,77,0.0,0.0,0.0,1.0,650.5
20080421,79,0.0,0.0,0.0,1.0,472.44
20080421,81,0.0,0.0,0.0,1.0,198.56
20080421,86,0.0,0.0,0.0,1.0,162.01
20080421,88,0.0,0.0,0.0,1.0,803.26
20080421,89,0.0,0.0,0.0,1.0,694.63
20080421,90,0.0,0.0,0.0,1.0,671.12
20080421,91,0.0,0.0,0.0,1.0,657.14
20080421,95,0.0,0.0,0.0,1.0,716.96
20080421,98,0.0,16.0,9925.76,1.0,620.36
20080421,100,0.0,0.0,0.0,1.0,199.99
20080421,102,0.0,0.0,0.0,1.0,332.47
20080421,105,0.0,0.0,0.0,1.0,291.89
20080421,107,0.0,0.0,0.0,1.0,66.02
20080421,115,0.0,0.0,0.0,1.0,194.14
20080421,116,0.0,0.0,0.0,1.0,200.0
20080421,117,0.0,0.0,0.0,1.0,185.12
20080421,118,0.0,0.0,0.0,1.0,240.73
20080422,18,0.0,0.0,0.0,1.0,720.63
20080422,19,0.0,0.0,0.0,1.0,743.01
20080422,22,0.0,0.0,0.0,2.0,1434.64
20080422,25,0.0,0.0,0.0,1.0,1069.51
20080422,29,0.0,0.0,0.0,1.0,419.77
20080422,30,0.0,0.0,0.0,1.0,522.61
20080422,32,0.0,0.0,0.0,2.0,880.18
20080422,75,0.0,0.0,0.0,1.0,385.98
20080422,76,0.0,0.0,0.0,3.0,1359.96
20080422,77,0.0,0.0,0.0,1.0,650.44
20080422,78,0.0,0.0,0.0,1.0,658.02
20080422,80,0.0,0.0,0.0,1.0,166.05
20080422,82,0.0,0.0,0.0,1.0,205.36
20080422,87,0.0,0.0,0.0,1.0,168.67
20080422,88,0.0,0.0,0.0,1.0,804.14
20080422,90,0.0,0.0,0.0,1.0,669.11
20080422,94,0.0,0.0,0.0,3.0,1099.32
20080422,95,0.0,0.0,0.0,1.0,716.74
20080422,96,0.0,0.0,0.0,2.0,1078.92
20080422,97,0.0,0.0,0.0,1.0,719.23
20080422,98,0.0,0.0,0.0,1.0,617.94
20080422,99,0.0,0.0,0.0,1.0,259.83
20080422,100,0.0,3.0,598.23,0.0,0.0
20080422,105,0.0,0.0,0.0,1.0,292.83
20080422,112,0.0,0.0,0.0,1.0,159.08
20080422,113,0.0,0.0,0.0,2.0,394.28
20080422,118,0.0,0.0,0.0,2.0,482.62
20080423,18,0.0,0.0,0.0,1.0,722.21
20080423,19,0.0,0.0,0.0,1.0,740.78
20080423,20,0.0,0.0,0.0,2.0,1563.18
20080423,21,0.0,0.0,0.0,3.0,2185.5
20080423,22,0.0,0.0,0.0,4.0,2873.04
20080423,23,0.0,0.0,0.0,1.0,644.58
20080423,26,0.0,0.0,0.0,1.0,923.35
20080423,29,0.0,0.0,0.0,2.0,837.1
20080423,30,0.0,0.0,0.0,1.0,520.83
20080423,32,0.0,0.0,0.0,1.0,439.6
20080423,33,0.0,0.0,0.0,3.0,1233.15
20080423,76,0.0,16.0,7235.04,0.0,0.0
20080423,77,0.0,0.0,0.0,1.0,653.1
20080423,78,0.0,0.0,0.0,1.0,654.86
20080423,80,0.0,0.0,0.0,1.0,165.46
20080423,81,0.0,0.0,0.0,1.0,199.03
20080423,89,0.0,0.0,0.0,2.0,1390.92
20080423,91,0.0,0.0,0.0,1.0,654.64
20080423,95,0.0,0.0,0.0,1.0,714.45
20080423,96,0.0,0.0,0.0,1.0,538.65
20080423,97,0.0,0.0,0.0,1.0,717.22
20080423,98,0.0,0.0,0.0,1.0,619.61
20080423,99,0.0,0.0,0.0,1.0,259.6
20080423,103,0.0,0.0,0.0,1.0,274.89
20080423,116,0.0,0.0,0.0,3.0,595.44
20080423,117,0.0,0.0,0.0,1.0,185.3
20080423,118,0.0,0.0,0.0,1.0,240.85
20080424,18,0.0,0.0,0.0,5.0,3598.45
20080424,20,0.0,0.0,0.0,1.0,783.93
20080424,21,0.0,0.0,0.0,3.0,2176.32
20080424,23,0.0,0.0,0.0,3.0,1933.53
20080424,26,0.0,0.0,0.0,1.0,921.13
20080424,29,0.0,0.0,0.0,1.0,420.6
20080424,30,0.0,0.0,0.0,3.0,1569.99
20080424,31,0.0,0.0,0.0,1.0,590.27
20080424,33,0.0,0.0,0.0,2.0,824.64
20080424,76,0.0,0.0,0.0,1.0,453.18
20080424,88,0.0,0.0,0.0,1.0,811.64
20080424,90,0.0,0.0,0.0,2.0,1347.2
20080424,96,0.0,0.0,0.0,2.0,1080.76
20080424,99,0.0,15.0,3898.95,2.0,519.86
20080424,103,0.0,0.0,0.0,1.0,274.7
20080424,104,0.0,0.0,0.0,1.0,321.79
20080424,116,0.0,0.0,0.0,1.0,199.22
20080425,18,0.0,0.0,0.0,2.0,1445.14
20080425,21,0.0,0.0,0.0,1.0,729.07
20080425,24,0.0,0.0,0.0,1.0,1057.52
20080425,26,0.0,0.0,0.0,1.0,919.57
20080425,28,0.0,0.0,0.0,2.0,1894.88
20080425,29,0.0,0.0,0.0,1.0,421.53
20080425,31,0.0,0.0,0.0,2.0,1179.72
20080425,32,0.0,0.0,0.0,2.0,877.44
20080425,33,0.0,0.0,0.0,1.0,412.61
20080425,75,0.0,0.0,0.0,1.0,386.64
20080425,77,0.0,0.0,0.0,1.0,650.81
20080425,78,0.0,0.0,0.0,2.0,1317.98
20080425,79,0.0,0.0,0.0,1.0,476.89
20080425,84,0.0,0.0,0.0,1.0,177.76
20080425,91,0.0,0.0,0.0,1.0,659.03
20080425,95,0.0,0.0,0.0,1.0,714.3
20080425,96,0.0,23.0,12443.69,0.0,0.0
20080425,98,0.0,0.0,0.0,1.0,618.92
20080425,107,0.0,0.0,0.0,1.0,65.83
20080425,115,0.0,0.0,0.0,1.0,196.15
20080425,116,0.0,0.0,0.0,4.0,800.52
20080425,117,0.0,0.0,0.0,5.0,924.85
20080425,118,0.0,0.0,0.0,2.0,481.5
20080426,18,0.0,11.0,7987.21,3.0,2178.33
20080426,19,0.0,0.0,0.0,2.0,1485.1
20080426,21,0.0,0.0,0.0,1.0,731.26
20080426,22,0.0,0.0,0.0,2.0,1441.1
20080426,23,0.0,0.0,0.0,1.0,645.28
20080426,31,0.0,8.0,4733.92,0.0,0.0
20080426,32,0.0,0.0,0.0,3.0,1318.53
20080426,33,0.0,0.0,0.0,2.0,828.94
20080426,75,0.0,0.0,0.0,2.0,776.22
20080426,76,0.0,0.0,0.0,1.0,453.09
20080426,77,0.0,23.0,14962.65,0.0,0.0
20080426,78,0.0,14.0,9194.5,0.0,0.0
20080426,79,0.0,0.0,0.0,2.0,951.2
20080426,84,0.0,0.0,0.0,1.0,177.07
20080426,86,0.0,0.0,0.0,1.0,163.64
20080426,87,0.0,0.0,0.0,1.0,169.06
20080426,89,0.0,0.0,0.0,1.0,692.82
20080426,92,0.0,0.0,0.0,1.0,414.42
20080426,95,0.0,0.0,0.0,1.0,714.3
20080426,96,0.0,0.0,0.0,1.0,542.11
20080426,98,0.0,0.0,0.0,1.0,617.31
20080426,99,0.0,0.0,0.0,2.0,519.04
20080426,102,0.0,0.0,0.0,1.0,332.23
20080426,104,0.0,0.0,0.0,1.0,321.91
20080426,106,0.0,0.0,0.0,1.0,79.91
20080426,108,0.0,0.0,0.0,1.0,86.29
20080426,112,0.0,0.0,0.0,1.0,160.1
20080426,113,0.0,0.0,0.0,1.0,198.36
20080426,116,0.0,0.0,0.0,1.0,199.67
20080426,117,0.0,23.0,4242.35,0.0,0.0
20080426,118,0.0,27.0,6488.37,2.0,480.62
20080427,18,0.0,0.0,0.0,5.0,3614.55
20080427,19,0.0,0.0,0.0,3.0,2231.46
20080427,20,0.0,0.0,0.0,3.0,2365.95
20080427,21,0.0,0.0,0.0,1.0,729.36
20080427,23,0.0,0.0,0.0,1.0,647.41
20080427,24,0.0,0.0,0.0,1.0,1057.51
20080427,25,0.0,0.0,0.0,1.0,1056.94
20080427,26,0.0,0.0,0.0,2.0,1834.18
20080427,29,0.0,0.0,0.0,1.0,424.95
20080427,76,0.0,0.0,0.0,1.0,453.18
20080427,77,0.0,0.0,0.0,1.0,651.14
20080427,80,0.0,0.0,0.0,1.0,165.73
20080427,84,0.0,0.0,0.0,1.0,176.24
20080427,88,0.0,0.0,0.0,4.0,3260.84
20080427,89,0.0,0.0,0.0,1.0,692.54
20080427,90,0.0,0.0,0.0,2.0,1337.52
20080427,91,0.0,0.0,0.0,1.0,662.13
20080427,95,0.0,0.0,0.0,1.0,714.59
20080427,96,0.0,0.0,0.0,1.0,544.11
20080427,97,0.0,0.0,0.0,1.0,718.07
20080427,98,0.0,0.0,0.0,2.0,1236.22
20080427,105,0.0,0.0,0.0,1.0,291.33
20080427,113,0.0,0.0,0.0,1.0,198.2
20080427,116,0.0,0.0,0.0,1.0,199.79
20080427,117,0.0,0.0,0.0,1.0,185.1
20080427,118,0.0,0.0,0.0,3.0,723.12
20080428,18,0.0,0.0,0.0,1.0,725.73
20080428,19,0.0,21.0,15557.64,1.0,740.84
20080428,21,0.0,0.0,0.0,4.0,2913.64
20080428,22,0.0,0.0,0.0,2.0,1445.58
20080428,23,0.0,0.0,0.0,2.0,1294.04
20080428,27,0.0,0.0,0.0,1.0,953.85
20080428,29,0.0,0.0,0.0,1.0,426.39
20080428,30,0.0,0.0,0.0,1.0,522.28
20080428,32,0.0,0.0,0.0,1.0,439.64
20080428,75,0.0,0.0,0.0,1.0,389.07
20080428,76,0.0,0.0,0.0,2.0,907.62
20080428,79,0.0,0.0,0.0,2.0,950.82
20080428,80,0.0,0.0,0.0,1.0,165.17
20080428,86,0.0,0.0,0.0,1.0,163.72
20080428,89,0.0,0.0,0.0,1.0,693.03
20080428,90,0.0,0.0,0.0,1.0,671.1
20080428,91,0.0,0.0,0.0,1.0,659.22
20080428,92,0.0,0.0,0.0,1.0,415.13
20080428,94,0.0,0.0,0.0,1.0,366.84
20080428,96,0.0,0.0,0.0,1.0,541.67
20080428,97,0.0,0.0,0.0,1.0,715.7
20080428,98,0.0,0.0,0.0,1.0,618.67
20080428,99,0.0,0.0,0.0,2.0,520.44
20080428,105,0.0,0.0,0.0,1.0,292.64
20080428,110,0.0,0.0,0.0,1.0,64.63
20080428,116,0.0,0.0,0.0,1.0,199.01
20080428,117,0.0,0.0,0.0,1.0,185.54
20080428,118,0.0,0.0,0.0,1.0,241.23
20080429,19,0.0,0.0,0.0,4.0,2975.52
20080429,20,0.0,0.0,0.0,2.0,1568.32
20080429,21,0.0,0.0,0.0,4.0,2916.84
20080429,22,0.0,0.0,0.0,1.0,719.75
20080429,23,0.0,0.0,0.0,1.0,647.8
20080429,24,0.0,0.0,0.0,1.0,1061.11
20080429,27,0.0,0.0,0.0,1.0,954.14
20080429,28,0.0,0.0,0.0,1.0,959.62
20080429,29,0.0,0.0,0.0,1.0,426.01
20080429,30,0.0,0.0,0.0,1.0,524.63
20080429,31,0.0,0.0,0.0,1.0,589.02
20080429,77,0.0,0.0,0.0,1.0,649.05
20080429,95,0.0,0.0,0.0,1.0,715.15
20080429,97,0.0,0.0,0.0,1.0,714.56
20080429,98,0.0,0.0,0.0,1.0,618.67
20080429,103,0.0,0.0,0.0,1.0,272.78
20080429,105,0.0,0.0,0.0,3.0,878.73
20080429,116,0.0,0.0,0.0,1.0,198.95
20080429,117,0.0,0.0,0.0,1.0,185.06
20080429,118,0.0,0.0,0.0,2.0,480.68
20080430,18,0.0,0.0,0.0,3.0,2190.06
20080430,19,0.0,0.0,0.0,2.0,1488.36
20080430,20,0.0,18.0,14073.84,1.0,781.88
20080430,21,0.0,0.0,0.0,3.0,2194.41
20080430,22,0.0,0.0,0.0,1.0,723.35
20080430,25,0.0,0.0,0.0,1.0,1052.9
20080430,26,0.0,0.0,0.0,1.0,919.19
20080430,27,0.0,0.0,0.0,2.0,1909.42
20080430,28,0.0,0.0,0.0,1.0,959.43
20080430,29,0.0,0.0,0.0,1.0,425.24
20080430,30,0.0,0.0,0.0,2.0,1050.62
20080430,31,0.0,0.0,0.0,1.0,591.55
20080430,32,0.0,0.0,0.0,1.0,441.05
20080430,33,0.0,0.0,0.0,1.0,412.36
20080430,75,0.0,0.0,0.0,1.0,390.79
20080430,93,0.0,0.0,0.0,1.0,382.56
20080430,96,0.0,0.0,0.0,2.0,1082.58
20080430,104,0.0,0.0,0.0,1.0,321.14
20080430,112,0.0,0.0,0.0,1.0,159.1
20080430,113,0.0,0.0,0.0,1.0,196.54
20080430,114,0.0,0.0,0.0,1.0,178.81
20080430,115,0.0,0.0,0.0,1.0,197.36
20080430,116,0.0,0.0,0.0,1.0,199.81
20080430,117,0.0,0.0,0.0,1.0,185.93
20080430,118,0.0,0.0,0.0,1.0,240.58
20080501,1,0.0,0.0,0.0,15.0,6652.35
20080501,2,0.0,0.0,0.0,18.0,9316.8
20080501,6,0.0,0.0,0.0,22.0,2689.06
20080501,11,0.0,0.0,0.0,57.0,9135.96
20080501,12,0.0,0.0,0.0,14.0,5592.58
20080501,13,0.0,0.0,0.0,23.0,10668.78
20080501,14,0.0,0.0,0.0,44.0,15123.68
20080501,16,0.0,0.0,0.0,23.0,9283.49
20080501,17,0.0,0.0,0.0,53.0,23651.78
20080501,18,0.0,27.0,19635.48,81.0,58906.44
20080501,19,0.0,0.0,0.0,88.0,65736.0
20080501,20,0.0,0.0,0.0,67.0,52286.8
20080501,21,0.0,0.0,0.0,115.0,83748.75
20080501,22,0.0,0.0,0.0,78.0,56365.14
20080501,23,0.0,0.0,0.0,66.0,42694.74
20080501,24,0.0,0.0,0.0,38.0,40321.04
20080501,25,0.0,0.0,0.0,55.0,58112.45
20080501,26,0.0,16.0,14651.2,46.0,42122.2
20080501,27,0.0,0.0,0.0,46.0,43999.92
20080501,28,0.0,0.0,0.0,32.0,30741.76
20080501,29,0.0,0.0,0.0,64.0,27286.4
20080501,30,0.0,0.0,0.0,59.0,30841.07
20080501,31,0.0,0.0,0.0,45.0,26489.25
20080501,32,0.0,14.0,6193.18,47.0,20791.39
20080501,33,0.0,4.0,1653.88,64.0,26462.08
20080501,34,0.0,0.0,0.0,46.0,9701.86
20080501,37,0.0,0.0,0.0,59.0,11215.9
20080501,38,0.0,0.0,0.0,34.0,8471.44
20080501,40,0.0,0.0,0.0,13.0,7304.57
20080501,43,0.0,0.0,0.0,44.0,12664.08
20080501,44,0.0,0.0,0.0,34.0,3882.46
20080501,45,0.0,0.0,0.0,15.0,5022.0
20080501,46,0.0,0.0,0.0,10.0,3429.2
20080501,47,0.0,0.0,0.0,52.0,16935.88
20080501,48,0.0,0.0,0.0,17.0,5852.76
20080501,49,0.0,0.0,0.0,14.0,4579.54
20080501,50,0.0,0.0,0.0,42.0,12596.64
20080501,51,0.0,0.0,0.0,36.0,12475.08
20080501,52,0.0,0.0,0.0,29.0,3165.35
20080501,53,0.0,0.0,0.0,20.0,2630.8
20080501,56,0.0,0.0,0.0,22.0,2433.2
20080501,57,0.0,0.0,0.0,24.0,2558.64
20080501,61,0.0,0.0,0.0,76.0,9161.04
20080501,62,0.0,0.0,0.0,46.0,5620.74
20080501,63,0.0,0.0,0.0,13.0,1616.68
20080501,64,0.0,0.0,0.0,52.0,4039.88
20080501,65,0.0,0.0,0.0,52.0,5025.8
20080501,67,0.0,0.0,0.0,33.0,2628.12
20080501,68,0.0,0.0,0.0,26.0,1892.54
20080501,69,0.0,0.0,0.0,51.0,3873.96
20080501,70,0.0,0.0,0.0,45.0,4308.3
20080501,74,0.0,0.0,0.0,30.0,2756.7
20080501,75,0.0,0.0,0.0,73.0,28650.31
20080501,76,0.0,0.0,0.0,91.0,41189.33
20080501,77,0.0,0.0,0.0,45.0,29271.6
20080501,78,0.0,0.0,0.0,15.0,9945.15
20080501,79,0.0,0.0,0.0,83.0,39556.97
20080501,80,0.0,0.0,0.0,49.0,8116.36
20080501,81,0.0,0.0,0.0,28.0,5474.28
20080501,82,0.0,0.0,0.0,9.0,1879.11
20080501,83,0.0,0.0,0.0,82.0,13071.62
20080501,84,0.0,0.0,0.0,45.0,7903.35
20080501,85,0.0,0.0,0.0,38.0,6287.1
20080501,86,0.0,0.0,0.0,16.0,2593.6
20080501,87,0.0,0.0,0.0,77.0,13237.84
20080501,88,0.0,0.0,0.0,58.0,47541.44
20080501,89,0.0,0.0,0.0,43.0,29817.49
20080501,90,0.0,0.0,0.0,8.0,5384.88
20080501,91,0.0,0.0,0.0,83.0,54643.88
20080501,92,0.0,0.0,0.0,34.0,14056.28
20080501,93,0.0,0.0,0.0,18.0,6853.68
20080501,94,0.0,0.0,0.0,90.0,33260.4
20080501,95,0.0,0.0,0.0,120.0,86101.2
20080501,96,0.0,0.0,0.0,68.0,36836.96
20080501,97,0.0,0.0,0.0,40.0,28528.0
20080501,98,0.0,0.0,0.0,137.0,84630.38
20080501,99,0.0,0.0,0.0,55.0,14214.75
20080501,100,0.0,0.0,0.0,21.0,4181.52
20080501,101,0.0,0.0,0.0,56.0,9274.16
20080501,102,0.0,0.0,0.0,21.0,7009.59
20080501,103,0.0,0.0,0.0,57.0,15591.78
20080501,104,0.0,0.0,0.0,22.0,7076.3
20080501,105,0.0,0.0,0.0,20.0,5849.4
20080501,106,0.0,0.0,0.0,36.0,2899.08
20080501,107,0.0,0.0,0.0,45.0,2975.85
20080501,108,0.0,0.0,0.0,35.0,3046.05
20080501,109,0.0,0.0,0.0,47.0,3416.43
20080501,110,0.0,0.0,0.0,41.0,2655.57
20080501,111,0.0,0.0,0.0,16.0,3295.52
20080501,112,0.0,0.0,0.0,24.0,3804.48
20080501,113,0.0,10.0,1964.8,17.0,3340.16
20080501,114,0.0,0.0,0.0,37.0,6602.28
20080501,115,0.0,0.0,0.0,15.0,2968.05
20080501,116,0.0,0.0,0.0,37.0,7423.31
20080501,117,0.0,0.0,0.0,112.0,20732.32
20080501,118,0.0,0.0,0.0,89.0,21419.63
20080502,14,0.0,45.0,15435.0,0.0,0.0
20080502,16,0.0,122.0,49341.68,0.0,0.0
20080502,17,0.0,42.0,18727.8,0.0,0.0
20080502,18,0.0,82.0,59806.7,1.0,729.35
20080502,19,0.0,84.0,62760.6,0.0,0.0
20080502,20,0.0,73.0,56974.31,1.0,780.47
20080502,21,0.0,136.0,99368.4,0.0,0.0
20080502,22,0.0,84.0,60597.6,1.0,721.4
20080502,23,0.0,68.0,44164.64,3.0,1948.44
20080502,24,0.0,50.0,52980.0,0.0,0.0
20080502,25,0.0,57.0,60111.06,0.0,0.0
20080502,26,0.0,37.0,33843.53,0.0,0.0
20080502,27,0.0,43.0,41097.68,0.0,0.0
20080502,28,0.0,29.0,27778.81,0.0,0.0
20080502,29,0.0,75.0,31950.75,2.0,852.02
20080502,30,0.0,62.0,32435.3,1.0,523.15
20080502,31,0.0,58.0,34295.4,4.0,2365.2
20080502,32,0.0,48.0,21129.6,0.0,0.0
20080502,33,0.0,71.0,29450.09,0.0,0.0
20080502,34,0.0,6.0,1265.1,0.0,0.0
20080502,37,0.0,127.0,24164.29,0.0,0.0
20080502,44,0.0,119.0,13523.16,0.0,0.0
20080502,47,0.0,130.0,42450.2,0.0,0.0
20080502,50,0.0,55.0,16578.1,0.0,0.0
20080502,57,0.0,116.0,12416.64,0.0,0.0
20080502,61,0.0,182.0,22045.66,0.0,0.0
20080502,62,0.0,134.0,16373.46,0.0,0.0
20080502,65,0.0,80.0,7703.2,0.0,0.0
20080502,67,0.0,102.0,8164.08,0.0,0.0
20080502,68,0.0,92.0,6718.76,0.0,0.0
20080502,69,0.0,57.0,4321.74,0.0,0.0
20080502,70,0.0,81.0,7780.05,0.0,0.0
20080502,75,0.0,88.0,34447.6,0.0,0.0
20080502,76,0.0,93.0,42275.94,0.0,0.0
20080502,77,0.0,39.0,25340.64,0.0,0.0
20080502,78,0.0,17.0,11229.35,0.0,0.0
20080502,79,0.0,76.0,36376.64,0.0,0.0
20080502,80,0.0,72.0,11933.28,0.0,0.0
20080502,81,0.0,48.0,9398.88,0.0,0.0
20080502,83,0.0,78.0,12455.04,0.0,0.0
20080502,84,0.0,49.0,8613.22,0.0,0.0
20080502,85,0.0,34.0,5642.3,0.0,0.0
20080502,86,0.0,21.0,3420.48,0.0,0.0
20080502,87,0.0,81.0,13861.53,0.0,0.0
20080502,88,0.0,73.0,59908.91,0.0,0.0
20080502,89,0.0,57.0,39470.22,0.0,0.0
20080502,91,0.0,104.0,68305.12,1.0,656.78
20080502,92,0.0,38.0,15642.32,0.0,0.0
20080502,93,0.0,40.0,15294.4,0.0,0.0
20080502,94,0.0,83.0,30605.42,0.0,0.0
20080502,95,0.0,126.0,90216.0,0.0,0.0
20080502,96,0.0,61.0,33117.51,1.0,542.91
20080502,97,0.0,55.0,39198.5,0.0,0.0
20080502,98,0.0,140.0,86380.0,1.0,617.0
20080502,99,0.0,50.0,12957.5,1.0,259.15
20080502,100,0.0,27.0,5367.87,0.0,0.0
20080502,101,0.0,73.0,12094.64,0.0,0.0
20080502,102,0.0,30.0,10044.6,1.0,334.82
20080502,103,0.0,74.0,20236.04,1.0,273.46
20080502,104,0.0,15.0,4833.0,0.0,0.0
20080502,105,0.0,34.0,9945.0,1.0,292.5
20080502,106,0.0,49.0,3932.74,0.0,0.0
20080502,107,0.0,36.0,2377.8,0.0,0.0
20080502,108,0.0,53.0,4608.88,0.0,0.0
20080502,109,0.0,63.0,4598.37,0.0,0.0
20080502,110,0.0,42.0,2729.16,0.0,0.0
20080502,111,0.0,9.0,1861.83,0.0,0.0
20080502,112,0.0,24.0,3790.8,0.0,0.0
20080502,113,0.0,9.0,1762.02,0.0,0.0
20080502,114,0.0,45.0,7999.2,1.0,177.76
20080502,115,0.0,32.0,6321.28,0.0,0.0
20080502,116,0.0,60.0,12089.4,0.0,0.0
20080502,117,0.0,105.0,19452.3,0.0,0.0
20080502,118,0.0,97.0,23351.78,1.0,240.74
20080503,18,0.0,0.0,0.0,1.0,727.67
20080503,19,0.0,0.0,0.0,2.0,1494.6
20080503,20,0.0,0.0,0.0,1.0,777.74
20080503,21,0.0,0.0,0.0,1.0,728.24
20080503,22,0.0,0.0,0.0,1.0,719.02
20080503,26,0.0,0.0,0.0,1.0,911.04
20080503,27,0.0,0.0,0.0,1.0,954.9
20080503,29,0.0,0.0,0.0,1.0,424.47
20080503,30,0.0,0.0,0.0,1.0,521.79
20080503,31,0.0,0.0,0.0,2.0,1183.9
20080503,32,0.0,0.0,0.0,1.0,438.22
20080503,75,0.0,0.0,0.0,1.0,391.68
20080503,77,0.0,0.0,0.0,1.0,649.38
20080503,84,0.0,0.0,0.0,2.0,352.18
20080503,88,0.0,0.0,0.0,3.0,2469.15
20080503,89,0.0,0.0,0.0,2.0,1388.38
20080503,93,0.0,0.0,0.0,1.0,383.62
20080503,95,0.0,0.0,0.0,1.0,716.14
20080503,96,0.0,0.0,0.0,1.0,541.28
20080503,98,0.0,0.0,0.0,1.0,616.01
20080503,99,0.0,0.0,0.0,1.0,258.71
20080503,102,0.0,0.0,0.0,3.0,1003.26
20080503,103,0.0,0.0,0.0,2.0,545.94
20080503,104,0.0,0.0,0.0,2.0,643.88
20080503,108,0.0,0.0,0.0,1.0,86.8
20080503,114,0.0,0.0,0.0,1.0,178.02
20080503,116,0.0,0.0,0.0,2.0,402.18
20080503,118,0.0,0.0,0.0,2.0,480.96
20080504,18,0.0,0.0,0.0,1.0,726.8
20080504,20,0.0,0.0,0.0,1.0,779.92
20080504,22,0.0,0.0,0.0,2.0,1442.5
20080504,23,0.0,0.0,0.0,2.0,1297.0
20080504,27,0.0,0.0,0.0,1.0,950.7
20080504,32,0.0,0.0,0.0,2.0,877.76
20080504,33,0.0,0.0,0.0,1.0,412.14
20080504,76,0.0,0.0,0.0,1.0,451.4
20080504,78,0.0,0.0,0.0,1.0,665.52
20080504,79,0.0,0.0,0.0,2.0,959.58
20080504,80,0.0,0.0,0.0,1.0,166.37
20080504,82,0.0,0.0,0.0,1.0,207.97
20080504,85,0.0,0.0,0.0,2.0,329.8
20080504,86,0.0,0.0,0.0,1.0,162.8
20080504,88,0.0,0.0,0.0,2.0,1647.74
20080504,95,0.0,0.0,0.0,1.0,717.36
20080504,96,0.0,0.0,0.0,1.0,543.77
20080504,97,0.0,0.0,0.0,2.0,1434.96
20080504,98,0.0,0.0,0.0,1.0,615.58
20080504,99,0.0,0.0,0.0,1.0,259.3
20080504,100,0.0,0.0,0.0,1.0,198.65
20080504,103,0.0,0.0,0.0,1.0,271.68
20080504,104,0.0,0.0,0.0,1.0,320.75
20080504,109,0.0,0.0,0.0,1.0,72.49
20080504,112,0.0,0.0,0.0,1.0,158.41
20080504,116,0.0,0.0,0.0,1.0,201.41
20080504,118,0.0,0.0,0.0,5.0,1202.9
20080505,18,0.0,0.0,0.0,3.0,2172.12
20080505,19,0.0,0.0,0.0,1.0,750.14
20080505,20,0.0,0.0,0.0,2.0,1564.52
20080505,21,0.0,0.0,0.0,2.0,1454.0
20080505,22,0.0,0.0,0.0,3.0,2165.04
20080505,23,0.0,4.0,2598.4,1.0,649.6
20080505,28,0.0,0.0,0.0,2.0,1928.44
20080505,30,0.0,0.0,0.0,2.0,1042.02
20080505,31,0.0,0.0,0.0,1.0,591.77
20080505,75,0.0,0.0,0.0,1.0,391.64
20080505,76,0.0,0.0,0.0,1.0,453.66
20080505,78,0.0,0.0,0.0,1.0,664.45
20080505,79,0.0,14.0,6720.98,1.0,480.07
20080505,82,0.0,0.0,0.0,1.0,207.64
20080505,90,0.0,0.0,0.0,1.0,669.01
20080505,91,0.0,0.0,0.0,1.0,654.15
20080505,93,0.0,0.0,0.0,3.0,1147.05
20080505,94,0.0,0.0,0.0,1.0,369.88
20080505,95,0.0,0.0,0.0,2.0,1434.86
20080505,96,0.0,0.0,0.0,1.0,542.3
20080505,98,0.0,0.0,0.0,1.0,614.84
20080505,99,0.0,0.0,0.0,1.0,259.02
20080505,106,0.0,0.0,0.0,1.0,80.59
20080505,109,0.0,0.0,0.0,1.0,72.79
20080505,116,0.0,0.0,0.0,2.0,403.3
20080505,117,0.0,0.0,0.0,3.0,553.5
20080505,118,0.0,0.0,0.0,2.0,482.84
20080506,18,0.0,0.0,0.0,3.0,2166.24
20080506,19,0.0,0.0,0.0,1.0,747.96
20080506,21,0.0,0.0,0.0,2.0,1448.04
20080506,22,0.0,0.0,0.0,1.0,720.38
20080506,23,0.0,0.0,0.0,1.0,648.82
20080506,27,0.0,0.0,0.0,1.0,953.16
20080506,29,0.0,0.0,0.0,1.0,424.34
20080506,30,0.0,0.0,0.0,2.0,1041.6
20080506,31,0.0,0.0,0.0,1.0,592.65
20080506,33,0.0,0.0,0.0,2.0,827.26
20080506,75,0.0,0.0,0.0,1.0,390.59
20080506,78,0.0,0.0,0.0,1.0,662.99
20080506,79,0.0,0.0,0.0,1.0,480.75
20080506,80,0.0,0.0,0.0,1.0,166.29
20080506,85,0.0,0.0,0.0,1.0,164.64
20080506,89,0.0,0.0,0.0,1.0,699.2
20080506,90,0.0,24.0,16044.96,0.0,0.0
20080506,91,0.0,0.0,0.0,1.0,655.19
20080506,94,0.0,0.0,0.0,1.0,371.4
20080506,97,0.0,0.0,0.0,2.0,1431.66
20080506,99,0.0,16.0,4159.2,2.0,519.9
20080506,100,0.0,0.0,0.0,1.0,199.16
20080506,102,0.0,0.0,0.0,1.0,334.88
20080506,105,0.0,0.0,0.0,1.0,295.81
20080506,108,0.0,0.0,0.0,1.0,86.98
20080506,110,0.0,0.0,0.0,1.0,65.44
20080506,111,0.0,0.0,0.0,1.0,205.45
20080506,116,0.0,0.0,0.0,1.0,202.52
20080506,117,0.0,0.0,0.0,2.0,369.66
20080506,118,0.0,0.0,0.0,3.0,724.47
20080507,18,0.0,0.0,0.0,1.0,721.36
20080507,19,0.0,0.0,0.0,1.0,746.39
20080507,20,0.0,0.0,0.0,3.0,2336.46
20080507,21,0.0,0.0,0.0,2.0,1454.86
20080507,22,0.0,0.0,0.0,4.0,2872.88
20080507,23,0.0,0.0,0.0,2.0,1294.02
20080507,29,0.0,0.0,0.0,1.0,426.0
20080507,30,0.0,0.0,0.0,2.0,1036.7
20080507,31,0.0,0.0,0.0,1.0,591.88
20080507,32,0.0,0.0,0.0,2.0,878.2
20080507,77,0.0,0.0,0.0,1.0,651.12
20080507,79,0.0,0.0,0.0,1.0,482.43
20080507,82,0.0,0.0,0.0,1.0,206.72
20080507,85,0.0,0.0,0.0,1.0,164.19
20080507,88,0.0,0.0,0.0,1.0,820.4
20080507,90,0.0,0.0,0.0,1.0,666.87
20080507,93,0.0,0.0,0.0,1.0,382.61
20080507,94,0.0,0.0,0.0,1.0,371.84
20080507,95,0.0,0.0,0.0,1.0,720.66
20080507,96,0.0,0.0,0.0,3.0,1625.43
20080507,97,0.0,0.0,0.0,2.0,1429.66
20080507,98,0.0,0.0,0.0,2.0,1224.64
20080507,99,0.0,0.0,0.0,1.0,259.77
20080507,102,0.0,0.0,0.0,1.0,333.78
20080507,105,0.0,0.0,0.0,1.0,294.87
20080507,107,0.0,0.0,0.0,1.0,66.41
20080507,117,0.0,0.0,0.0,1.0,185.07
20080508,18,0.0,0.0,0.0,4.0,2876.8
20080508,19,0.0,0.0,0.0,2.0,1487.72
20080508,20,0.0,0.0,0.0,2.0,1561.54
20080508,21,0.0,0.0,0.0,1.0,729.32
20080508,22,0.0,13.0,9354.54,1.0,719.58
20080508,23,0.0,24.0,15581.04,3.0,1947.63
20080508,26,0.0,0.0,0.0,1.0,913.02
20080508,27,0.0,0.0,0.0,1.0,954.96
20080508,30,0.0,0.0,0.0,1.0,520.37
20080508,31,0.0,0.0,0.0,1.0,593.01
20080508,32,0.0,0.0,0.0,1.0,437.08
20080508,75,0.0,0.0,0.0,1.0,392.15
20080508,90,0.0,0.0,0.0,1.0,665.2
20080508,92,0.0,0.0,0.0,1.0,414.81
20080508,97,0.0,0.0,0.0,1.0,716.83
20080508,99,0.0,0.0,0.0,2.0,519.86
20080508,100,0.0,0.0,0.0,2.0,395.42
20080508,101,0.0,0.0,0.0,1.0,164.83
20080508,102,0.0,0.0,0.0,1.0,335.01
20080508,104,0.0,0.0,0.0,1.0,322.55
20080508,105,0.0,0.0,0.0,1.0,293.87
20080508,106,0.0,0.0,0.0,1.0,81.22
20080508,107,0.0,0.0,0.0,1.0,66.63
20080508,113,0.0,0.0,0.0,1.0,195.46
20080508,114,0.0,0.0,0.0,1.0,179.29
20080508,116,0.0,0.0,0.0,1.0,201.55
20080508,117,0.0,0.0,0.0,2.0,371.36
20080508,118,0.0,0.0,0.0,1.0,242.84
20080509,18,0.0,0.0,0.0,1.0,716.75
20080509,19,0.0,0.0,0.0,2.0,1485.78
20080509,20,0.0,0.0,0.0,1.0,783.5
20080509,21,0.0,0.0,0.0,2.0,1462.28
20080509,22,0.0,0.0,0.0,5.0,3591.8
20080509,23,0.0,0.0,0.0,3.0,1949.16
20080509,30,0.0,0.0,0.0,1.0,522.04
20080509,31,0.0,0.0,0.0,3.0,1782.93
20080509,32,0.0,0.0,0.0,2.0,875.12
20080509,33,0.0,0.0,0.0,1.0,415.03
20080509,76,0.0,0.0,0.0,2.0,900.08
20080509,77,0.0,0.0,0.0,1.0,650.73
20080509,78,0.0,0.0,0.0,1.0,660.73
20080509,82,0.0,0.0,0.0,2.0,413.58
20080509,89,0.0,0.0,0.0,1.0,700.81
20080509,91,0.0,0.0,0.0,1.0,657.68
20080509,93,0.0,0.0,0.0,1.0,381.31
20080509,94,0.0,0.0,0.0,1.0,373.48
20080509,97,0.0,0.0,0.0,1.0,718.77
20080509,99,0.0,0.0,0.0,1.0,260.84
20080509,101,0.0,0.0,0.0,1.0,165.49
20080509,102,0.0,0.0,0.0,1.0,335.42
20080509,104,0.0,0.0,0.0,1.0,321.16
20080509,109,0.0,0.0,0.0,1.0,72.04
20080509,115,0.0,0.0,0.0,1.0,199.26
20080509,116,0.0,0.0,0.0,1.0,200.98
20080509,118,0.0,0.0,0.0,2.0,483.6
20080510,18,0.0,0.0,0.0,1.0,718.54
20080510,19,0.0,0.0,0.0,1.0,745.04
20080510,20,0.0,0.0,0.0,2.0,1562.62
20080510,22,0.0,0.0,0.0,3.0,2164.98
20080510,23,0.0,0.0,0.0,4.0,2597.36
20080510,29,0.0,0.0,0.0,1.0,428.6
20080510,30,0.0,0.0,0.0,1.0,523.61
20080510,31,0.0,0.0,0.0,1.0,592.71
20080510,33,0.0,0.0,0.0,1.0,416.94
20080510,79,0.0,0.0,0.0,2.0,974.14
20080510,85,0.0,0.0,0.0,1.0,163.99
20080510,90,0.0,0.0,0.0,1.0,665.07
20080510,93,0.0,0.0,0.0,2.0,763.76
20080510,95,0.0,0.0,0.0,1.0,723.19
20080510,97,0.0,0.0,0.0,1.0,720.71
20080510,102,0.0,0.0,0.0,1.0,337.03
20080510,105,0.0,0.0,0.0,2.0,587.26
20080510,116,0.0,0.0,0.0,1.0,200.72
20080510,117,0.0,0.0,0.0,1.0,185.2
20080510,118,0.0,0.0,0.0,1.0,241.51
20080511,18,0.0,0.0,0.0,2.0,1434.5
20080511,19,0.0,26.0,19468.02,4.0,2995.08
20080511,20,0.0,0.0,0.0,3.0,2339.01
20080511,21,0.0,0.0,0.0,2.0,1467.4
20080511,22,0.0,0.0,0.0,2.0,1440.3
20080511,24,0.0,0.0,0.0,1.0,1062.54
20080511,25,0.0,0.0,0.0,1.0,1059.4
20080511,27,0.0,0.0,0.0,1.0,957.92
20080511,29,0.0,0.0,0.0,1.0,429.24
20080511,30,0.0,0.0,0.0,1.0,523.97
20080511,31,0.0,0.0,0.0,2.0,1182.1
20080511,32,0.0,0.0,0.0,1.0,437.9
20080511,75,0.0,0.0,0.0,1.0,392.65
20080511,78,0.0,0.0,0.0,1.0,658.09
20080511,79,0.0,0.0,0.0,1.0,487.12
20080511,85,0.0,0.0,0.0,1.0,163.29
20080511,87,0.0,0.0,0.0,2.0,338.66
20080511,98,0.0,0.0,0.0,1.0,619.01
20080511,99,0.0,0.0,0.0,1.0,260.6
20080511,102,0.0,0.0,0.0,1.0,335.51
20080511,105,0.0,0.0,0.0,1.0,294.54
20080511,110,0.0,0.0,0.0,1.0,65.35
20080511,111,0.0,0.0,0.0,1.0,203.44
20080511,117,0.0,5.0,930.0,1.0,186.0
20080511,118,0.0,0.0,0.0,1.0,242.72
20080512,18,0.0,0.0,0.0,1.0,719.76
20080512,19,0.0,0.0,0.0,3.0,2252.58
20080512,20,0.0,0.0,0.0,1.0,779.67
20080512,21,0.0,0.0,0.0,1.0,736.34
20080512,22,0.0,0.0,0.0,2.0,1434.24
20080512,23,0.0,0.0,0.0,1.0,651.28
20080512,25,0.0,0.0,0.0,1.0,1062.15
20080512,28,0.0,0.0,0.0,1.0,959.19
20080512,29,0.0,0.0,0.0,1.0,427.48
20080512,32,0.0,0.0,0.0,1.0,439.57
20080512,33,0.0,0.0,0.0,1.0,417.48
20080512,76,0.0,0.0,0.0,1.0,447.79
20080512,77,0.0,0.0,0.0,2.0,1315.16
20080512,78,0.0,0.0,0.0,1.0,655.39
20080512,81,0.0,0.0,0.0,1.0,197.38
20080512,88,0.0,0.0,0.0,1.0,822.03
20080512,90,0.0,0.0,0.0,1.0,660.49
20080512,91,0.0,0.0,0.0,1.0,655.24
20080512,97,0.0,0.0,0.0,1.0,720.7
20080512,99,0.0,0.0,0.0,1.0,260.05
20080512,102,0.0,0.0,0.0,1.0,334.87
20080512,104,0.0,0.0,0.0,1.0,320.32
20080512,105,0.0,0.0,0.0,2.0,586.96
20080512,113,0.0,0.0,0.0,2.0,388.62
20080512,116,0.0,0.0,0.0,2.0,400.88
20080512,117,0.0,0.0,0.0,3.0,555.93
20080512,118,0.0,0.0,0.0,2.0,486.3
20080513,19,0.0,0.0,0.0,2.0,1497.52
20080513,20,0.0,0.0,0.0,3.0,2328.93
20080513,21,0.0,0.0,0.0,4.0,2938.6
20080513,22,0.0,4.0,2882.28,0.0,0.0
20080513,25,0.0,0.0,0.0,1.0,1065.34
20080513,31,0.0,0.0,0.0,2.0,1189.08
20080513,32,0.0,0.0,0.0,2.0,875.44
20080513,33,0.0,0.0,0.0,2.0,835.7
20080513,78,0.0,0.0,0.0,1.0,652.83
20080513,82,0.0,0.0,0.0,2.0,418.0
20080513,95,0.0,0.0,0.0,1.0,722.96
20080513,97,0.0,0.0,0.0,1.0,722.28
20080513,98,0.0,0.0,0.0,1.0,619.81
20080513,103,0.0,0.0,0.0,1.0,270.02
20080513,113,0.0,23.0,4452.11,0.0,0.0
20080513,117,0.0,0.0,0.0,1.0,185.79
20080513,118,0.0,0.0,0.0,3.0,728.37
20080514,18,0.0,0.0,0.0,1.0,721.7
20080514,20,0.0,0.0,0.0,1.0,775.69
20080514,22,0.0,0.0,0.0,2.0,1436.66
20080514,23,0.0,0.0,0.0,1.0,648.09
20080514,28,0.0,0.0,0.0,1.0,955.26
20080514,29,0.0,0.0,0.0,3.0,1279.62
20080514,32,0.0,0.0,0.0,1.0,436.98
20080514,33,0.0,0.0,0.0,1.0,417.98
20080514,75,0.0,0.0,0.0,1.0,394.3
20080514,77,0.0,0.0,0.0,1.0,658.63
20080514,79,0.0,0.0,0.0,1.0,488.09
20080514,82,0.0,22.0,4606.8,0.0,0.0
20080514,84,0.0,0.0,0.0,2.0,354.86
20080514,87,0.0,0.0,0.0,1.0,168.69
20080514,89,0.0,0.0,0.0,1.0,706.21
20080514,90,0.0,0.0,0.0,2.0,1323.62
20080514,91,0.0,0.0,0.0,1.0,657.14
20080514,92,0.0,0.0,0.0,1.0,412.77
20080514,94,0.0,0.0,0.0,1.0,376.85
20080514,95,0.0,0.0,0.0,1.0,723.46
20080514,96,0.0,0.0,0.0,1.0,540.82
20080514,97,0.0,0.0,0.0,3.0,2167.05
20080514,98,0.0,0.0,0.0,2.0,1242.24
20080514,106,0.0,0.0,0.0,1.0,80.2
20080514,109,0.0,0.0,0.0,1.0,72.13
20080514,113,0.0,0.0,0.0,2.0,386.78
20080514,116,0.0,0.0,0.0,2.0,403.08
20080514,117,0.0,7.0,1298.57,1.0,185.51
20080514,118,0.0,0.0,0.0,1.0,243.78
20080515,18,0.0,0.0,0.0,2.0,1448.74
20080515,19,0.0,0.0,0.0,1.0,751.24
20080515,20,0.0,0.0,0.0,1.0,774.37
20080515,21,0.0,0.0,0.0,3.0,2207.91
20080515,22,0.0,0.0,0.0,1.0,718.26
20080515,23,0.0,0.0,0.0,3.0,1948.38
20080515,29,0.0,0.0,0.0,2.0,848.98
20080515,30,0.0,0.0,0.0,1.0,523.55
20080515,31,0.0,0.0,0.0,3.0,1788.27
20080515,32,0.0,0.0,0.0,1.0,438.55
20080515,33,0.0,0.0,0.0,2.0,835.38
20080515,75,0.0,0.0,0.0,1.0,396.08
20080515,76,0.0,0.0,0.0,1.0,448.68
20080515,78,0.0,0.0,0.0,1.0,650.74
20080515,81,0.0,0.0,0.0,1.0,195.37
20080515,84,0.0,0.0,0.0,1.0,176.95
20080515,85,0.0,0.0,0.0,1.0,163.58
20080515,90,0.0,0.0,0.0,2.0,1321.1
20080515,91,0.0,0.0,0.0,1.0,655.63
20080515,95,0.0,0.0,0.0,2.0,1445.92
20080515,98,0.0,19.0,11805.84,0.0,0.0
20080515,103,0.0,0.0,0.0,1.0,268.7
20080515,104,0.0,0.0,0.0,1.0,321.31
20080515,105,0.0,0.0,0.0,1.0,291.37
20080515,110,0.0,0.0,0.0,1.0,64.95
20080515,114,0.0,0.0,0.0,1.0,178.6
20080515,117,0.0,0.0,0.0,1.0,184.68
20080515,118,0.0,0.0,0.0,4.0,973.08
20080516,18,0.0,0.0,0.0,1.0,723.86
20080516,19,0.0,0.0,0.0,1.0,753.49
20080516,20,0.0,0.0,0.0,3.0,2329.86
20080516,21,0.0,0.0,0.0,5.0,3666.6
20080516,22,0.0,0.0,0.0,1.0,721.13
20080516,23,0.0,0.0,0.0,2.0,1305.28
20080516,29,0.0,0.0,0.0,2.0,852.96
20080516,30,0.0,0.0,0.0,2.0,1043.54
20080516,31,0.0,19.0,11293.98,0.0,0.0
20080516,32,0.0,0.0,0.0,1.0,436.75
20080516,33,0.0,3.0,1254.57,1.0,418.19
20080516,78,0.0,0.0,0.0,1.0,653.73
20080516,79,0.0,0.0,0.0,1.0,489.3
20080516,81,0.0,0.0,0.0,1.0,195.02
20080516,83,0.0,0.0,0.0,2.0,320.18
20080516,84,0.0,5.0,884.45,2.0,353.78
20080516,85,0.0,0.0,0.0,1.0,163.32
20080516,88,0.0,0.0,0.0,4.0,3278.56
20080516,95,0.0,10.0,7221.6,0.0,0.0
20080516,96,0.0,0.0,0.0,1.0,542.33
20080516,97,0.0,0.0,0.0,1.0,727.49
20080516,98,0.0,0.0,0.0,1.0,623.17
20080516,99,0.0,0.0,0.0,1.0,261.69
20080516,102,0.0,0.0,0.0,1.0,338.27
20080516,104,0.0,0.0,0.0,1.0,322.05
20080516,114,0.0,0.0,0.0,1.0,179.12
20080516,116,0.0,0.0,0.0,3.0,604.5
20080516,117,0.0,0.0,0.0,1.0,185.21
20080516,118,0.0,9.0,2179.8,1.0,242.2
20080517,18,0.0,0.0,0.0,2.0,1448.88
20080517,19,0.0,0.0,0.0,1.0,753.87
20080517,20,0.0,20.0,15527.8,1.0,776.39
20080517,21,0.0,12.0,8798.04,1.0,733.17
20080517,22,0.0,24.0,17244.96,1.0,718.54
20080517,23,0.0,0.0,0.0,3.0,1965.36
20080517,25,0.0,0.0,0.0,1.0,1065.01
20080517,29,0.0,11.0,4712.95,1.0,428.45
20080517,30,0.0,0.0,0.0,1.0,519.37
20080517,31,0.0,0.0,0.0,2.0,1183.72
20080517,32,0.0,9.0,3914.64,1.0,434.96
20080517,33,0.0,0.0,0.0,3.0,1258.71
20080517,79,0.0,0.0,0.0,1.0,487.01
20080517,83,0.0,0.0,0.0,2.0,318.9
20080517,88,0.0,0.0,0.0,1.0,819.64
20080517,89,0.0,0.0,0.0,1.0,706.21
20080517,91,0.0,0.0,0.0,1.0,654.25
20080517,97,0.0,0.0,0.0,1.0,724.58
20080517,98,0.0,0.0,0.0,1.0,622.98
20080517,99,0.0,0.0,0.0,1.0,262.82
20080517,100,0.0,0.0,0.0,1.0,198.08
20080517,104,0.0,25.0,8061.0,1.0,322.44
20080517,113,0.0,0.0,0.0,1.0,191.26
20080517,114,0.0,0.0,0.0,1.0,179.57
20080517,116,0.0,0.0,0.0,1.0,201.42
20080517,118,0.0,0.0,0.0,1.0,242.18
20080518,19,0.0,0.0,0.0,1.0,754.02
20080518,20,0.0,0.0,0.0,3.0,2318.46
20080518,21,0.0,0.0,0.0,2.0,1465.02
20080518,22,0.0,0.0,0.0,1.0,717.75
20080518,23,0.0,0.0,0.0,1.0,654.46
20080518,24,0.0,0.0,0.0,1.0,1061.34
20080518,29,0.0,0.0,0.0,1.0,427.03
20080518,30,0.0,21.0,10922.94,0.0,0.0
20080518,33,0.0,12.0,5017.2,0.0,0.0
20080518,78,0.0,0.0,0.0,1.0,649.43
20080518,82,0.0,0.0,0.0,1.0,211.29
20080518,88,0.0,0.0,0.0,1.0,822.68
20080518,93,0.0,0.0,0.0,1.0,382.91
20080518,95,0.0,0.0,0.0,2.0,1438.84
20080518,96,0.0,0.0,0.0,1.0,542.0
20080518,97,0.0,13.0,9449.7,1.0,726.9
20080518,98,0.0,0.0,0.0,2.0,1250.44
20080518,99,0.0,0.0,0.0,1.0,263.95
20080518,100,0.0,0.0,0.0,1.0,198.16
20080518,102,0.0,0.0,0.0,2.0,678.08
20080518,104,0.0,0.0,0.0,1.0,322.15
20080518,114,0.0,0.0,0.0,1.0,179.89
20080518,117,0.0,0.0,0.0,3.0,552.9
20080518,118,0.0,0.0,0.0,1.0,242.06
20080519,18,0.0,0.0,0.0,1.0,723.7
20080519,19,0.0,0.0,0.0,2.0,1503.66
20080519,21,0.0,0.0,0.0,1.0,729.8
20080519,23,0.0,0.0,0.0,3.0,1953.96
20080519,25,0.0,0.0,0.0,1.0,1063.71
20080519,26,0.0,0.0,0.0,1.0,912.8
20080519,28,0.0,0.0,0.0,1.0,945.54
20080519,29,0.0,0.0,0.0,1.0,428.19
20080519,32,0.0,0.0,0.0,1.0,436.31
20080519,33,0.0,0.0,0.0,1.0,419.02
20080519,78,0.0,0.0,0.0,1.0,650.53
20080519,84,0.0,0.0,0.0,1.0,175.99
20080519,88,0.0,0.0,0.0,1.0,821.69
20080519,93,0.0,0.0,0.0,1.0,381.83
20080519,94,0.0,0.0,0.0,1.0,379.6
20080519,95,0.0,0.0,0.0,2.0,1434.96
20080519,96,0.0,0.0,0.0,5.0,2707.55
20080519,97,0.0,0.0,0.0,1.0,726.32
20080519,98,0.0,0.0,0.0,4.0,2496.64
20080519,99,0.0,0.0,0.0,1.0,264.87
20080519,105,0.0,0.0,0.0,1.0,292.94
20080519,106,0.0,0.0,0.0,1.0,80.85
20080519,109,0.0,0.0,0.0,1.0,72.13
20080519,112,0.0,0.0,0.0,1.0,160.5
20080519,114,0.0,0.0,0.0,1.0,179.58
20080519,116,0.0,0.0,0.0,1.0,201.14
20080519,118,0.0,0.0,0.0,1.0,241.38
20080520,18,0.0,26.0,18910.32,3.0,2181.96
20080520,19,0.0,0.0,0.0,1.0,748.97
20080520,20,0.0,0.0,0.0,4.0,3082.6
20080520,21,0.0,0.0,0.0,2.0,1459.6
20080520,22,0.0,0.0,0.0,1.0,718.32
20080520,23,0.0,16.0,10455.52,3.0,1960.41
20080520,26,0.0,0.0,0.0,1.0,909.7
20080520,28,0.0,25.0,23546.5,0.0,0.0
20080520,30,0.0,0.0,0.0,1.0,521.5
20080520,32,0.0,0.0,0.0,1.0,437.45
20080520,76,0.0,0.0,0.0,1.0,449.12
20080520,78,0.0,0.0,0.0,1.0,650.53
20080520,79,0.0,0.0,0.0,1.0,486.61
20080520,81,0.0,0.0,0.0,1.0,194.8
20080520,88,0.0,0.0,0.0,1.0,822.18
20080520,89,0.0,0.0,0.0,1.0,706.13
20080520,90,0.0,0.0,0.0,2.0,1325.72
20080520,91,0.0,0.0,0.0,1.0,650.85
20080520,92,0.0,0.0,0.0,1.0,414.25
20080520,95,0.0,0.0,0.0,1.0,719.92
20080520,96,0.0,12.0,6516.96,0.0,0.0
20080520,97,0.0,0.0,0.0,3.0,2171.97
20080520,98,0.0,0.0,0.0,2.0,1244.2
20080520,99,0.0,0.0,0.0,3.0,797.88
20080520,102,0.0,0.0,0.0,1.0,341.45
20080520,114,0.0,0.0,0.0,1.0,179.23
20080520,116,0.0,0.0,0.0,3.0,603.96
20080520,117,0.0,0.0,0.0,3.0,555.84
20080520,118,0.0,0.0,0.0,1.0,241.69
20080521,18,0.0,0.0,0.0,2.0,1461.34
20080521,19,0.0,0.0,0.0,1.0,748.97
20080521,20,0.0,0.0,0.0,6.0,4624.8
20080521,21,0.0,0.0,0.0,6.0,4400.7
20080521,29,0.0,0.0,0.0,1.0,428.22
20080521,32,0.0,0.0,0.0,1.0,435.87
20080521,33,0.0,0.0,0.0,2.0,836.02
20080521,78,0.0,0.0,0.0,1.0,650.92
20080521,79,0.0,0.0,0.0,1.0,487.92
20080521,81,0.0,0.0,0.0,1.0,195.02
20080521,82,0.0,0.0,0.0,1.0,210.8
20080521,86,0.0,0.0,0.0,1.0,164.93
20080521,87,0.0,0.0,0.0,1.0,168.5
20080521,91,0.0,0.0,0.0,2.0,1300.02
20080521,93,0.0,0.0,0.0,1.0,381.87
20080521,94,0.0,0.0,0.0,2.0,760.56
20080521,95,0.0,0.0,0.0,1.0,720.56
20080521,98,0.0,0.0,0.0,2.0,1238.1
20080521,106,0.0,0.0,0.0,1.0,81.08
20080521,111,0.0,0.0,0.0,1.0,202.94
20080521,113,0.0,0.0,0.0,1.0,191.14
20080521,116,0.0,0.0,0.0,3.0,603.6
20080521,117,0.0,8.0,1488.32,1.0,186.04
20080521,118,0.0,0.0,0.0,1.0,240.8
20080522,18,0.0,0.0,0.0,1.0,734.25
20080522,19,0.0,0.0,0.0,1.0,749.05
20080522,20,0.0,0.0,0.0,3.0,2323.5
20080522,21,0.0,14.0,10242.68,0.0,0.0
20080522,22,0.0,0.0,0.0,1.0,717.88
20080522,23,0.0,0.0,0.0,2.0,1312.56
20080522,30,0.0,0.0,0.0,1.0,520.61
20080522,31,0.0,0.0,0.0,1.0,594.63
20080522,32,0.0,0.0,0.0,1.0,437.96
20080522,33,0.0,0.0,0.0,2.0,837.7
20080522,77,0.0,0.0,0.0,3.0,1983.93
20080522,78,0.0,0.0,0.0,3.0,1955.1
20080522,79,0.0,0.0,0.0,1.0,486.31
20080522,81,0.0,0.0,0.0,1.0,194.59
20080522,89,0.0,0.0,0.0,2.0,1420.46
20080522,90,0.0,0.0,0.0,1.0,668.44
20080522,94,0.0,9.0,3409.2,0.0,0.0
20080522,97,0.0,0.0,0.0,2.0,1447.1
20080522,98,0.0,0.0,0.0,1.0,622.02
20080522,104,0.0,0.0,0.0,1.0,322.85
20080522,114,0.0,0.0,0.0,1.0,178.7
20080522,116,0.0,20.0,4038.8,1.0,201.94
20080522,117,0.0,0.0,0.0,2.0,370.44
20080522,118,0.0,26.0,6281.34,0.0,0.0
20080523,18,0.0,0.0,0.0,1.0,734.98
20080523,19,0.0,0.0,0.0,2.0,1497.8
20080523,20,0.0,0.0,0.0,1.0,775.04
20080523,26,0.0,0.0,0.0,1.0,913.7
20080523,27,0.0,0.0,0.0,1.0,952.35
20080523,28,0.0,0.0,0.0,1.0,940.34
20080523,29,0.0,0.0,0.0,2.0,854.3
20080523,31,0.0,0.0,0.0,1.0,597.13
20080523,33,0.0,0.0,0.0,1.0,420.44
20080523,76,0.0,0.0,0.0,3.0,1358.58
20080523,78,0.0,16.0,10459.52,0.0,0.0
20080523,85,0.0,0.0,0.0,1.0,164.4
20080523,87,0.0,0.0,0.0,1.0,167.36
20080523,88,0.0,0.0,0.0,1.0,823.73
20080523,89,0.0,0.0,0.0,1.0,707.46
20080523,90,0.0,0.0,0.0,2.0,1332.08
20080523,91,0.0,0.0,0.0,1.0,646.57
20080523,92,0.0,0.0,0.0,2.0,828.82
20080523,97,0.0,0.0,0.0,2.0,1445.66
20080523,98,0.0,0.0,0.0,2.0,1239.82
20080523,99,0.0,0.0,0.0,1.0,267.45
20080523,103,0.0,0.0,0.0,1.0,271.12
20080523,105,0.0,0.0,0.0,1.0,291.36
20080523,116,0.0,0.0,0.0,4.0,808.24
20080523,117,0.0,0.0,0.0,3.0,554.67
20080523,118,0.0,0.0,0.0,3.0,725.28
20080524,18,0.0,0.0,0.0,1.0,732.85
20080524,19,0.0,0.0,0.0,1.0,745.23
20080524,20,0.0,9.0,7008.84,2.0,1557.52
20080524,21,0.0,0.0,0.0,6.0,4400.22
20080524,23,0.0,0.0,0.0,2.0,1316.24
20080524,27,0.0,0.0,0.0,1.0,950.82
20080524,29,0.0,0.0,0.0,2.0,851.06
20080524,31,0.0,0.0,0.0,1.0,594.92
20080524,33,0.0,0.0,0.0,1.0,421.15
20080524,76,0.0,0.0,0.0,1.0,451.32
20080524,77,0.0,0.0,0.0,2.0,1319.56
20080524,79,0.0,0.0,0.0,1.0,484.66
20080524,84,0.0,0.0,0.0,1.0,177.44
20080524,85,0.0,0.0,0.0,1.0,164.29
20080524,87,0.0,2.0,333.8,0.0,0.0
20080524,88,0.0,0.0,0.0,1.0,820.6
20080524,90,0.0,0.0,0.0,1.0,666.63
20080524,91,0.0,0.0,0.0,1.0,644.69
20080524,94,0.0,0.0,0.0,1.0,379.71
20080524,97,0.0,0.0,0.0,1.0,720.08
20080524,98,0.0,0.0,0.0,1.0,618.61
20080524,99,0.0,7.0,1870.26,2.0,534.36
20080524,103,0.0,0.0,0.0,1.0,270.9
20080524,104,0.0,0.0,0.0,1.0,323.76
20080524,105,0.0,0.0,0.0,1.0,291.88
20080524,106,0.0,0.0,0.0,1.0,81.16
20080524,114,0.0,0.0,0.0,1.0,178.15
20080524,117,0.0,12.0,2226.0,2.0,371.0
20080525,19,0.0,0.0,0.0,4.0,2979.44
20080525,21,0.0,0.0,0.0,2.0,1473.34
20080525,22,0.0,0.0,0.0,1.0,723.93
20080525,23,0.0,0.0,0.0,1.0,657.66
20080525,24,0.0,0.0,0.0,1.0,1064.71
20080525,25,0.0,0.0,0.0,1.0,1055.0
20080525,27,0.0,0.0,0.0,1.0,946.83
20080525,28,0.0,0.0,0.0,2.0,1879.72
20080525,30,0.0,0.0,0.0,1.0,520.5
20080525,32,0.0,0.0,0.0,3.0,1326.54
20080525,33,0.0,0.0,0.0,3.0,1268.28
20080525,75,0.0,0.0,0.0,1.0,399.44
20080525,76,0.0,0.0,0.0,2.0,898.22
20080525,79,0.0,0.0,0.0,1.0,485.68
20080525,89,0.0,0.0,0.0,1.0,702.17
20080525,91,0.0,0.0,0.0,1.0,645.08
20080525,95,0.0,0.0,0.0,1.0,725.18
20080525,96,0.0,0.0,0.0,1.0,541.44
20080525,98,0.0,0.0,0.0,1.0,619.41
20080525,99,0.0,0.0,0.0,3.0,797.7
20080525,106,0.0,0.0,0.0,1.0,81.26
20080525,110,0.0,0.0,0.0,1.0,64.45
20080525,115,0.0,0.0,0.0,1.0,202.07
20080525,116,0.0,0.0,0.0,1.0,202.3
20080525,117,0.0,0.0,0.0,1.0,185.57
20080525,118,0.0,0.0,0.0,1.0,240.89
20080526,18,0.0,0.0,0.0,3.0,2202.3
20080526,19,0.0,0.0,0.0,1.0,745.45
20080526,20,0.0,0.0,0.0,2.0,1551.14
20080526,21,0.0,0.0,0.0,2.0,1468.04
20080526,22,0.0,0.0,0.0,1.0,724.07
20080526,27,0.0,23.0,21698.66,0.0,0.0
20080526,30,0.0,0.0,0.0,1.0,518.31
20080526,31,0.0,0.0,0.0,1.0,597.12
20080526,76,0.0,7.0,3139.36,2.0,896.96
20080526,77,0.0,0.0,0.0,1.0,661.1
20080526,78,0.0,0.0,0.0,1.0,655.03
20080526,79,0.0,9.0,4375.89,0.0,0.0
20080526,88,0.0,0.0,0.0,1.0,817.64
20080526,95,0.0,0.0,0.0,1.0,727.71
20080526,97,0.0,0.0,0.0,2.0,1441.32
20080526,99,0.0,0.0,0.0,1.0,265.02
20080526,104,0.0,0.0,0.0,1.0,322.59
20080526,105,0.0,0.0,0.0,2.0,585.46
20080526,109,0.0,0.0,0.0,1.0,72.75
20080526,110,0.0,0.0,0.0,1.0,64.59
20080527,18,0.0,0.0,0.0,2.0,1462.62
20080527,19,0.0,22.0,16371.96,0.0,0.0
20080527,20,0.0,0.0,0.0,3.0,2329.74
20080527,21,0.0,0.0,0.0,1.0,731.82
20080527,23,0.0,0.0,0.0,3.0,1980.69
20080527,29,0.0,0.0,0.0,1.0,423.65
20080527,30,0.0,0.0,0.0,1.0,518.0
20080527,31,0.0,0.0,0.0,2.0,1199.86
20080527,32,0.0,0.0,0.0,1.0,443.95
20080527,33,0.0,0.0,0.0,1.0,420.52
20080527,76,0.0,0.0,0.0,2.0,898.58
20080527,80,0.0,0.0,0.0,1.0,168.3
20080527,84,0.0,0.0,0.0,1.0,176.0
20080527,90,0.0,0.0,0.0,2.0,1325.42
20080527,94,0.0,0.0,0.0,1.0,375.44
20080527,95,0.0,0.0,0.0,1.0,726.7
20080527,96,0.0,0.0,0.0,2.0,1088.2
20080527,97,0.0,0.0,0.0,2.0,1441.6
20080527,98,0.0,0.0,0.0,1.0,624.69
20080527,99,0.0,0.0,0.0,1.0,264.62
20080527,102,0.0,0.0,0.0,1.0,341.33
20080527,116,0.0,0.0,0.0,1.0,201.25
20080528,18,0.0,0.0,0.0,2.0,1468.62
20080528,19,0.0,0.0,0.0,2.0,1489.7
20080528,20,0.0,0.0,0.0,1.0,779.29
20080528,21,0.0,6.0,4412.88,0.0,0.0
20080528,22,0.0,0.0,0.0,2.0,1450.74
20080528,24,0.0,0.0,0.0,1.0,1061.5
20080528,25,0.0,0.0,0.0,2.0,2111.64
20080528,26,0.0,0.0,0.0,1.0,915.7
20080528,27,0.0,0.0,0.0,1.0,945.97
20080528,28,0.0,0.0,0.0,1.0,940.13
20080528,30,0.0,0.0,0.0,2.0,1039.52
20080528,32,0.0,14.0,6229.02,1.0,444.93
20080528,33,0.0,24.0,10116.48,0.0,0.0
20080528,76,0.0,0.0,0.0,4.0,1804.16
20080528,78,0.0,0.0,0.0,1.0,655.03
20080528,84,0.0,9.0,1576.89,0.0,0.0
20080528,94,0.0,0.0,0.0,1.0,375.1
20080528,95,0.0,8.0,5822.88,0.0,0.0
20080528,96,0.0,0.0,0.0,1.0,541.54
20080528,97,0.0,15.0,10860.75,1.0,724.05
20080528,98,0.0,22.0,13811.82,0.0,0.0
20080528,99,0.0,4.0,1053.4,0.0,0.0
20080528,102,0.0,0.0,0.0,1.0,341.06
20080528,103,0.0,0.0,0.0,1.0,270.79
20080528,105,0.0,0.0,0.0,1.0,291.12
20080528,107,0.0,0.0,0.0,1.0,66.46
20080528,108,0.0,0.0,0.0,1.0,83.86
20080528,116,0.0,0.0,0.0,3.0,605.13
20080528,117,0.0,0.0,0.0,1.0,185.24
20080528,118,0.0,0.0,0.0,1.0,240.33
20080529,18,0.0,0.0,0.0,2.0,1472.42
20080529,19,0.0,0.0,0.0,2.0,1486.28
20080529,20,0.0,0.0,0.0,1.0,782.8
20080529,21,0.0,0.0,0.0,1.0,738.49
20080529,22,0.0,0.0,0.0,1.0,726.24
20080529,23,0.0,0.0,0.0,1.0,664.13
20080529,25,0.0,0.0,0.0,1.0,1050.75
20080529,27,0.0,0.0,0.0,1.0,942.66
20080529,28,0.0,0.0,0.0,2.0,1872.74
20080529,29,0.0,0.0,0.0,1.0,423.86
20080529,31,0.0,0.0,0.0,1.0,601.43
20080529,33,0.0,0.0,0.0,1.0,422.28
20080529,76,0.0,6.0,2709.48,0.0,0.0
20080529,88,0.0,0.0,0.0,1.0,816.73
20080529,90,0.0,0.0,0.0,2.0,1328.06
20080529,91,0.0,0.0,0.0,1.0,650.7
20080529,93,0.0,0.0,0.0,1.0,379.77
20080529,95,0.0,0.0,0.0,4.0,2906.2
20080529,96,0.0,0.0,0.0,1.0,542.19
20080529,98,0.0,0.0,0.0,3.0,1889.46
20080529,99,0.0,0.0,0.0,1.0,263.8
20080529,104,0.0,0.0,0.0,1.0,322.17
20080529,105,0.0,0.0,0.0,1.0,292.4
20080529,116,0.0,0.0,0.0,2.0,404.52
20080529,117,0.0,0.0,0.0,3.0,558.39
20080529,118,0.0,0.0,0.0,1.0,239.9
20080530,18,0.0,0.0,0.0,1.0,737.54
20080530,19,0.0,0.0,0.0,1.0,745.3
20080530,20,0.0,6.0,4715.1,0.0,0.0
20080530,21,0.0,0.0,0.0,2.0,1479.06
20080530,22,0.0,0.0,0.0,1.0,729.07
20080530,23,0.0,0.0,0.0,3.0,1991.4
20080530,28,0.0,0.0,0.0,1.0,938.24
20080530,29,0.0,7.0,2981.3,1.0,425.9
20080530,30,0.0,0.0,0.0,2.0,1041.18
20080530,79,0.0,0.0,0.0,1.0,487.47
20080530,88,0.0,0.0,0.0,1.0,813.63
20080530,89,0.0,0.0,0.0,1.0,701.59
20080530,97,0.0,0.0,0.0,1.0,723.32
20080530,99,0.0,0.0,0.0,1.0,262.8
20080530,100,0.0,0.0,0.0,1.0,197.12
20080530,102,0.0,0.0,0.0,1.0,340.65
20080530,104,0.0,0.0,0.0,2.0,644.02
20080530,105,0.0,3.0,874.14,1.0,291.38
20080530,108,0.0,0.0,0.0,1.0,84.2
20080530,111,0.0,0.0,0.0,1.0,204.06
20080530,112,0.0,0.0,0.0,1.0,161.06
20080530,113,0.0,0.0,0.0,1.0,190.42
20080530,116,0.0,0.0,0.0,1.0,202.58
20080530,117,0.0,0.0,0.0,3.0,558.39
20080530,118,0.0,0.0,0.0,2.0,481.1
20080531,18,0.0,0.0,0.0,3.0,2214.39
20080531,19,0.0,0.0,0.0,3.0,2237.46
20080531,20,0.0,0.0,0.0,3.0,2358.75
20080531,21,0.0,0.0,0.0,1.0,742.41
20080531,22,0.0,0.0,0.0,3.0,2181.09
20080531,23,0.0,10.0,6657.2,2.0,1331.44
20080531,26,0.0,0.0,0.0,1.0,912.48
20080531,28,0.0,0.0,0.0,1.0,939.93
20080531,29,0.0,0.0,0.0,1.0,424.45
20080531,31,0.0,0.0,0.0,1.0,600.29
20080531,32,0.0,0.0,0.0,1.0,442.57
20080531,33,0.0,0.0,0.0,1.0,424.78
20080531,37,0.0,0.0,0.0,2.0,379.98
20080531,76,0.0,0.0,0.0,1.0,450.95
20080531,79,0.0,0.0,0.0,2.0,974.94
20080531,82,0.0,0.0,0.0,1.0,208.34
20080531,83,0.0,0.0,0.0,1.0,159.39
20080531,86,0.0,0.0,0.0,1.0,165.84
20080531,88,0.0,0.0,0.0,1.0,812.73
20080531,89,0.0,0.0,0.0,1.0,699.98
20080531,92,0.0,0.0,0.0,1.0,411.3
20080531,93,0.0,0.0,0.0,1.0,379.35
20080531,94,0.0,0.0,0.0,1.0,377.58
20080531,95,0.0,0.0,0.0,1.0,724.08
20080531,97,0.0,0.0,0.0,1.0,723.1
20080531,98,0.0,0.0,0.0,1.0,625.23
20080531,99,0.0,0.0,0.0,1.0,263.32
20080531,111,0.0,18.0,3674.16,0.0,0.0
20080531,116,0.0,0.0,0.0,5.0,1015.55
20080531,118,0.0,0.0,0.0,1.0,239.54
20080601,1,0.0,0.0,0.0,17.0,7520.63
20080601,2,0.0,0.0,0.0,17.0,8780.5
20080601,6,0.0,0.0,0.0,23.0,2735.85
20080601,9,0.0,0.0,0.0,1.0,124.31
20080601,11,0.0,0.0,0.0,46.0,7462.12
20080601,12,0.0,0.0,0.0,14.0,5546.1
20080601,13,0.0,0.0,0.0,35.0,16536.8
20080601,14,0.0,0.0,0.0,49.0,16932.93
20080601,16,0.0,0.0,0.0,33.0,13096.71
20080601,17,0.0,0.0,0.0,46.0,20715.18
20080601,18,0.0,0.0,0.0,85.0,62828.6
20080601,19,0.0,0.0,0.0,54.0,40330.44
20080601,20,0.0,0.0,0.0,71.0,55594.42
20080601,21,0.0,0.0,0.0,122.0,90229.98
20080601,22,0.0,0.0,0.0,100.0,72688.0
20080601,23,0.0,0.0,0.0,68.0,45210.48
20080601,24,0.0,0.0,0.0,23.0,24241.31
20080601,25,0.0,0.0,0.0,39.0,40806.87
20080601,26,0.0,21.0,19200.51,49.0,44801.19
20080601,27,0.0,0.0,0.0,35.0,32933.25
20080601,28,0.0,0.0,0.0,24.0,22497.36
20080601,29,0.0,0.0,0.0,58.0,24600.7
20080601,30,0.0,0.0,0.0,42.0,21838.74
20080601,31,0.0,0.0,0.0,31.0,18672.23
20080601,32,0.0,0.0,0.0,17.0,7510.77
20080601,33,0.0,0.0,0.0,55.0,23372.25
20080601,34,0.0,0.0,0.0,25.0,5299.25
20080601,37,0.0,0.0,0.0,49.0,9335.97
20080601,38,0.0,0.0,0.0,40.0,10039.2
20080601,40,0.0,0.0,0.0,22.0,12549.46
20080601,43,0.0,0.0,0.0,52.0,14867.32
20080601,44,0.0,0.0,0.0,36.0,4119.48
20080601,45,0.0,0.0,0.0,5.0,1654.5
20080601,46,0.0,0.0,0.0,2.0,698.08
20080601,47,0.0,0.0,0.0,63.0,21037.59
20080601,48,0.0,0.0,0.0,12.0,4246.32
20080601,49,0.0,0.0,0.0,17.0,5449.35
20080601,50,0.0,0.0,0.0,66.0,19978.86
20080601,51,0.0,0.0,0.0,49.0,17193.12
20080601,52,0.0,0.0,0.0,24.0,2614.32
20080601,53,0.0,0.0,0.0,15.0,2002.05
20080601,56,0.0,0.0,0.0,17.0,1881.73
20080601,57,0.0,0.0,0.0,15.0,1609.05
20080601,61,0.0,0.0,0.0,81.0,9672.21
20080601,62,0.0,0.0,0.0,59.0,7263.49
20080601,63,0.0,0.0,0.0,5.0,625.9
20080601,64,0.0,0.0,0.0,51.0,4002.48
20080601,65,0.0,0.0,0.0,42.0,4005.96
20080601,67,0.0,0.0,0.0,32.0,2611.52
20080601,68,0.0,0.0,0.0,33.0,2472.36
20080601,69,0.0,0.0,0.0,45.0,3390.75
20080601,70,0.0,0.0,0.0,42.0,4054.26
20080601,74,0.0,0.0,0.0,46.0,4153.8
20080601,75,0.0,0.0,0.0,64.0,25463.04
20080601,76,0.0,0.0,0.0,77.0,34730.08
20080601,77,0.0,0.0,0.0,59.0,39152.4
20080601,78,0.0,0.0,0.0,34.0,22161.54
20080601,79,0.0,0.0,0.0,109.0,53102.62
20080601,80,0.0,0.0,0.0,66.0,11119.68
20080601,81,0.0,0.0,0.0,57.0,10956.54
20080601,82,0.0,0.0,0.0,36.0,7524.36
20080601,83,0.0,0.0,0.0,78.0,12463.62
20080601,84,0.0,0.0,0.0,69.0,12090.87
20080601,85,0.0,0.0,0.0,48.0,7862.4
20080601,86,0.0,0.0,0.0,35.0,5827.5
20080601,87,0.0,0.0,0.0,73.0,12114.35
20080601,88,0.0,0.0,0.0,94.0,76779.2
20080601,89,0.0,0.0,0.0,53.0,37013.61
20080601,90,0.0,0.0,0.0,37.0,24756.33
20080601,91,0.0,0.0,0.0,80.0,52364.0
20080601,92,0.0,0.0,0.0,49.0,20162.03
20080601,93,0.0,0.0,0.0,25.0,9519.0
20080601,94,0.0,0.0,0.0,96.0,36414.72
20080601,95,0.0,0.0,0.0,81.0,58668.3
20080601,96,0.0,0.0,0.0,69.0,37684.35
20080601,97,0.0,0.0,0.0,23.0,16549.88
20080601,98,0.0,0.0,0.0,114.0,71411.88
20080601,99,0.0,0.0,0.0,55.0,14500.2
20080601,100,0.0,0.0,0.0,21.0,4110.54
20080601,101,0.0,0.0,0.0,81.0,13379.58
20080601,102,0.0,0.0,0.0,22.0,7489.68
20080601,103,0.0,0.0,0.0,28.0,7590.24
20080601,104,0.0,0.0,0.0,28.0,8985.48
20080601,105,0.0,0.0,0.0,33.0,9612.57
20080601,106,0.0,0.0,0.0,30.0,2442.3
20080601,107,0.0,0.0,0.0,40.0,2656.8
20080601,108,0.0,0.0,0.0,22.0,1842.94
20080601,109,0.0,0.0,0.0,39.0,2837.25
20080601,110,0.0,0.0,0.0,48.0,3091.2
20080601,111,0.0,0.0,0.0,18.0,3692.52
20080601,112,0.0,0.0,0.0,19.0,3057.86
20080601,113,0.0,0.0,0.0,21.0,4011.0
20080601,114,0.0,0.0,0.0,33.0,5836.05
20080601,115,0.0,0.0,0.0,24.0,4869.12
20080601,116,0.0,0.0,0.0,25.0,5061.5
20080601,117,0.0,0.0,0.0,98.0,18178.02
20080601,118,0.0,0.0,0.0,77.0,18457.67
20080602,6,0.0,100.0,11861.0,0.0,0.0
20080602,11,0.0,37.0,5987.71,0.0,0.0
20080602,13,0.0,114.0,53845.62,0.0,0.0
20080602,14,0.0,74.0,25641.74,0.0,0.0
20080602,17,0.0,100.0,45123.0,0.0,0.0
20080602,18,0.0,102.0,75107.7,1.0,736.35
20080602,19,0.0,63.0,47047.77,1.0,746.79
20080602,20,0.0,91.0,70912.66,1.0,779.26
20080602,21,0.0,128.0,94658.56,0.0,0.0
20080602,22,0.0,115.0,83315.2,1.0,724.48
20080602,23,0.0,85.0,56388.15,0.0,0.0
20080602,24,0.0,12.0,12686.88,1.0,1057.24
20080602,25,0.0,54.0,56264.76,0.0,0.0
20080602,26,0.0,38.0,34747.2,1.0,914.4
20080602,27,0.0,18.0,16864.38,0.0,0.0
20080602,28,0.0,31.0,28942.84,0.0,0.0
20080602,29,0.0,58.0,24566.48,0.0,0.0
20080602,30,0.0,32.0,16642.24,0.0,0.0
20080602,31,0.0,49.0,29575.91,1.0,603.59
20080602,32,0.0,25.0,11079.5,0.0,0.0
20080602,33,0.0,51.0,21771.9,0.0,0.0
20080602,34,0.0,104.0,22060.48,0.0,0.0
20080602,43,0.0,48.0,13691.04,0.0,0.0
20080602,50,0.0,166.0,50324.56,0.0,0.0
20080602,51,0.0,119.0,41796.37,0.0,0.0
20080602,53,0.0,21.0,2796.78,0.0,0.0
20080602,64,0.0,76.0,5948.52,0.0,0.0
20080602,69,0.0,120.0,9016.8,0.0,0.0
20080602,74,0.0,101.0,9108.18,0.0,0.0
20080602,75,0.0,67.0,26611.73,0.0,0.0
20080602,76,0.0,93.0,41913.24,0.0,0.0
20080602,77,0.0,72.0,47774.88,0.0,0.0
20080602,78,0.0,29.0,18823.32,0.0,0.0
20080602,79,0.0,112.0,54537.28,0.0,0.0
20080602,80,0.0,50.0,8451.0,0.0,0.0
20080602,81,0.0,43.0,8277.07,0.0,0.0
20080602,82,0.0,40.0,8367.2,1.0,209.18
20080602,83,0.0,73.0,11682.19,0.0,0.0
20080602,84,0.0,80.0,14050.4,0.0,0.0
20080602,85,0.0,64.0,10438.4,0.0,0.0
20080602,86,0.0,25.0,4149.25,1.0,165.97
20080602,87,0.0,73.0,12114.35,0.0,0.0
20080602,88,0.0,111.0,90446.13,0.0,0.0
20080602,89,0.0,68.0,47669.36,0.0,0.0
20080602,90,0.0,47.0,31591.52,0.0,0.0
20080602,91,0.0,80.0,52285.6,0.0,0.0
20080602,92,0.0,62.0,25564.46,0.0,0.0
20080602,93,0.0,29.0,10999.99,1.0,379.31
20080602,94,0.0,99.0,37525.95,0.0,0.0
20080602,95,0.0,101.0,73497.7,1.0,727.7
20080602,96,0.0,84.0,45913.56,0.0,0.0
20080602,97,0.0,25.0,17983.5,1.0,719.34
20080602,98,0.0,116.0,72809.72,3.0,1883.01
20080602,99,0.0,65.0,17218.5,1.0,264.9
20080602,100,0.0,29.0,5675.59,0.0,0.0
20080602,101,0.0,69.0,11409.84,0.0,0.0
20080602,102,0.0,33.0,11201.85,2.0,678.9
20080602,103,0.0,33.0,8921.55,1.0,270.35
20080602,104,0.0,35.0,11184.95,1.0,319.57
20080602,105,0.0,35.0,10200.05,0.0,0.0
20080602,106,0.0,39.0,3171.48,1.0,81.32
20080602,107,0.0,56.0,3712.24,0.0,0.0
20080602,108,0.0,26.0,2185.82,0.0,0.0
20080602,109,0.0,34.0,2477.24,0.0,0.0
20080602,110,0.0,45.0,2910.6,0.0,0.0
20080602,111,0.0,17.0,3483.81,0.0,0.0
20080602,112,0.0,30.0,4825.8,0.0,0.0
20080602,113,0.0,29.0,5527.11,0.0,0.0
20080602,114,0.0,40.0,7094.4,1.0,177.36
20080602,115,0.0,21.0,4267.2,0.0,0.0
20080602,116,0.0,40.0,8137.2,2.0,406.86
20080602,117,0.0,121.0,22489.06,1.0,185.86
20080602,118,0.0,64.0,15324.16,0.0,0.0
20080603,18,0.0,0.0,0.0,2.0,1469.18
20080603,19,0.0,0.0,0.0,4.0,2984.16
20080603,20,0.0,0.0,0.0,2.0,1552.92
20080603,22,0.0,0.0,0.0,3.0,2174.55
20080603,29,0.0,0.0,0.0,2.0,850.0
20080603,30,0.0,0.0,0.0,2.0,1037.96
20080603,31,0.0,0.0,0.0,2.0,1211.9
20080603,32,0.0,0.0,0.0,2.0,882.46
20080603,75,0.0,0.0,0.0,1.0,396.95
20080603,76,0.0,0.0,0.0,1.0,452.53
20080603,82,0.0,0.0,0.0,1.0,208.9
20080603,85,0.0,0.0,0.0,1.0,163.57
20080603,88,0.0,0.0,0.0,1.0,811.98
20080603,95,0.0,0.0,0.0,1.0,726.75
20080603,96,0.0,0.0,0.0,1.0,547.85
20080603,99,0.0,0.0,0.0,4.0,1059.6
20080603,100,0.0,0.0,0.0,1.0,194.98
20080603,102,0.0,0.0,0.0,1.0,339.52
20080603,104,0.0,0.0,0.0,1.0,319.12
20080603,107,0.0,0.0,0.0,2.0,133.1
20080603,114,0.0,0.0,0.0,1.0,178.16
20080603,116,0.0,0.0,0.0,2.0,404.94
20080603,117,0.0,0.0,0.0,2.0,373.56
20080603,118,0.0,0.0,0.0,3.0,716.1
20080604,18,0.0,0.0,0.0,1.0,735.69
20080604,19,0.0,0.0,0.0,2.0,1490.0
20080604,21,0.0,0.0,0.0,1.0,738.04
20080604,27,0.0,0.0,0.0,1.0,934.37
20080604,30,0.0,4.0,2069.88,1.0,517.47
20080604,32,0.0,0.0,0.0,2.0,884.32
20080604,76,0.0,0.0,0.0,1.0,453.21
20080604,77,0.0,0.0,0.0,1.0,659.23
20080604,78,0.0,0.0,0.0,2.0,1290.9
20080604,82,0.0,0.0,0.0,1.0,208.15
20080604,83,0.0,0.0,0.0,1.0,159.52
20080604,87,0.0,0.0,0.0,1.0,166.12
20080604,89,0.0,0.0,0.0,1.0,698.08
20080604,91,0.0,0.0,0.0,1.0,651.47
20080604,95,0.0,0.0,0.0,1.0,729.73
20080604,96,0.0,0.0,0.0,2.0,1099.86
20080604,97,0.0,0.0,0.0,1.0,717.97
20080604,98,0.0,0.0,0.0,1.0,624.97
20080604,99,0.0,0.0,0.0,2.0,531.82
20080604,102,0.0,0.0,0.0,3.0,1014.39
20080604,104,0.0,0.0,0.0,1.0,319.15
20080604,105,0.0,0.0,0.0,1.0,291.49
20080604,107,0.0,0.0,0.0,1.0,66.49
20080604,112,0.0,0.0,0.0,1.0,160.75
20080604,116,0.0,0.0,0.0,1.0,202.39
20080605,18,0.0,0.0,0.0,3.0,2201.1
20080605,19,0.0,0.0,0.0,1.0,745.59
20080605,20,0.0,0.0,0.0,3.0,2321.91
20080605,21,0.0,0.0,0.0,1.0,739.51
20080605,22,0.0,0.0,0.0,1.0,724.92
20080605,23,0.0,0.0,0.0,1.0,664.12
20080605,25,0.0,0.0,0.0,1.0,1031.76
20080605,26,0.0,0.0,0.0,2.0,1831.14
20080605,30,0.0,0.0,0.0,2.0,1036.82
20080605,31,0.0,0.0,0.0,1.0,604.97
20080605,77,0.0,0.0,0.0,1.0,659.49
20080605,79,0.0,0.0,0.0,1.0,487.17
20080605,83,0.0,0.0,0.0,1.0,159.01
20080605,87,0.0,0.0,0.0,2.0,333.8
20080605,89,0.0,0.0,0.0,2.0,1394.22
20080605,91,0.0,0.0,0.0,2.0,1299.82
20080605,92,0.0,0.0,0.0,2.0,822.18
20080605,97,0.0,0.0,0.0,2.0,1438.24
20080605,98,0.0,0.0,0.0,1.0,627.35
20080605,101,0.0,0.0,0.0,1.0,165.67
20080605,105,0.0,0.0,0.0,1.0,290.12
20080605,106,0.0,0.0,0.0,1.0,81.53
20080605,107,0.0,0.0,0.0,1.0,66.4
20080605,116,0.0,0.0,0.0,1.0,202.43
20080605,117,0.0,0.0,0.0,1.0,188.25
20080605,118,0.0,0.0,0.0,2.0,481.14
20080606,18,0.0,0.0,0.0,3.0,2209.02
20080606,19,0.0,0.0,0.0,1.0,746.41
20080606,20,0.0,0.0,0.0,1.0,773.66
20080606,21,0.0,0.0,0.0,3.0,2214.33
20080606,22,0.0,0.0,0.0,1.0,723.76
20080606,23,0.0,0.0,0.0,6.0,3969.18
20080606,26,0.0,0.0,0.0,1.0,917.13
20080606,27,0.0,0.0,0.0,1.0,940.45
20080606,28,0.0,0.0,0.0,1.0,933.62
20080606,30,0.0,0.0,0.0,2.0,1040.64
20080606,33,0.0,0.0,0.0,3.0,1277.49
20080606,76,0.0,0.0,0.0,2.0,903.96
20080606,78,0.0,0.0,0.0,1.0,642.86
20080606,83,0.0,22.0,3506.14,1.0,159.37
20080606,85,0.0,0.0,0.0,1.0,163.36
20080606,87,0.0,11.0,1837.11,1.0,167.01
20080606,88,0.0,0.0,0.0,1.0,814.09
20080606,93,0.0,0.0,0.0,1.0,381.74
20080606,96,0.0,0.0,0.0,1.0,550.25
20080606,97,0.0,0.0,0.0,3.0,2157.57
20080606,98,0.0,0.0,0.0,2.0,1258.22
20080606,99,0.0,0.0,0.0,3.0,796.68
20080606,100,0.0,0.0,0.0,1.0,195.06
20080606,102,0.0,0.0,0.0,1.0,335.83
20080606,105,0.0,0.0,0.0,1.0,289.83
20080606,110,0.0,0.0,0.0,1.0,64.37
20080606,116,0.0,0.0,0.0,3.0,605.97
20080606,117,0.0,0.0,0.0,2.0,375.08
20080606,118,0.0,19.0,4575.77,2.0,481.66
20080607,18,0.0,0.0,0.0,3.0,2209.92
20080607,19,0.0,0.0,0.0,2.0,1494.02
20080607,20,0.0,0.0,0.0,2.0,1549.8
20080607,21,0.0,0.0,0.0,4.0,2938.56
20080607,22,0.0,0.0,0.0,3.0,2163.9
20080607,23,0.0,0.0,0.0,3.0,1991.91
20080607,25,0.0,0.0,0.0,1.0,1027.73
20080607,26,0.0,0.0,0.0,1.0,916.03
20080607,29,0.0,0.0,0.0,1.0,424.82
20080607,30,0.0,25.0,13057.5,0.0,0.0
20080607,33,0.0,0.0,0.0,2.0,854.22
20080607,75,0.0,0.0,0.0,1.0,397.74
20080607,76,0.0,0.0,0.0,1.0,451.12
20080607,85,0.0,0.0,0.0,1.0,163.26
20080607,88,0.0,0.0,0.0,1.0,810.18
20080607,89,0.0,0.0,0.0,3.0,2087.97
20080607,90,0.0,0.0,0.0,1.0,671.41
20080607,91,0.0,0.0,0.0,2.0,1307.88
20080607,92,0.0,0.0,0.0,1.0,413.8
20080607,93,0.0,0.0,0.0,1.0,383.27
20080607,94,0.0,0.0,0.0,1.0,377.31
20080607,95,0.0,0.0,0.0,1.0,732.72
20080607,96,0.0,0.0,0.0,1.0,548.54
20080607,97,0.0,0.0,0.0,2.0,1441.54
20080607,99,0.0,0.0,0.0,2.0,533.2
20080607,102,0.0,0.0,0.0,1.0,335.43
20080607,104,0.0,0.0,0.0,1.0,318.41
20080607,108,0.0,0.0,0.0,1.0,84.39
20080607,112,0.0,0.0,0.0,2.0,323.5
20080607,117,0.0,0.0,0.0,2.0,373.68
20080607,118,0.0,0.0,0.0,2.0,481.7
20080608,18,0.0,0.0,0.0,1.0,733.77
20080608,19,0.0,0.0,0.0,2.0,1489.38
20080608,20,0.0,0.0,0.0,2.0,1551.8
20080608,21,0.0,13.0,9504.43,1.0,731.11
20080608,22,0.0,0.0,0.0,3.0,2158.92
20080608,27,0.0,0.0,0.0,1.0,939.23
20080608,28,0.0,0.0,0.0,1.0,934.91
20080608,29,0.0,0.0,0.0,1.0,425.67
20080608,30,0.0,0.0,0.0,1.0,522.56
20080608,31,0.0,0.0,0.0,2.0,1221.24
20080608,32,0.0,0.0,0.0,1.0,445.75
20080608,78,0.0,0.0,0.0,1.0,641.64
20080608,79,0.0,0.0,0.0,1.0,486.92
20080608,81,0.0,0.0,0.0,1.0,193.54
20080608,90,0.0,0.0,0.0,1.0,670.0
20080608,95,0.0,0.0,0.0,2.0,1459.88
20080608,96,0.0,0.0,0.0,1.0,551.28
20080608,97,0.0,0.0,0.0,1.0,724.16
20080608,98,0.0,0.0,0.0,4.0,2502.08
20080608,99,0.0,9.0,2403.45,2.0,534.1
20080608,101,0.0,0.0,0.0,1.0,166.1
20080608,102,0.0,0.0,0.0,1.0,334.73
20080608,103,0.0,0.0,0.0,1.0,268.08
20080608,113,0.0,0.0,0.0,1.0,192.89
20080608,114,0.0,0.0,0.0,1.0,177.93
20080608,116,0.0,0.0,0.0,1.0,203.24
20080608,117,0.0,0.0,0.0,1.0,186.0
20080608,118,0.0,0.0,0.0,1.0,240.16
20080609,19,0.0,0.0,0.0,3.0,2231.61
20080609,20,0.0,0.0,0.0,1.0,774.82
20080609,22,0.0,0.0,0.0,4.0,2883.44
20080609,23,0.0,0.0,0.0,2.0,1337.66
20080609,29,0.0,0.0,0.0,1.0,426.06
20080609,31,0.0,0.0,0.0,3.0,1839.18
20080609,32,0.0,0.0,0.0,3.0,1333.23
20080609,76,0.0,0.0,0.0,1.0,448.87
20080609,77,0.0,0.0,0.0,1.0,659.62
20080609,78,0.0,0.0,0.0,2.0,1278.92
20080609,89,0.0,0.0,0.0,1.0,697.66
20080609,93,0.0,0.0,0.0,1.0,383.88
20080609,94,0.0,0.0,0.0,1.0,378.21
20080609,95,0.0,0.0,0.0,1.0,728.62
20080609,96,0.0,0.0,0.0,1.0,551.95
20080609,97,0.0,0.0,0.0,1.0,723.94
20080609,98,0.0,0.0,0.0,2.0,1254.56
20080609,99,0.0,0.0,0.0,2.0,535.54
20080609,102,0.0,0.0,0.0,1.0,334.29
20080609,103,0.0,0.0,0.0,1.0,267.6
20080609,104,0.0,0.0,0.0,1.0,318.73
20080609,112,0.0,0.0,0.0,1.0,161.18
20080609,116,0.0,0.0,0.0,1.0,203.83
20080609,117,0.0,0.0,0.0,2.0,371.56
20080609,118,0.0,0.0,0.0,2.0,479.26
20080610,18,0.0,0.0,0.0,1.0,730.98
20080610,20,0.0,0.0,0.0,4.0,3098.36
20080610,21,0.0,0.0,0.0,3.0,2191.14
20080610,22,0.0,0.0,0.0,2.0,1444.18
20080610,23,0.0,0.0,0.0,2.0,1341.94
20080610,26,0.0,0.0,0.0,1.0,916.48
20080610,29,0.0,24.0,10195.68,0.0,0.0
20080610,30,0.0,0.0,0.0,1.0,523.76
20080610,31,0.0,0.0,0.0,2.0,1228.58
20080610,32,0.0,0.0,0.0,2.0,892.28
20080610,80,0.0,0.0,0.0,1.0,169.61
20080610,81,0.0,0.0,0.0,1.0,193.36
20080610,89,0.0,0.0,0.0,1.0,694.8
20080610,90,0.0,0.0,0.0,1.0,674.57
20080610,91,0.0,0.0,0.0,1.0,655.71
20080610,92,0.0,0.0,0.0,1.0,412.31
20080610,93,0.0,0.0,0.0,1.0,385.41
20080610,96,0.0,0.0,0.0,2.0,1101.8
20080610,97,0.0,0.0,0.0,1.0,725.39
20080610,102,0.0,0.0,0.0,1.0,334.09
20080610,103,0.0,0.0,0.0,1.0,268.27
20080610,113,0.0,0.0,0.0,1.0,194.24
20080610,115,0.0,0.0,0.0,1.0,200.87
20080610,117,0.0,0.0,0.0,1.0,185.33
20080610,118,0.0,0.0,0.0,1.0,239.77
20080611,18,0.0,0.0,0.0,5.0,3654.55
20080611,19,0.0,0.0,0.0,2.0,1487.14
20080611,20,0.0,0.0,0.0,2.0,1549.32
20080611,21,0.0,0.0,0.0,3.0,2183.91
20080611,22,0.0,0.0,0.0,3.0,2161.92
20080611,23,0.0,0.0,0.0,2.0,1337.24
20080611,24,0.0,0.0,0.0,2.0,2092.46
20080611,28,0.0,0.0,0.0,1.0,931.09
20080611,30,0.0,0.0,0.0,1.0,524.65
20080611,31,0.0,0.0,0.0,1.0,611.83
20080611,33,0.0,0.0,0.0,1.0,425.06
20080611,76,0.0,0.0,0.0,1.0,446.71
20080611,81,0.0,0.0,0.0,1.0,192.86
20080611,85,0.0,0.0,0.0,1.0,162.3
20080611,90,0.0,0.0,0.0,2.0,1352.92
20080611,95,0.0,0.0,0.0,2.0,1468.06
20080611,98,0.0,0.0,0.0,1.0,624.96
20080611,99,0.0,0.0,0.0,1.0,267.21
20080611,102,0.0,0.0,0.0,2.0,671.06
20080611,103,0.0,0.0,0.0,1.0,268.64
20080611,104,0.0,0.0,0.0,1.0,320.04
20080611,105,0.0,0.0,0.0,1.0,290.58
20080611,106,0.0,0.0,0.0,1.0,80.86
20080611,109,0.0,0.0,0.0,2.0,143.66
20080611,110,0.0,0.0,0.0,1.0,64.6
20080611,114,0.0,0.0,0.0,1.0,178.23
20080611,115,0.0,0.0,0.0,2.0,399.84
20080611,116,0.0,0.0,0.0,2.0,406.12
20080611,117,0.0,0.0,0.0,1.0,185.97
20080611,118,0.0,0.0,0.0,4.0,955.04
20080612,18,0.0,0.0,0.0,3.0,2193.6
20080612,19,0.0,0.0,0.0,1.0,744.62
20080612,21,0.0,0.0,0.0,3.0,2183.25
20080612,24,0.0,15.0,15655.8,0.0,0.0
20080612,31,0.0,0.0,0.0,1.0,612.56
20080612,76,0.0,0.0,0.0,2.0,890.12
20080612,78,0.0,0.0,0.0,1.0,639.39
20080612,79,0.0,0.0,0.0,1.0,488.04
20080612,81,0.0,11.0,2118.27,0.0,0.0
20080612,83,0.0,0.0,0.0,1.0,160.27
20080612,88,0.0,0.0,0.0,2.0,1601.0
20080612,89,0.0,0.0,0.0,1.0,693.41
20080612,90,0.0,0.0,0.0,3.0,2022.66
20080612,95,0.0,0.0,0.0,2.0,1473.34
20080612,97,0.0,0.0,0.0,1.0,732.01
20080612,102,0.0,17.0,5713.7,1.0,336.1
20080612,103,0.0,0.0,0.0,1.0,267.51
20080612,105,0.0,7.0,2040.36,0.0,0.0
20080612,108,0.0,0.0,0.0,1.0,84.57
20080612,111,0.0,0.0,0.0,1.0,202.62
20080612,115,0.0,0.0,0.0,1.0,200.02
20080612,116,0.0,0.0,0.0,2.0,404.74
20080612,118,0.0,0.0,0.0,2.0,477.1
20080613,18,0.0,7.0,5139.4,3.0,2202.6
20080613,21,0.0,0.0,0.0,1.0,725.86
20080613,23,0.0,0.0,0.0,1.0,672.7
20080613,27,0.0,0.0,0.0,1.0,934.52
20080613,29,0.0,0.0,0.0,1.0,425.2
20080613,31,0.0,0.0,0.0,2.0,1225.62
20080613,33,0.0,0.0,0.0,1.0,424.46
20080613,76,0.0,0.0,0.0,1.0,445.15
20080613,77,0.0,0.0,0.0,1.0,658.23
20080613,78,0.0,0.0,0.0,2.0,1285.04
20080613,79,0.0,0.0,0.0,2.0,979.98
20080613,82,0.0,0.0,0.0,1.0,204.96
20080613,86,0.0,0.0,0.0,1.0,167.37
20080613,88,0.0,0.0,0.0,2.0,1593.16
20080613,92,0.0,0.0,0.0,1.0,413.8
20080613,93,0.0,0.0,0.0,1.0,383.45
20080613,95,0.0,0.0,0.0,1.0,738.58
20080613,96,0.0,0.0,0.0,1.0,553.65
20080613,97,0.0,18.0,13139.28,1.0,729.96
20080613,98,0.0,0.0,0.0,2.0,1253.8
20080613,99,0.0,0.0,0.0,2.0,539.62
20080613,104,0.0,0.0,0.0,1.0,318.54
20080613,110,0.0,0.0,0.0,1.0,64.38
20080613,113,0.0,0.0,0.0,1.0,194.61
20080613,116,0.0,0.0,0.0,1.0,201.96
20080613,118,0.0,0.0,0.0,3.0,717.66
20080614,18,0.0,0.0,0.0,3.0,2196.42
20080614,19,0.0,0.0,0.0,1.0,743.5
20080614,20,0.0,0.0,0.0,1.0,777.14
20080614,21,0.0,0.0,0.0,4.0,2908.36
20080614,22,0.0,0.0,0.0,5.0,3595.6
20080614,23,0.0,0.0,0.0,1.0,675.19
20080614,27,0.0,18.0,16839.9,0.0,0.0
20080614,28,0.0,0.0,0.0,1.0,933.22
20080614,29,0.0,0.0,0.0,1.0,423.24
20080614,30,0.0,0.0,0.0,2.0,1056.98
20080614,32,0.0,0.0,0.0,1.0,451.11
20080614,33,0.0,0.0,0.0,4.0,1698.52
20080614,75,0.0,0.0,0.0,2.0,798.48
20080614,76,0.0,0.0,0.0,1.0,446.44
20080614,77,0.0,0.0,0.0,1.0,657.77
20080614,78,0.0,17.0,10961.09,0.0,0.0
20080614,82,0.0,0.0,0.0,1.0,205.27
20080614,92,0.0,0.0,0.0,1.0,412.35
20080614,93,0.0,0.0,0.0,1.0,383.91
20080614,94,0.0,0.0,0.0,1.0,381.28
20080614,95,0.0,0.0,0.0,8.0,5889.76
20080614,96,0.0,0.0,0.0,4.0,2210.6
20080614,97,0.0,0.0,0.0,3.0,2190.3
20080614,99,0.0,0.0,0.0,1.0,268.59
20080614,100,0.0,0.0,0.0,1.0,194.82
20080614,103,0.0,0.0,0.0,2.0,534.92
20080614,104,0.0,0.0,0.0,4.0,1279.48
20080614,107,0.0,0.0,0.0,1.0,66.66
20080614,110,0.0,18.0,1156.68,0.0,0.0
20080614,116,0.0,0.0,0.0,3.0,604.08
20080615,18,0.0,19.0,13875.89,0.0,0.0
20080615,19,0.0,0.0,0.0,1.0,743.57
20080615,20,0.0,0.0,0.0,2.0,1549.3
20080615,21,0.0,17.0,12328.4,2.0,1450.4
20080615,22,0.0,16.0,11507.04,3.0,2157.57
20080615,23,0.0,0.0,0.0,2.0,1352.82
20080615,29,0.0,0.0,0.0,2.0,845.56
20080615,30,0.0,0.0,0.0,1.0,528.86
20080615,31,0.0,0.0,0.0,1.0,612.25
20080615,32,0.0,0.0,0.0,1.0,450.21
20080615,77,0.0,0.0,0.0,4.0,2642.12
20080615,79,0.0,0.0,0.0,1.0,491.41
20080615,80,0.0,0.0,0.0,1.0,167.36
20080615,83,0.0,0.0,0.0,1.0,160.49
20080615,88,0.0,0.0,0.0,2.0,1589.16
20080615,89,0.0,0.0,0.0,1.0,690.36
20080615,94,0.0,0.0,0.0,1.0,381.58
20080615,95,0.0,0.0,0.0,1.0,733.35
20080615,97,0.0,0.0,0.0,1.0,732.44
20080615,98,0.0,0.0,0.0,1.0,624.64
20080615,99,0.0,7.0,1882.79,1.0,268.97
20080615,101,0.0,0.0,0.0,1.0,165.87
20080615,103,0.0,0.0,0.0,1.0,267.16
20080615,105,0.0,0.0,0.0,1.0,292.85
20080615,110,0.0,0.0,0.0,1.0,63.98
20080615,111,0.0,0.0,0.0,1.0,202.38
20080615,114,0.0,0.0,0.0,1.0,177.75
20080615,115,0.0,0.0,0.0,1.0,198.45
20080615,116,0.0,28.0,5620.44,1.0,200.73
20080615,117,0.0,0.0,0.0,1.0,185.42
20080615,118,0.0,0.0,0.0,1.0,239.36
20080616,19,0.0,0.0,0.0,2.0,1492.66
20080616,20,0.0,0.0,0.0,2.0,1547.14
20080616,21,0.0,0.0,0.0,2.0,1452.58
20080616,22,0.0,0.0,0.0,1.0,718.91
20080616,23,0.0,0.0,0.0,2.0,1357.68
20080616,29,0.0,0.0,0.0,2.0,846.74
20080616,32,0.0,0.0,0.0,1.0,451.52
20080616,75,0.0,0.0,0.0,1.0,398.68
20080616,76,0.0,0.0,0.0,1.0,449.08
20080616,79,0.0,0.0,0.0,1.0,493.48
20080616,81,0.0,0.0,0.0,2.0,382.94
20080616,83,0.0,0.0,0.0,1.0,160.52
20080616,89,0.0,0.0,0.0,1.0,692.15
20080616,90,0.0,0.0,0.0,2.0,1339.68
20080616,92,0.0,0.0,0.0,1.0,412.22
20080616,93,0.0,0.0,0.0,2.0,767.74
20080616,95,0.0,0.0,0.0,3.0,2210.16
20080616,96,0.0,0.0,0.0,1.0,550.33
20080616,98,0.0,0.0,0.0,1.0,625.27
20080616,102,0.0,0.0,0.0,1.0,336.29
20080616,104,0.0,0.0,0.0,1.0,319.27
20080616,114,0.0,0.0,0.0,1.0,177.11
20080616,117,0.0,0.0,0.0,1.0,185.7
20080616,118,0.0,15.0,3584.25,3.0,716.85
20080617,18,0.0,0.0,0.0,6.0,4385.34
20080617,19,0.0,9.0,6749.82,1.0,749.98
20080617,20,0.0,26.0,20038.46,3.0,2312.13
20080617,22,0.0,0.0,0.0,1.0,722.21
20080617,23,0.0,0.0,0.0,1.0,681.9
20080617,26,0.0,0.0,0.0,1.0,905.34
20080617,31,0.0,0.0,0.0,2.0,1228.04
20080617,79,0.0,0.0,0.0,3.0,1486.35
20080617,83,0.0,0.0,0.0,2.0,320.56
20080617,88,0.0,0.0,0.0,2.0,1576.48
20080617,91,0.0,0.0,0.0,1.0,658.99
20080617,93,0.0,0.0,0.0,1.0,382.8
20080617,94,0.0,0.0,0.0,1.0,381.65
20080617,95,0.0,19.0,13948.66,1.0,734.14
20080617,96,0.0,0.0,0.0,3.0,1651.65
20080617,99,0.0,0.0,0.0,2.0,539.06
20080617,102,0.0,0.0,0.0,1.0,336.09
20080617,103,0.0,0.0,0.0,1.0,267.59
20080617,106,0.0,0.0,0.0,1.0,81.14
20080617,108,0.0,0.0,0.0,1.0,83.63
20080617,109,0.0,0.0,0.0,1.0,72.33
20080617,112,0.0,0.0,0.0,1.0,159.16
20080617,114,0.0,0.0,0.0,1.0,177.28
20080617,116,0.0,0.0,0.0,3.0,597.33
20080617,117,0.0,0.0,0.0,3.0,558.15
20080617,118,0.0,0.0,0.0,2.0,479.48
20080618,18,0.0,0.0,0.0,2.0,1458.42
20080618,19,0.0,0.0,0.0,2.0,1504.16
20080618,20,0.0,0.0,0.0,1.0,767.39
20080618,21,0.0,0.0,0.0,1.0,727.73
20080618,22,0.0,0.0,0.0,1.0,718.96
20080618,23,0.0,0.0,0.0,2.0,1359.84
20080618,24,0.0,0.0,0.0,1.0,1045.04
20080618,29,0.0,0.0,0.0,1.0,421.51
20080618,31,0.0,0.0,0.0,2.0,1225.46
20080618,33,0.0,0.0,0.0,1.0,423.39
20080618,78,0.0,0.0,0.0,1.0,643.59
20080618,79,0.0,12.0,5944.2,0.0,0.0
20080618,83,0.0,0.0,0.0,2.0,320.04
20080618,87,0.0,0.0,0.0,1.0,166.49
20080618,90,0.0,0.0,0.0,1.0,670.38
20080618,91,0.0,3.0,1985.85,1.0,661.95
20080618,93,0.0,0.0,0.0,1.0,381.69
20080618,96,0.0,10.0,5480.7,2.0,1096.14
20080618,97,0.0,0.0,0.0,3.0,2197.71
20080618,98,0.0,0.0,0.0,1.0,627.71
20080618,99,0.0,0.0,0.0,1.0,270.02
20080618,104,0.0,0.0,0.0,1.0,320.54
20080618,105,0.0,0.0,0.0,3.0,885.48
20080618,109,0.0,0.0,0.0,1.0,72.66
20080618,113,0.0,0.0,0.0,1.0,194.08
20080618,115,0.0,0.0,0.0,1.0,197.28
20080618,116,0.0,0.0,0.0,2.0,400.0
20080619,18,0.0,0.0,0.0,1.0,730.37
20080619,19,0.0,0.0,0.0,2.0,1510.78
20080619,20,0.0,0.0,0.0,1.0,769.31
20080619,21,0.0,0.0,0.0,2.0,1454.3
20080619,22,0.0,0.0,0.0,3.0,2159.25
20080619,23,0.0,16.0,10883.04,1.0,680.19
20080619,27,0.0,0.0,0.0,1.0,934.59
20080619,29,0.0,0.0,0.0,1.0,420.54
20080619,30,0.0,0.0,0.0,2.0,1053.16
20080619,32,0.0,0.0,0.0,2.0,894.84
20080619,33,0.0,0.0,0.0,1.0,424.03
20080619,76,0.0,0.0,0.0,1.0,450.96
20080619,77,0.0,0.0,0.0,2.0,1314.72
20080619,78,0.0,0.0,0.0,1.0,646.1
20080619,80,0.0,0.0,0.0,2.0,338.82
20080619,89,0.0,0.0,0.0,2.0,1391.5
20080619,90,0.0,0.0,0.0,1.0,671.45
20080619,92,0.0,0.0,0.0,2.0,823.2
20080619,93,0.0,0.0,0.0,2.0,759.64
20080619,95,0.0,0.0,0.0,2.0,1476.82
20080619,98,0.0,0.0,0.0,2.0,1258.18
20080619,99,0.0,0.0,0.0,2.0,542.3
20080619,103,0.0,0.0,0.0,1.0,269.06
20080619,104,0.0,0.0,0.0,1.0,320.16
20080619,105,0.0,0.0,0.0,2.0,592.68
20080619,116,0.0,0.0,0.0,1.0,200.77
20080619,117,0.0,0.0,0.0,2.0,373.7
20080619,118,0.0,0.0,0.0,1.0,238.99
20080620,18,0.0,0.0,0.0,1.0,727.09
20080620,19,0.0,0.0,0.0,2.0,1509.42
20080620,20,0.0,0.0,0.0,1.0,773.0
20080620,21,0.0,0.0,0.0,2.0,1447.9
20080620,22,0.0,0.0,0.0,2.0,1434.62
20080620,23,0.0,0.0,0.0,3.0,2043.45
20080620,24,0.0,0.0,0.0,1.0,1043.57
20080620,25,0.0,0.0,0.0,1.0,1056.12
20080620,29,0.0,0.0,0.0,1.0,420.83
20080620,31,0.0,0.0,0.0,1.0,612.3
20080620,32,0.0,0.0,0.0,2.0,895.28
20080620,33,0.0,0.0,0.0,1.0,423.86
20080620,76,0.0,0.0,0.0,1.0,451.55
20080620,77,0.0,0.0,0.0,2.0,1319.58
20080620,82,0.0,0.0,0.0,1.0,206.17
20080620,88,0.0,0.0,0.0,1.0,789.25
20080620,91,0.0,0.0,0.0,1.0,662.8
20080620,95,0.0,0.0,0.0,1.0,738.92
20080620,97,0.0,0.0,0.0,2.0,1470.12
20080620,98,0.0,19.0,11902.36,1.0,626.44
20080620,99,0.0,0.0,0.0,3.0,816.63
20080620,100,0.0,0.0,0.0,1.0,199.01
20080620,101,0.0,0.0,0.0,4.0,664.12
20080620,104,0.0,0.0,0.0,1.0,321.09
20080620,110,0.0,0.0,0.0,1.0,64.01
20080620,116,0.0,0.0,0.0,2.0,401.98
20080620,117,0.0,0.0,0.0,1.0,186.52
20080620,118,0.0,0.0,0.0,1.0,239.71
20080621,18,0.0,0.0,0.0,3.0,2181.69
20080621,19,0.0,0.0,0.0,1.0,754.64
20080621,20,0.0,0.0,0.0,1.0,772.69
20080621,22,0.0,0.0,0.0,4.0,2865.8
20080621,23,0.0,0.0,0.0,1.0,680.94
20080621,27,0.0,0.0,0.0,2.0,1882.48
20080621,29,0.0,0.0,0.0,2.0,840.48
20080621,30,0.0,0.0,0.0,2.0,1052.4
20080621,76,0.0,0.0,0.0,2.0,907.52
20080621,78,0.0,0.0,0.0,3.0,1926.3
20080621,79,0.0,0.0,0.0,1.0,498.13
20080621,89,0.0,0.0,0.0,1.0,696.1
20080621,91,0.0,0.0,0.0,1.0,665.85
20080621,94,0.0,0.0,0.0,3.0,1153.68
20080621,95,0.0,0.0,0.0,1.0,738.26
20080621,96,0.0,0.0,0.0,2.0,1090.68
20080621,97,0.0,0.0,0.0,3.0,2200.35
20080621,98,0.0,0.0,0.0,3.0,1885.92
20080621,99,0.0,15.0,4076.7,0.0,0.0
20080621,101,0.0,0.0,0.0,1.0,165.38
20080621,102,0.0,0.0,0.0,1.0,335.08
20080621,103,0.0,0.0,0.0,1.0,270.08
20080621,104,0.0,0.0,0.0,2.0,642.36
20080621,108,0.0,0.0,0.0,1.0,84.31
20080621,116,0.0,0.0,0.0,2.0,403.86
20080621,117,0.0,0.0,0.0,2.0,372.66
20080621,118,0.0,0.0,0.0,4.0,954.32
20080622,18,0.0,0.0,0.0,4.0,2903.12
20080622,19,0.0,0.0,0.0,5.0,3778.1
20080622,20,0.0,0.0,0.0,2.0,1544.78
20080622,21,0.0,0.0,0.0,1.0,728.96
20080622,22,0.0,0.0,0.0,2.0,1429.74
20080622,23,0.0,0.0,0.0,2.0,1364.74
20080622,25,0.0,0.0,0.0,1.0,1060.98
20080622,30,0.0,0.0,0.0,1.0,525.04
20080622,31,0.0,0.0,0.0,4.0,2432.08
20080622,77,0.0,0.0,0.0,1.0,659.78
20080622,81,0.0,0.0,0.0,1.0,190.53
20080622,82,0.0,0.0,0.0,1.0,204.3
20080622,88,0.0,0.0,0.0,1.0,793.59
20080622,90,0.0,0.0,0.0,1.0,671.78
20080622,91,0.0,25.0,16623.0,1.0,664.92
20080622,94,0.0,11.0,4235.22,0.0,0.0
20080622,95,0.0,0.0,0.0,1.0,739.0
20080622,96,0.0,0.0,0.0,1.0,544.08
20080622,99,0.0,0.0,0.0,1.0,271.31
20080622,104,0.0,0.0,0.0,1.0,320.28
20080622,108,0.0,0.0,0.0,1.0,84.16
20080622,109,0.0,0.0,0.0,1.0,72.78
20080622,116,0.0,0.0,0.0,2.0,403.7
20080623,18,0.0,0.0,0.0,1.0,723.6
20080623,19,0.0,23.0,17316.7,0.0,0.0
20080623,21,0.0,0.0,0.0,1.0,726.99
20080623,22,0.0,16.0,11461.92,1.0,716.37
20080623,23,0.0,0.0,0.0,1.0,685.58
20080623,30,0.0,0.0,0.0,1.0,526.78
20080623,31,0.0,13.0,7930.39,1.0,610.03
20080623,75,0.0,0.0,0.0,1.0,399.99
20080623,76,0.0,0.0,0.0,2.0,902.36
20080623,77,0.0,0.0,0.0,2.0,1321.94
20080623,78,0.0,0.0,0.0,2.0,1289.36
20080623,79,0.0,0.0,0.0,1.0,500.47
20080623,89,0.0,0.0,0.0,1.0,697.41
20080623,90,0.0,0.0,0.0,1.0,669.23
20080623,92,0.0,0.0,0.0,1.0,413.86
20080623,96,0.0,0.0,0.0,1.0,544.03
20080623,97,0.0,0.0,0.0,1.0,739.99
20080623,99,0.0,0.0,0.0,3.0,811.83
20080623,104,0.0,0.0,0.0,2.0,642.36
20080623,105,0.0,0.0,0.0,1.0,293.83
20080623,116,0.0,0.0,0.0,3.0,603.0
20080623,118,0.0,0.0,0.0,3.0,712.11
20080624,18,0.0,0.0,0.0,1.0,724.4
20080624,19,0.0,0.0,0.0,2.0,1508.5
20080624,20,0.0,0.0,0.0,2.0,1535.98
20080624,21,0.0,0.0,0.0,4.0,2902.44
20080624,22,0.0,0.0,0.0,2.0,1432.88
20080624,32,0.0,0.0,0.0,1.0,448.93
20080624,75,0.0,0.0,0.0,1.0,399.11
20080624,76,0.0,0.0,0.0,1.0,452.67
20080624,77,0.0,8.0,5290.4,3.0,1983.9
20080624,78,0.0,0.0,0.0,2.0,1293.86
20080624,79,0.0,0.0,0.0,1.0,500.52
20080624,84,0.0,0.0,0.0,1.0,173.77
20080624,90,0.0,0.0,0.0,1.0,667.96
20080624,96,0.0,0.0,0.0,4.0,2181.76
20080624,98,0.0,0.0,0.0,1.0,634.12
20080624,99,0.0,0.0,0.0,3.0,809.7
20080624,100,0.0,0.0,0.0,1.0,198.55
20080624,101,0.0,0.0,0.0,1.0,163.35
20080624,103,0.0,0.0,0.0,1.0,270.13
20080624,105,0.0,10.0,2927.7,0.0,0.0
20080624,114,0.0,0.0,0.0,1.0,177.44
20080624,116,0.0,0.0,0.0,2.0,403.9
20080624,118,0.0,0.0,0.0,2.0,476.02
20080625,18,0.0,13.0,9432.15,3.0,2176.65
20080625,20,0.0,0.0,0.0,2.0,1529.98
20080625,21,0.0,24.0,17416.32,0.0,0.0
20080625,22,0.0,0.0,0.0,3.0,2148.48
20080625,23,0.0,0.0,0.0,3.0,2063.91
20080625,24,0.0,0.0,0.0,2.0,2062.8
20080625,25,0.0,0.0,0.0,1.0,1054.84
20080625,26,0.0,0.0,0.0,1.0,903.78
20080625,32,0.0,0.0,0.0,2.0,902.36
20080625,33,0.0,0.0,0.0,2.0,857.42
20080625,75,0.0,0.0,0.0,1.0,399.15
20080625,76,0.0,3.0,1361.4,1.0,453.8
20080625,77,0.0,0.0,0.0,1.0,658.06
20080625,79,0.0,0.0,0.0,1.0,502.32
20080625,82,0.0,0.0,0.0,1.0,205.09
20080625,84,0.0,0.0,0.0,1.0,174.08
20080625,88,0.0,0.0,0.0,1.0,793.74
20080625,89,0.0,0.0,0.0,1.0,696.36
20080625,90,0.0,0.0,0.0,1.0,668.29
20080625,91,0.0,0.0,0.0,1.0,665.52
20080625,96,0.0,21.0,11432.61,3.0,1633.23
20080625,97,0.0,0.0,0.0,2.0,1485.0
20080625,98,0.0,0.0,0.0,1.0,634.31
20080625,101,0.0,0.0,0.0,1.0,163.67
20080625,112,0.0,0.0,0.0,2.0,316.08
20080625,116,0.0,0.0,0.0,1.0,201.72
20080625,118,0.0,18.0,4304.7,3.0,717.45
20080626,18,0.0,0.0,0.0,1.0,729.18
20080626,19,0.0,0.0,0.0,5.0,3771.25
20080626,21,0.0,0.0,0.0,1.0,729.23
20080626,23,0.0,0.0,0.0,3.0,2060.01
20080626,26,0.0,0.0,0.0,1.0,907.76
20080626,28,0.0,0.0,0.0,1.0,933.17
20080626,29,0.0,0.0,0.0,1.0,419.98
20080626,30,0.0,0.0,0.0,2.0,1060.1
20080626,31,0.0,0.0,0.0,1.0,615.05
20080626,32,0.0,12.0,5413.56,0.0,0.0
20080626,76,0.0,0.0,0.0,1.0,451.94
20080626,87,0.0,0.0,0.0,1.0,166.25
20080626,89,0.0,0.0,0.0,1.0,698.59
20080626,90,0.0,20.0,13419.4,4.0,2683.88
20080626,91,0.0,0.0,0.0,1.0,666.52
20080626,93,0.0,0.0,0.0,1.0,386.78
20080626,95,0.0,0.0,0.0,2.0,1481.08
20080626,96,0.0,0.0,0.0,1.0,544.3
20080626,97,0.0,0.0,0.0,1.0,744.13
20080626,98,0.0,0.0,0.0,1.0,634.37
20080626,99,0.0,0.0,0.0,2.0,541.38
20080626,103,0.0,0.0,0.0,2.0,537.08
20080626,105,0.0,0.0,0.0,2.0,584.42
20080626,115,0.0,0.0,0.0,1.0,194.76
20080626,116,0.0,0.0,0.0,2.0,401.96
20080626,117,0.0,0.0,0.0,1.0,186.75
20080627,18,0.0,0.0,0.0,2.0,1464.34
20080627,19,0.0,0.0,0.0,2.0,1505.48
20080627,22,0.0,0.0,0.0,2.0,1433.88
20080627,24,0.0,0.0,0.0,2.0,2068.58
20080627,27,0.0,0.0,0.0,1.0,947.93
20080627,28,0.0,0.0,0.0,3.0,2805.09
20080627,33,0.0,0.0,0.0,1.0,428.14
20080627,76,0.0,0.0,0.0,1.0,450.81
20080627,83,0.0,0.0,0.0,1.0,158.79
20080627,84,0.0,0.0,0.0,1.0,172.99
20080627,89,0.0,6.0,4190.28,1.0,698.38
20080627,90,0.0,0.0,0.0,1.0,671.1
20080627,95,0.0,0.0,0.0,4.0,2959.2
20080627,98,0.0,0.0,0.0,1.0,635.52
20080627,99,0.0,0.0,0.0,2.0,540.12
20080627,100,0.0,0.0,0.0,1.0,197.63
20080627,102,0.0,0.0,0.0,1.0,334.77
20080627,104,0.0,0.0,0.0,1.0,322.72
20080627,108,0.0,0.0,0.0,1.0,83.9
20080627,110,0.0,0.0,0.0,1.0,63.61
20080627,112,0.0,0.0,0.0,1.0,157.41
20080627,113,0.0,0.0,0.0,1.0,193.44
20080627,116,0.0,0.0,0.0,2.0,402.92
20080627,117,0.0,0.0,0.0,2.0,375.04
20080627,118,0.0,0.0,0.0,1.0,240.09
20080628,18,0.0,0.0,0.0,5.0,3647.3
20080628,19,0.0,0.0,0.0,4.0,3001.92
20080628,20,0.0,0.0,0.0,1.0,761.78
20080628,22,0.0,0.0,0.0,1.0,717.73
20080628,23,0.0,0.0,0.0,2.0,1378.28
20080628,24,0.0,0.0,0.0,1.0,1034.08
20080628,26,0.0,0.0,0.0,1.0,913.12
20080628,28,0.0,0.0,0.0,1.0,936.44
20080628,29,0.0,0.0,0.0,2.0,837.44
20080628,30,0.0,0.0,0.0,3.0,1589.01
20080628,31,0.0,0.0,0.0,4.0,2476.96
20080628,32,0.0,0.0,0.0,4.0,1810.28
20080628,33,0.0,0.0,0.0,1.0,429.77
20080628,76,0.0,11.0,4972.33,1.0,452.03
20080628,78,0.0,0.0,0.0,1.0,646.93
20080628,87,0.0,0.0,0.0,1.0,165.1
20080628,90,0.0,0.0,0.0,2.0,1342.48
20080628,91,0.0,0.0,0.0,1.0,669.79
20080628,94,0.0,0.0,0.0,1.0,387.8
20080628,95,0.0,0.0,0.0,1.0,740.54
20080628,97,0.0,0.0,0.0,1.0,741.83
20080628,102,0.0,0.0,0.0,1.0,334.61
20080628,106,0.0,0.0,0.0,1.0,80.01
20080628,114,0.0,0.0,0.0,1.0,178.18
20080628,116,0.0,0.0,0.0,1.0,200.76
20080628,117,0.0,21.0,3956.82,1.0,188.42
20080628,118,0.0,0.0,0.0,3.0,717.87
20080629,19,0.0,0.0,0.0,1.0,752.73
20080629,20,0.0,0.0,0.0,3.0,2279.64
20080629,21,0.0,0.0,0.0,2.0,1458.9
20080629,22,0.0,0.0,0.0,1.0,720.6
20080629,23,0.0,21.0,14541.45,2.0,1384.9
20080629,24,0.0,0.0,0.0,1.0,1031.81
20080629,25,0.0,0.0,0.0,1.0,1050.09
20080629,26,0.0,26.0,23726.82,0.0,0.0
20080629,32,0.0,0.0,0.0,1.0,450.9
20080629,33,0.0,12.0,5134.56,1.0,427.88
20080629,78,0.0,0.0,0.0,1.0,647.96
20080629,81,0.0,0.0,0.0,1.0,189.84
20080629,83,0.0,0.0,0.0,2.0,319.76
20080629,84,0.0,0.0,0.0,1.0,173.83
20080629,86,0.0,0.0,0.0,1.0,165.53
20080629,90,0.0,0.0,0.0,1.0,672.78
20080629,91,0.0,0.0,0.0,1.0,670.52
20080629,92,0.0,0.0,0.0,1.0,414.97
20080629,93,0.0,0.0,0.0,2.0,778.12
20080629,95,0.0,0.0,0.0,2.0,1484.18
20080629,96,0.0,0.0,0.0,2.0,1083.26
20080629,97,0.0,2.0,1484.24,1.0,742.12
20080629,99,0.0,0.0,0.0,2.0,541.26
20080629,102,0.0,0.0,0.0,1.0,336.28
20080629,104,0.0,0.0,0.0,3.0,964.77
20080629,107,0.0,0.0,0.0,1.0,65.34
20080629,109,0.0,0.0,0.0,1.0,72.73
20080629,116,0.0,0.0,0.0,1.0,200.55
20080629,117,0.0,0.0,0.0,1.0,188.29
20080629,118,0.0,0.0,0.0,1.0,238.55
20080630,18,0.0,0.0,0.0,2.0,1450.9
20080630,19,0.0,0.0,0.0,3.0,2250.75
20080630,20,0.0,0.0,0.0,2.0,1525.84
20080630,21,0.0,0.0,0.0,2.0,1452.04
20080630,22,0.0,0.0,0.0,3.0,2169.57
20080630,26,0.0,0.0,0.0,2.0,1829.52
20080630,30,0.0,0.0,0.0,1.0,526.81
20080630,75,0.0,0.0,0.0,1.0,399.29
20080630,76,0.0,0.0,0.0,1.0,451.98
20080630,83,0.0,0.0,0.0,1.0,160.5
20080630,89,0.0,0.0,0.0,1.0,693.71
20080630,94,0.0,0.0,0.0,2.0,779.64
20080630,99,0.0,5.0,1359.1,1.0,271.82
20080630,100,0.0,0.0,0.0,1.0,197.32
20080630,104,0.0,23.0,7419.57,0.0,0.0
20080630,116,0.0,0.0,0.0,1.0,201.26
20080630,117,0.0,0.0,0.0,1.0,188.66
20080630,118,0.0,0.0,0.0,1.0,238.07
20080701,18,0.0,25.0,18100.0,0.0,0.0
20080701,116,0.0,23.0,4644.16,0.0,0.0
