DateKey,ProductAlternateKey,UnitCost,UnitsOut,InventoryOutValue
20070701,BK-M18B-40,199.88,21,4197.48
20070701,BK-M18B-42,158.81,24,3811.44
20070701,BK-M18B-44,206.55,19,3924.4500000000003
20070701,BK-M18B-48,173.34,38,6586.92
20070701,BK-M18B-52,214.3,10,2143.0
20070701,BK-M18S-40,75.88,36,2731.68
20070701,BK-M18S-42,64.44,34,2190.96
20070701,BK-M18S-44,80.37,24,1928.88
20070701,BK-M18S-48,77.97,24,1871.28
20070701,BK-M18S-52,62.11,42,2608.62
20070701,BK-M38S-38,316.49,24,7595.76
20070701,BK-M38S-40,268.83,31,8333.73
20070701,BK-M38S-42,316.46,20,6329.2
20070701,BK-M38S-46,293.63,20,5872.6
20070701,BK-M68B-38,693.42,62,42992.04
20070701,BK-M68B-42,720.78,61,43967.58
20070701,BK-M68B-46,679.78,38,25831.64
20070701,BK-M68S-38,726.36,62,45034.32
20070701,BK-M68S-42,719.28,43,30929.039999999997
20070701,BK-M68S-46,718.12,51,36624.12
20070701,BK-R19B-44,213.53,12,2562.36
20070701,BK-R19B-48,188.97,118,22298.46
20070701,BK-R19B-52,218.42,97,21186.739999999998
20070701,BK-R19B-58,255.13,44,11225.72
20070701,BK-R64Y-38,422.81,48,20294.88
20070701,BK-R64Y-40,489.46,50,24473.0
20070701,BK-R64Y-42,536.78,38,20397.64
20070701,BK-R64Y-44,446.04,15,6690.6
20070701,BK-R64Y-48,414.13,61,25261.93
20070701,BK-R79Y-40,697.04,112,78068.48
20070701,BK-R79Y-42,517.13,74,38267.62
20070701,BK-R79Y-44,682.51,23,15697.73
20070701,BK-R79Y-48,622.5,128,79680.0
20070701,BK-R89B-44,1005.24,52,52272.48
20070701,BK-R89B-48,809.46,54,43710.840000000004
20070701,BK-R89B-52,847.49,37,31357.13
20070701,BK-R89B-58,921.74,16,14747.84
20070701,BK-R89R-58,997.45,16,15959.2
20070701,BK-T18U-44,188.04,20,3760.7999999999997
20070701,BK-T18U-50,157.95,62,9792.9
20070701,BK-T18U-54,171.65,34,5836.1
20070701,BK-T18U-58,186.77,25,4669.25
20070701,BK-T18U-62,196.22,9,1765.98
20070701,BK-T18Y-44,177.68,56,9950.08
20070701,BK-T18Y-50,181.67,33,5995.11
20070701,BK-T18Y-54,168.44,33,5558.5199999999995
20070701,BK-T18Y-58,171.14,17,2909.3799999999997
20070701,BK-T18Y-62,167.85,50,8392.5
20070701,BK-T44U-46,403.44,29,11699.76
20070701,BK-T44U-50,393.16,7,2752.1200000000003
20070701,BK-T44U-54,374.27,58,21707.66
20070701,BK-T44U-60,389.39,45,17522.55
20070701,BK-T79U-46,808.89,58,46915.62
20070701,BK-T79U-50,680.65,28,19058.2
20070701,BK-T79U-54,730.08,13,9491.04
20070701,BK-T79U-60,737.71,57,42049.47
20070701,BK-T79Y-46,472.28,82,38726.96
20070701,BK-T79Y-50,626.38,32,20044.16
20070701,BK-T79Y-54,620.51,6,3723.06
20070701,BK-T79Y-60,471.63,55,25939.65
20070701,FR-M21B-40,129.7,1,129.7
20070701,FR-M21B-42,69.25,38,2631.5
20070701,FR-M21B-44,77.31,63,4870.53
20070701,FR-M21B-48,92.02,33,3036.66
20070701,FR-M21B-52,121.26,2,242.52
20070701,FR-M21S-40,89.55,33,2955.15
20070701,FR-M21S-42,79.09,56,4429.04
20070701,FR-M21S-44,98.44,29,2854.7599999999998
20070701,FR-M21S-48,91.17,7,638.19
20070701,FR-M21S-52,77.63,44,3415.72
20070701,FR-M63S-38,207.8,1,207.8
20070701,FR-M63S-40,115.76,94,10881.44
20070701,FR-M63S-42,119.89,53,6354.17
20070701,FR-M63S-46,122.04,31,3783.2400000000002
20070701,FR-M94B-38,411.8,14,5765.2
20070701,FR-M94B-42,395.71,45,17806.95
20070701,FR-M94S-38,430.32,52,22376.64
20070701,FR-M94S-42,381.77,23,8780.71
20070701,FR-M94S-46,429.61,17,7303.37
20070701,FR-R38B-44,127.24,24,3053.7599999999998
20070701,FR-R38B-52,142.22,72,10239.84
20070701,FR-R38B-58,122.64,45,5518.8
20070701,FR-R38B-60,128.67,17,2187.39
20070701,FR-R72Y-38,230.84,43,9926.12
20070701,FR-R72Y-40,258.76,23,5951.48
20070701,FR-R72Y-44,186.38,81,15096.779999999999
20070701,FR-R72Y-48,233.23,44,10262.119999999999
20070701,FR-R92B-44,541.0,34,18394.0
20070701,FR-R92B-48,570.66,20,11413.199999999999
20070701,FR-R92R-44,479.65,32,15348.8
20070701,FR-R92R-48,513.08,16,8209.28
20070701,FR-R92R-62,471.6,27,12733.2
20070701,FR-T67U-44,105.37,2,210.74
20070701,FR-T67U-50,104.14,24,2499.36
20070701,FR-T67U-54,123.83,19,2352.77
20070701,FR-T67U-62,101.98,1,101.98
20070701,FR-T67Y-44,108.05,25,2701.25
20070701,FR-T67Y-50,102.17,15,1532.55
20070701,FR-T67Y-58,119.48,5,597.4
20070701,FR-T67Y-62,114.04,38,4333.52
20070701,FR-T98U-46,324.06,12,3888.7200000000003
20070701,FR-T98U-50,288.11,18,5185.9800000000005
20070701,FR-T98U-54,308.4,57,17578.8
20070701,FR-T98U-60,335.03,43,14406.289999999999
20070701,FR-T98Y-46,324.87,14,4548.18
20070701,FR-T98Y-50,348.9,16,5582.4
20070701,FR-T98Y-54,321.86,24,7724.64
20070701,FR-T98Y-60,307.46,29,8916.34
20070702,BK-M38S-40,268.86,1,268.86
20070702,BK-M68B-46,676.93,5,3384.6499999999996
20070702,BK-M68S-46,714.6,1,714.6
20070702,BK-R19B-44,213.51,1,213.51
20070702,BK-R19B-52,217.76,1,217.76
20070702,BK-R64Y-48,415.58,1,415.58
20070702,BK-R79Y-40,693.63,1,693.63
20070702,BK-R89B-48,805.5,1,805.5
20070702,BK-T44U-50,393.24,1,393.24
20070702,BK-T79U-46,812.28,1,812.28
20070703,BK-M18B-40,199.46,1,199.46
20070703,BK-M18S-44,80.99,1,80.99
20070703,BK-M68B-42,722.59,3,2167.77
20070703,BK-M68S-38,728.54,1,728.54
20070703,BK-M68S-42,713.76,2,1427.52
20070703,BK-M68S-46,711.95,1,711.95
20070703,BK-R19B-44,213.36,1,213.36
20070703,BK-R19B-48,189.09,1,189.09
20070703,BK-R19B-58,255.72,1,255.72
20070703,BK-R64Y-40,490.68,1,490.68
20070703,BK-R64Y-48,417.12,1,417.12
20070703,BK-R89B-44,1006.34,1,1006.34
20070703,BK-R89R-58,993.57,2,1987.14
20070703,BK-T18U-54,172.7,1,172.7
20070703,BK-T44U-46,404.94,1,404.94
20070703,BK-T44U-60,391.3,1,391.3
20070703,BK-T79U-60,738.15,1,738.15
20070704,BK-M68B-38,688.79,3,2066.37
20070704,BK-M68B-42,725.55,1,725.55
20070704,BK-M68B-46,676.12,1,676.12
20070704,BK-M68S-38,725.11,2,1450.22
20070704,BK-M68S-42,715.47,1,715.47
20070704,BK-M68S-46,710.24,1,710.24
20070704,BK-R19B-44,213.57,1,213.57
20070704,BK-R19B-48,189.98,1,189.98
20070704,BK-R19B-52,218.22,1,218.22
20070704,BK-R19B-58,254.49,1,254.49
20070704,BK-R64Y-44,440.93,1,440.93
20070704,BK-R79Y-42,517.84,1,517.84
20070704,BK-R79Y-48,624.99,1,624.99
20070704,BK-R89B-52,852.84,2,1705.68
20070704,BK-R89B-58,915.93,1,915.93
20070704,BK-T18Y-58,170.86,1,170.86
20070704,BK-T79U-50,681.26,1,681.26
20070704,BK-T79Y-50,630.9,2,1261.8
20070705,BK-M18S-42,64.12,1,64.12
20070705,BK-M68B-42,728.67,1,728.67
20070705,BK-M68B-46,675.3,1,675.3
20070705,BK-M68S-38,724.1,1,724.1
20070705,BK-R64Y-38,423.57,1,423.57
20070705,BK-R64Y-42,541.13,2,1082.26
20070705,BK-R89B-44,1004.61,1,1004.61
20070705,BK-R89B-48,813.82,1,813.82
20070705,BK-R89B-52,855.06,2,1710.12
20070705,BK-R89R-58,993.06,1,993.06
20070705,BK-T44U-50,390.89,1,390.89
20070705,BK-T79U-46,804.19,1,804.19
20070705,BK-T79U-54,727.02,1,727.02
20070706,BK-M38S-40,266.63,1,266.63
20070706,BK-M68B-38,690.58,1,690.58
20070706,BK-M68B-42,726.7,1,726.7
20070706,BK-M68B-46,672.94,2,1345.88
20070706,BK-T79Y-60,471.34,1,471.34
20070707,BK-M68B-38,690.16,3,2070.48
20070707,BK-M68B-42,723.58,1,723.58
20070707,BK-M68B-46,674.69,1,674.69
20070707,BK-R19B-44,213.87,1,213.87
20070707,BK-R64Y-42,541.45,1,541.45
20070707,BK-R79Y-42,516.39,1,516.39
20070707,BK-R79Y-44,690.81,2,1381.62
20070707,BK-R89B-44,1003.1,1,1003.1
20070707,BK-R89B-48,811.95,1,811.95
20070707,BK-R89B-52,855.48,1,855.48
20070707,BK-R89R-58,988.69,2,1977.38
20070707,BK-T18U-54,172.19,1,172.19
20070707,BK-T18Y-50,180.64,1,180.64
20070708,BK-M18S-40,76.47,1,76.47
20070708,BK-M38S-40,266.02,1,266.02
20070708,BK-M68B-38,688.23,1,688.23
20070708,BK-M68B-46,671.65,1,671.65
20070708,BK-M68S-38,719.76,2,1439.52
20070708,BK-M68S-42,717.18,1,717.18
20070708,BK-M68S-46,711.09,2,1422.18
20070708,BK-R19B-48,189.17,1,189.17
20070708,BK-R19B-52,218.56,1,218.56
20070708,BK-R64Y-38,422.85,1,422.85
20070708,BK-R89B-44,1006.51,1,1006.51
20070708,BK-T79U-46,802.01,1,802.01
20070708,BK-T79U-50,678.6,1,678.6
20070709,BK-M18B-44,205.41,1,205.41
20070709,BK-M18B-48,171.57,1,171.57
20070709,BK-M18S-42,64.52,1,64.52
20070709,BK-M38S-38,318.13,1,318.13
20070709,BK-M68B-42,723.43,1,723.43
20070709,BK-M68S-38,719.04,2,1438.08
20070709,BK-M68S-42,718.33,2,1436.66
20070709,BK-R19B-44,212.91,1,212.91
20070709,BK-R19B-48,189.34,1,189.34
20070709,BK-R19B-52,218.4,1,218.4
20070709,BK-R64Y-38,422.09,1,422.09
20070709,BK-R64Y-44,443.13,1,443.13
20070709,BK-R79Y-40,700.78,2,1401.56
20070709,BK-R89B-48,811.93,1,811.93
20070709,BK-T44U-50,390.85,1,390.85
20070709,BK-T79U-50,681.52,1,681.52
20070709,BK-T79Y-46,466.03,1,466.03
20070709,BK-T79Y-60,471.86,1,471.86
20070710,BK-M68S-38,721.41,3,2164.23
20070710,BK-R19B-44,212.18,3,636.54
20070710,BK-R19B-48,188.94,1,188.94
20070710,BK-R64Y-38,420.52,1,420.52
20070710,BK-R64Y-42,547.16,1,547.16
20070710,BK-R89B-44,1004.69,1,1004.69
20070710,BK-R89B-48,810.31,1,810.31
20070710,BK-T18Y-58,174.24,2,348.48
20070710,BK-T44U-50,391.51,1,391.51
20070710,BK-T79Y-60,470.06,1,470.06
20070711,BK-M38S-42,315.65,1,315.65
20070711,BK-M68B-38,692.92,2,1385.84
20070711,BK-M68B-42,721.47,3,2164.41
20070711,BK-M68B-46,677.31,3,2031.9299999999998
20070711,BK-M68S-42,718.1,1,718.1
20070711,BK-R19B-52,218.69,1,218.69
20070711,BK-R19B-58,254.89,1,254.89
20070711,BK-R64Y-38,419.43,2,838.86
20070711,BK-R64Y-40,495.5,1,495.5
20070711,BK-R79Y-42,517.99,1,517.99
20070711,BK-R89B-48,812.17,2,1624.34
20070711,BK-R89B-52,859.84,2,1719.68
20070711,BK-R89B-58,910.34,1,910.34
20070711,BK-T44U-54,371.35,2,742.7
20070712,BK-M18B-40,200.19,1,200.19
20070712,BK-M38S-46,294.82,1,294.82
20070712,BK-M68B-38,695.62,1,695.62
20070712,BK-M68S-46,713.21,1,713.21
20070712,BK-R19B-44,212.25,1,212.25
20070712,BK-R19B-48,189.2,1,189.2
20070712,BK-R19B-52,218.51,1,218.51
20070712,BK-R19B-58,255.07,1,255.07
20070712,BK-R64Y-48,416.22,1,416.22
20070712,BK-R79Y-42,517.01,1,517.01
20070712,BK-R79Y-48,613.69,1,613.69
20070712,BK-R89B-48,812.26,1,812.26
20070712,BK-R89R-58,980.7,1,980.7
20070712,BK-T79U-46,797.68,1,797.68
20070712,BK-T79U-54,720.83,1,720.83
20070713,BK-M18B-42,157.82,1,157.82
20070713,BK-M18S-40,76.86,1,76.86
20070713,BK-M38S-38,317.78,1,317.78
20070713,BK-M68B-38,698.89,1,698.89
20070713,BK-M68B-42,722.84,2,1445.68
20070713,BK-M68B-46,683.01,1,683.01
20070713,BK-M68S-38,717.81,1,717.81
20070713,BK-M68S-42,722.99,2,1445.98
20070713,BK-R19B-58,255.56,1,255.56
20070713,BK-R64Y-40,495.64,1,495.64
20070713,BK-R89B-58,907.97,1,907.97
20070713,BK-R89R-58,983.94,2,1967.88
20070713,BK-T18U-50,160.52,1,160.52
20070713,BK-T44U-54,370.23,1,370.23
20070714,BK-M38S-40,266.19,1,266.19
20070714,BK-M68B-38,697.35,1,697.35
20070714,BK-M68S-38,717.59,1,717.59
20070714,BK-M68S-42,725.66,1,725.66
20070714,BK-R19B-48,188.09,1,188.09
20070714,BK-R19B-58,254.89,2,509.78
20070714,BK-R64Y-48,416.17,1,416.17
20070714,BK-R89B-44,1011.12,2,2022.24
20070714,BK-R89B-48,816.56,1,816.56
20070714,BK-R89B-58,908.88,1,908.88
20070714,BK-R89R-58,985.71,1,985.71
20070714,BK-T18U-54,173.9,1,173.9
20070714,BK-T18U-58,187.81,1,187.81
20070714,BK-T79U-46,796.24,1,796.24
20070715,BK-M18B-44,205.36,1,205.36
20070715,BK-M18B-52,213.81,1,213.81
20070715,BK-M18S-42,64.25,1,64.25
20070715,BK-M38S-42,317.61,1,317.61
20070715,BK-M68B-42,718.51,1,718.51
20070715,BK-M68B-46,686.5,3,2059.5
20070715,BK-M68S-38,715.65,1,715.65
20070715,BK-M68S-42,725.23,1,725.23
20070715,BK-R19B-44,211.93,1,211.93
20070715,BK-R19B-52,219.8,1,219.8
20070715,BK-R19B-58,255.73,1,255.73
20070715,BK-R64Y-40,496.58,1,496.58
20070715,BK-R89B-48,818.77,1,818.77
20070715,BK-R89B-58,910.88,1,910.88
20070715,BK-R89R-58,984.13,1,984.13
20070715,BK-T18U-44,188.45,1,188.45
20070715,BK-T79Y-46,465.64,1,465.64
20070716,BK-M68B-42,720.45,2,1440.9
20070716,BK-M68B-46,683.82,1,683.82
20070716,BK-M68S-38,717.01,1,717.01
20070716,BK-M68S-46,717.27,1,717.27
20070716,BK-R19B-44,212.9,1,212.9
20070716,BK-R19B-48,187.62,2,375.24
20070716,BK-R64Y-38,417.54,1,417.54
20070716,BK-R89B-52,865.26,2,1730.52
20070716,BK-T18U-58,187.75,1,187.75
20070716,BK-T44U-50,393.04,1,393.04
20070716,BK-T79U-60,738.78,1,738.78
20070717,BK-M68B-46,686.69,1,686.69
20070717,BK-M68S-38,716.87,3,2150.61
20070717,BK-M68S-46,716.05,2,1432.1
20070717,BK-R19B-48,187.15,1,187.15
20070717,BK-R19B-52,219.99,1,219.99
20070717,BK-R64Y-40,494.5,1,494.5
20070717,BK-R64Y-42,551.59,1,551.59
20070717,BK-R79Y-44,691.54,1,691.54
20070717,BK-R89B-44,1014.05,1,1014.05
20070717,BK-R89B-52,868.72,1,868.72
20070717,BK-T44U-54,371.89,1,371.89
20070717,BK-T44U-60,395.69,1,395.69
20070717,BK-T79U-50,686.69,1,686.69
20070718,BK-M68B-38,699.86,1,699.86
20070718,BK-R64Y-38,418.54,1,418.54
20070718,BK-R79Y-40,704.33,2,1408.66
20070718,BK-R79Y-44,690.3,1,690.3
20070718,BK-R89B-52,872.28,1,872.28
20070718,BK-R89B-58,911.68,1,911.68
20070718,BK-T18U-50,161.19,1,161.19
20070718,BK-T79Y-60,466.31,1,466.31
20070719,BK-M68B-38,702.31,1,702.31
20070719,BK-M68B-46,686.97,1,686.97
20070719,BK-R19B-44,213.66,1,213.66
20070719,BK-R19B-48,187.9,2,375.8
20070719,BK-R19B-52,220.08,1,220.08
20070719,BK-R19B-58,258.17,1,258.17
20070719,BK-R64Y-44,441.77,1,441.77
20070719,BK-R79Y-42,521.35,2,1042.7
20070719,BK-R79Y-48,612.33,1,612.33
20070719,BK-T44U-60,393.95,1,393.95
20070719,BK-T79Y-46,469.94,1,469.94
20070720,BK-M18S-48,76.59,1,76.59
20070720,BK-M18S-52,62.8,1,62.8
20070720,BK-M68B-38,700.06,3,2100.18
20070720,BK-M68B-46,683.81,1,683.81
20070720,BK-M68S-38,714.5,2,1429.0
20070720,BK-R19B-44,214.33,1,214.33
20070720,BK-R19B-52,220.96,1,220.96
20070720,BK-R64Y-42,555.34,1,555.34
20070720,BK-R64Y-44,441.24,1,441.24
20070720,BK-R64Y-48,412.27,1,412.27
20070720,BK-R79Y-40,698.57,1,698.57
20070720,BK-R79Y-44,688.85,1,688.85
20070720,BK-R89B-44,1011.21,2,2022.42
20070720,BK-R89B-52,868.88,1,868.88
20070720,BK-R89R-58,981.56,3,2944.68
20070720,BK-T18U-44,188.42,1,188.42
20070720,BK-T44U-46,411.6,1,411.6
20070720,BK-T79U-50,680.12,1,680.12
20070721,BK-M18B-40,198.07,1,198.07
20070721,BK-M38S-38,313.01,1,313.01
20070721,BK-M38S-46,298.31,1,298.31
20070721,BK-M68B-46,685.31,1,685.31
20070721,BK-R19B-48,186.51,1,186.51
20070721,BK-R19B-52,222.02,1,222.02
20070721,BK-R79Y-40,695.29,1,695.29
20070721,BK-T18U-44,189.14,1,189.14
20070721,BK-T79U-54,720.87,1,720.87
20070722,BK-M18S-40,76.58,1,76.58
20070722,BK-M38S-46,299.44,1,299.44
20070722,BK-M68S-38,710.08,4,2840.32
20070722,BK-R19B-44,214.24,1,214.24
20070722,BK-R19B-58,258.37,1,258.37
20070722,BK-R64Y-40,493.5,1,493.5
20070722,BK-R64Y-48,411.07,1,411.07
20070722,BK-R79Y-44,687.33,1,687.33
20070722,BK-R89B-44,1017.08,2,2034.16
20070722,BK-R89B-52,867.74,1,867.74
20070722,BK-R89B-58,915.67,1,915.67
20070722,BK-T18U-58,185.57,1,185.57
20070722,BK-T79U-50,679.97,1,679.97
20070723,BK-M68B-46,685.23,1,685.23
20070723,BK-M68S-38,712.7,2,1425.4
20070723,BK-R19B-48,186.37,1,186.37
20070723,BK-R64Y-40,493.15,1,493.15
20070723,BK-R64Y-42,556.72,1,556.72
20070723,BK-R64Y-44,440.35,2,880.7
20070723,BK-R79Y-40,694.44,2,1388.88
20070723,BK-R89B-48,824.5,2,1649.0
20070723,BK-R89B-52,867.39,1,867.39
20070723,BK-R89B-58,917.23,1,917.23
20070723,BK-T79U-60,740.59,1,740.59
20070724,BK-M18B-44,203.51,1,203.51
20070724,BK-M18S-52,62.76,1,62.76
20070724,BK-M38S-42,315.39,1,315.39
20070724,BK-M68B-38,704.32,1,704.32
20070724,BK-M68B-42,714.05,1,714.05
20070724,BK-M68B-46,682.83,1,682.83
20070724,BK-M68S-38,715.62,2,1431.24
20070724,BK-M68S-42,727.37,2,1454.74
20070724,BK-M68S-46,710.04,1,710.04
20070724,BK-R19B-44,213.51,1,213.51
20070724,BK-R19B-48,186.45,1,186.45
20070724,BK-R19B-52,222.46,1,222.46
20070724,BK-R19B-58,260.52,2,521.04
20070724,BK-R64Y-44,442.55,1,442.55
20070724,BK-R64Y-48,411.36,1,411.36
20070724,BK-R89B-44,1014.24,2,2028.48
20070724,BK-R89B-48,826.73,1,826.73
20070724,BK-R89R-58,974.5,3,2923.5
20070724,BK-T18U-50,162.4,1,162.4
20070724,BK-T18Y-62,171.53,1,171.53
20070724,BK-T44U-60,397.74,1,397.74
20070724,BK-T79U-60,740.67,1,740.67
20070725,BK-M68B-38,706.29,1,706.29
20070725,BK-M68B-42,714.12,1,714.12
20070725,BK-M68B-46,682.22,1,682.22
20070725,BK-M68S-42,730.79,1,730.79
20070725,BK-M68S-46,708.34,1,708.34
20070725,BK-R19B-44,214.41,2,428.82
20070725,BK-R19B-48,186.8,1,186.8
20070725,BK-R19B-52,222.4,1,222.4
20070725,BK-R19B-58,260.91,1,260.91
20070725,BK-R64Y-38,416.86,1,416.86
20070725,BK-R89B-48,825.98,1,825.98
20070725,BK-R89B-52,869.99,2,1739.98
20070725,BK-T44U-60,395.87,1,395.87
20070726,BK-M68B-38,707.28,3,2121.84
20070726,BK-M68S-38,721.58,1,721.58
20070726,BK-M68S-42,727.21,3,2181.63
20070726,BK-M68S-46,707.42,1,707.42
20070726,BK-R19B-44,215.14,1,215.14
20070726,BK-R19B-58,260.91,1,260.91
20070726,BK-R89B-44,1009.88,1,1009.88
20070726,BK-R89B-48,823.42,1,823.42
20070726,BK-R89B-52,867.38,1,867.38
20070726,BK-T44U-54,373.22,1,373.22
20070726,BK-T44U-60,394.28,1,394.28
20070726,BK-T79U-54,732.11,1,732.11
20070726,BK-T79U-60,741.63,1,741.63
20070726,BK-T79Y-50,626.08,1,626.08
20070727,BK-M38S-38,311.44,1,311.44
20070727,BK-M38S-46,302.29,1,302.29
20070727,BK-M68B-46,680.71,1,680.71
20070727,BK-M68S-42,730.12,2,1460.24
20070727,BK-R19B-44,215.35,1,215.35
20070727,BK-R19B-48,186.76,1,186.76
20070727,BK-R19B-52,222.24,1,222.24
20070727,BK-R19B-58,259.76,1,259.76
20070727,BK-R79Y-40,696.59,1,696.59
20070727,BK-R79Y-44,688.4,1,688.4
20070727,BK-R79Y-48,614.95,1,614.95
20070727,BK-T18U-50,160.75,2,321.5
20070727,BK-T79Y-54,627.44,1,627.44
20070728,BK-M18B-42,160.59,1,160.59
20070728,BK-M18S-44,79.21,2,158.42
20070728,BK-M38S-46,301.36,1,301.36
20070728,BK-M68S-42,730.19,1,730.19
20070728,BK-R19B-58,258.86,1,258.86
20070728,BK-R64Y-38,419.36,2,838.72
20070728,BK-R64Y-40,485.26,1,485.26
20070728,BK-R64Y-42,560.62,1,560.62
20070728,BK-R79Y-48,614.64,2,1229.28
20070728,BK-R89B-52,867.54,1,867.54
20070728,BK-R89R-58,982.29,1,982.29
20070728,BK-T18U-54,174.19,1,174.19
20070728,BK-T79Y-54,625.49,1,625.49
20070729,BK-M18S-48,77.26,1,77.26
20070729,BK-M38S-40,267.48,1,267.48
20070729,BK-M38S-46,302.5,2,605.0
20070729,BK-M68B-38,712.53,3,2137.59
20070729,BK-M68B-42,715.32,1,715.32
20070729,BK-M68B-46,680.71,2,1361.42
20070729,BK-M68S-38,721.93,1,721.93
20070729,BK-M68S-42,733.48,1,733.48
20070729,BK-M68S-46,704.45,1,704.45
20070729,BK-R19B-48,186.88,1,186.88
20070729,BK-R19B-52,222.55,1,222.55
20070729,BK-R64Y-42,559.05,1,559.05
20070729,BK-R79Y-42,516.2,1,516.2
20070729,BK-R89B-44,1007.95,2,2015.9
20070729,BK-R89B-52,865.64,1,865.64
20070729,BK-R89B-58,920.32,1,920.32
20070729,BK-T18Y-62,171.6,1,171.6
20070729,BK-T79Y-46,464.68,1,464.68
20070729,BK-T79Y-50,627.32,1,627.32
20070729,BK-T79Y-60,473.14,1,473.14
20070730,BK-M38S-38,312.47,1,312.47
20070730,BK-M68S-38,723.23,3,2169.69
20070730,BK-M68S-46,705.08,1,705.08
20070730,BK-R19B-44,215.39,1,215.39
20070730,BK-R19B-48,186.84,1,186.84
20070730,BK-R79Y-44,692.13,1,692.13
20070730,BK-R89B-44,1003.01,1,1003.01
20070730,BK-R89B-58,921.79,1,921.79
20070730,BK-T18Y-62,171.62,1,171.62
20070730,BK-T79Y-46,463.24,1,463.24
20070731,BK-M18B-44,205.24,1,205.24
20070731,BK-M68B-38,710.96,2,1421.92
20070731,BK-M68B-42,714.66,1,714.66
20070731,BK-M68B-46,682.34,1,682.34
20070731,BK-M68S-42,736.63,1,736.63
20070731,BK-M68S-46,702.9,1,702.9
20070731,BK-R19B-58,257.97,1,257.97
20070731,BK-R64Y-44,441.96,1,441.96
20070731,BK-R89B-44,1001.11,3,3003.33
20070731,BK-R89B-58,925.29,1,925.29
20070731,BK-T18U-44,187.42,1,187.42
20070731,BK-T18U-54,175.36,1,175.36
20070731,BK-T44U-46,410.05,1,410.05
20070731,BK-T44U-60,392.55,1,392.55
20070731,BK-T79U-54,735.24,1,735.24
20070801,BK-M18B-40,200.49,16,3207.84
20070801,BK-M18B-42,160.03,46,7361.38
20070801,BK-M18B-44,205.3,54,11086.2
20070801,BK-M18B-48,168.58,53,8934.74
20070801,BK-M18B-52,211.71,30,6351.3
20070801,BK-M18S-40,76.9,53,4075.7000000000003
20070801,BK-M18S-42,64.65,47,3038.55
20070801,BK-M18S-44,79.79,41,3271.3900000000003
20070801,BK-M18S-48,76.36,49,3741.64
20070801,BK-M18S-52,62.29,48,2989.92
20070801,BK-M38S-38,312.3,20,6246.0
20070801,BK-M38S-40,267.1,67,17895.7
20070801,BK-M38S-42,316.42,17,5379.14
20070801,BK-M38S-46,303.65,24,7287.599999999999
20070801,BK-M68B-38,710.82,153,108755.46
20070801,BK-M68B-42,713.59,94,67077.46
20070801,BK-M68B-46,680.71,69,46968.990000000005
20070801,BK-M68S-38,719.83,82,59026.060000000005
20070801,BK-M68S-42,738.77,96,70921.92
20070801,BK-M68S-46,704.51,84,59178.84
20070801,BK-R19B-44,215.76,43,9277.68
20070801,BK-R19B-48,186.71,138,25765.98
20070801,BK-R19B-52,221.53,103,22817.59
20070801,BK-R19B-58,257.95,72,18572.399999999998
20070801,BK-R64Y-38,420.95,67,28203.649999999998
20070801,BK-R64Y-40,486.72,70,34070.4
20070801,BK-R64Y-42,561.29,58,32554.82
20070801,BK-R64Y-44,443.06,42,18608.52
20070801,BK-R64Y-48,411.59,67,27576.53
20070801,BK-R79Y-40,698.32,139,97066.48000000001
20070801,BK-R79Y-42,516.91,66,34116.06
20070801,BK-R79Y-44,691.77,48,33204.96
20070801,BK-R79Y-48,611.44,140,85601.6
20070801,BK-R89B-44,998.41,74,73882.34
20070801,BK-R89B-48,822.84,61,50193.240000000005
20070801,BK-R89B-52,867.79,55,47728.45
20070801,BK-R89B-58,923.54,42,38788.68
20070801,BK-R89R-58,992.84,39,38720.76
20070801,BK-T18U-44,186.65,20,3733.0
20070801,BK-T18U-50,161.44,67,10816.48
20070801,BK-T18U-54,175.04,71,12427.84
20070801,BK-T18U-58,181.93,41,7459.13
20070801,BK-T18U-62,203.18,9,1828.6200000000001
20070801,BK-T18Y-44,177.2,85,15061.999999999998
20070801,BK-T18Y-50,178.96,69,12348.24
20070801,BK-T18Y-54,169.4,31,5251.400000000001
20070801,BK-T18Y-58,172.28,31,5340.68
20070801,BK-T18Y-62,170.24,101,17194.24
20070801,BK-T44U-46,411.41,53,21804.73
20070801,BK-T44U-50,395.3,13,5138.900000000001
20070801,BK-T44U-54,378.47,120,45416.4
20070801,BK-T44U-60,393.41,62,24391.420000000002
20070801,BK-T79U-46,811.76,97,78740.72
20070801,BK-T79U-50,667.89,63,42077.07
20070801,BK-T79U-54,737.52,34,25075.68
20070801,BK-T79U-60,737.55,133,98094.15
20070801,BK-T79Y-46,461.94,66,30488.04
20070801,BK-T79Y-50,632.55,50,31627.499999999996
20070801,BK-T79Y-54,627.99,30,18839.7
20070801,BK-T79Y-60,471.05,140,65947.0
20070801,FR-M21B-40,130.11,7,910.7700000000001
20070801,FR-M21B-42,70.41,64,4506.24
20070801,FR-M21B-44,78.33,82,6423.0599999999995
20070801,FR-M21B-48,94.06,50,4703.0
20070801,FR-M21B-52,119.91,13,1558.83
20070801,FR-M21S-40,90.61,73,6614.53
20070801,FR-M21S-42,79.14,87,6885.18
20070801,FR-M21S-44,95.15,44,4186.6
20070801,FR-M21S-48,92.92,15,1393.8
20070801,FR-M21S-52,77.59,63,4888.17
20070801,FR-M63S-38,208.97,6,1253.82
20070801,FR-M63S-40,117.6,117,13759.199999999999
20070801,FR-M63S-42,116.59,85,9910.15
20070801,FR-M63S-46,125.12,57,7131.84
20070801,FR-M94B-38,414.8,34,14103.2
20070801,FR-M94B-42,392.16,44,17255.04
20070801,FR-M94S-38,417.7,56,23391.2
20070801,FR-M94S-42,383.4,49,18786.6
20070801,FR-M94S-46,431.61,27,11653.470000000001
20070801,FR-R38B-44,126.22,13,1640.86
20070801,FR-R38B-52,143.85,97,13953.449999999999
20070801,FR-R38B-58,121.02,51,6172.0199999999995
20070801,FR-R38B-60,133.58,17,2270.86
20070801,FR-R72Y-38,223.99,58,12991.42
20070801,FR-R72Y-40,258.32,18,4649.76
20070801,FR-R72Y-44,188.63,125,23578.75
20070801,FR-R72Y-48,238.2,53,12624.599999999999
20070801,FR-R92B-44,535.29,49,26229.21
20070801,FR-R92B-48,574.52,19,10915.88
20070801,FR-R92R-44,478.77,46,22023.42
20070801,FR-R92R-48,501.75,18,9031.5
20070801,FR-R92R-62,460.8,54,24883.2
20070801,FR-T67U-44,106.95,13,1390.3500000000001
20070801,FR-T67U-50,104.05,58,6034.9
20070801,FR-T67U-54,124.45,25,3111.25
20070801,FR-T67U-58,102.96,4,411.84
20070801,FR-T67U-62,100.08,9,900.72
20070801,FR-T67Y-44,108.4,62,6720.8
20070801,FR-T67Y-50,103.56,29,3003.2400000000002
20070801,FR-T67Y-58,120.2,21,2524.2000000000003
20070801,FR-T67Y-62,112.35,43,4831.05
20070801,FR-T98U-46,334.08,22,7349.759999999999
20070801,FR-T98U-50,293.93,12,3527.16
20070801,FR-T98U-54,302.93,62,18781.66
20070801,FR-T98U-60,334.86,37,12389.82
20070801,FR-T98Y-46,330.96,21,6950.16
20070801,FR-T98Y-50,353.74,13,4598.62
20070801,FR-T98Y-54,322.38,92,29658.96
20070801,FR-T98Y-60,308.62,50,15431.0
20070802,BK-M68B-38,710.75,1,710.75
20070802,BK-M68S-42,735.37,1,735.37
20070802,BK-R19B-48,186.44,1,186.44
20070802,BK-R64Y-38,421.2,1,421.2
20070802,BK-R89B-44,995.21,2,1990.42
20070802,BK-T18Y-54,169.06,1,169.06
20070802,BK-T44U-46,412.56,1,412.56
20070802,BK-T79Y-50,631.09,1,631.09
20070803,BK-M18B-42,160.46,1,160.46
20070803,BK-M18B-44,206.06,1,206.06
20070803,BK-M38S-40,267.45,2,534.9
20070803,BK-M68B-42,717.09,1,717.09
20070803,BK-M68B-46,678.39,2,1356.78
20070803,BK-M68S-38,717.6,1,717.6
20070803,BK-M68S-42,731.91,1,731.91
20070803,BK-M68S-46,708.11,1,708.11
20070803,BK-R19B-48,187.08,1,187.08
20070803,BK-R64Y-38,423.18,1,423.18
20070803,BK-R89B-48,819.22,4,3276.88
20070803,BK-T18Y-44,176.0,1,176.0
20070803,BK-T18Y-58,172.02,1,172.02
20070803,BK-T79Y-46,464.67,1,464.67
20070804,BK-M18S-48,75.99,1,75.99
20070804,BK-M38S-40,267.61,1,267.61
20070804,BK-M38S-42,316.57,1,316.57
20070804,BK-M68B-42,715.23,1,715.23
20070804,BK-M68B-46,677.44,1,677.44
20070804,BK-M68S-38,720.04,1,720.04
20070804,BK-M68S-42,729.65,1,729.65
20070804,BK-M68S-46,707.05,1,707.05
20070804,BK-R19B-58,256.27,1,256.27
20070804,BK-R64Y-38,421.32,2,842.64
20070804,BK-R79Y-44,692.74,1,692.74
20070804,BK-T18U-62,202.76,1,202.76
20070804,BK-T44U-54,379.07,2,758.14
20070805,BK-M18B-44,205.01,1,205.01
20070805,BK-M68B-38,712.3,1,712.3
20070805,BK-M68B-42,716.73,1,716.73
20070805,BK-R64Y-38,421.82,1,421.82
20070805,BK-T79Y-54,631.7,1,631.7
20070806,BK-M68B-38,714.08,1,714.08
20070806,BK-M68B-46,673.18,4,2692.72
20070806,BK-M68S-38,717.23,2,1434.46
20070806,BK-R19B-52,220.66,1,220.66
20070806,BK-R64Y-38,422.71,1,422.71
20070806,BK-R64Y-44,448.81,1,448.81
20070806,BK-R79Y-44,691.08,1,691.08
20070806,BK-R79Y-48,610.15,1,610.15
20070806,BK-R89B-52,871.6,1,871.6
20070806,BK-R89B-58,921.3,1,921.3
20070806,BK-T79Y-54,631.44,1,631.44
20070807,BK-M18B-40,202.06,1,202.06
20070807,BK-M18B-52,210.75,1,210.75
20070807,BK-M38S-42,315.71,1,315.71
20070807,BK-M68B-42,716.01,1,716.01
20070807,BK-M68B-46,672.97,2,1345.94
20070807,BK-M68S-38,714.5,1,714.5
20070807,BK-M68S-42,725.41,1,725.41
20070807,BK-M68S-46,712.22,1,712.22
20070807,BK-R19B-44,216.94,1,216.94
20070807,BK-R19B-52,220.55,1,220.55
20070807,BK-R64Y-38,423.51,1,423.51
20070807,BK-R64Y-44,450.42,1,450.42
20070807,BK-R79Y-48,610.7,1,610.7
20070807,BK-R89B-44,987.36,2,1974.72
20070807,BK-R89B-48,819.7,1,819.7
20070807,BK-R89R-58,998.59,3,2995.77
20070807,BK-T18U-50,162.03,1,162.03
20070807,BK-T44U-50,396.17,1,396.17
20070808,BK-M18S-40,78.21,1,78.21
20070808,BK-M18S-48,75.72,1,75.72
20070808,BK-M68B-38,710.79,1,710.79
20070808,BK-M68S-38,713.72,2,1427.44
20070808,BK-M68S-46,712.22,2,1424.44
20070808,BK-R19B-44,216.66,2,433.32
20070808,BK-R19B-58,258.25,1,258.25
20070808,BK-R79Y-40,700.95,2,1401.9
20070808,BK-R89B-48,815.69,2,1631.38
20070808,BK-R89R-58,1001.68,2,2003.36
20070808,BK-T18Y-50,178.92,1,178.92
20070808,BK-T79Y-46,467.98,1,467.98
20070808,BK-T79Y-50,630.75,1,630.75
20070808,BK-T79Y-54,627.03,1,627.03
20070808,BK-T79Y-60,472.75,1,472.75
20070809,BK-M18B-48,167.77,1,167.77
20070809,BK-M18S-44,79.83,1,79.83
20070809,BK-M38S-40,267.53,1,267.53
20070809,BK-M68B-42,713.29,3,2139.87
20070809,BK-M68B-46,671.56,1,671.56
20070809,BK-M68S-42,726.05,1,726.05
20070809,BK-R19B-48,188.26,1,188.26
20070809,BK-R19B-52,219.4,1,219.4
20070809,BK-R19B-58,259.15,1,259.15
20070809,BK-R79Y-42,517.77,1,517.77
20070809,BK-R79Y-48,610.21,1,610.21
20070809,BK-R89B-44,993.59,1,993.59
20070809,BK-R89B-52,869.08,1,869.08
20070809,BK-R89R-58,1003.79,2,2007.58
20070809,BK-T44U-54,380.01,1,380.01
20070809,BK-T79U-54,734.41,2,1468.82
20070810,BK-M68B-38,708.8,1,708.8
20070810,BK-M68S-42,727.72,1,727.72
20070810,BK-R19B-44,217.65,1,217.65
20070810,BK-R19B-52,219.8,1,219.8
20070810,BK-R19B-58,258.43,1,258.43
20070810,BK-R64Y-40,486.47,1,486.47
20070811,BK-M68B-38,708.3,1,708.3
20070811,BK-M68B-46,672.23,1,672.23
20070811,BK-R19B-48,188.73,2,377.46
20070811,BK-R19B-52,219.07,1,219.07
20070811,BK-R19B-58,258.07,2,516.14
20070811,BK-R64Y-42,561.5,2,1123.0
20070811,BK-R89B-44,996.18,1,996.18
20070811,BK-R89B-48,817.3,2,1634.6
20070811,BK-T79U-60,734.15,1,734.15
20070811,BK-T79Y-50,631.19,1,631.19
20070812,BK-M18S-48,75.9,1,75.9
20070812,BK-M38S-38,312.66,1,312.66
20070812,BK-M68B-42,716.28,3,2148.84
20070812,BK-M68B-46,669.81,1,669.81
20070812,BK-M68S-42,731.22,1,731.22
20070812,BK-R19B-44,216.83,2,433.66
20070812,BK-R19B-48,189.09,2,378.18
20070812,BK-R64Y-40,486.8,1,486.8
20070812,BK-R64Y-42,559.48,1,559.48
20070812,BK-R64Y-44,445.66,1,445.66
20070812,BK-R79Y-40,697.79,1,697.79
20070812,BK-R79Y-44,685.28,1,685.28
20070812,BK-R79Y-48,604.79,1,604.79
20070812,BK-R89B-48,818.61,3,2455.83
20070812,BK-T18U-54,176.54,1,176.54
20070812,BK-T44U-46,414.36,1,414.36
20070812,BK-T44U-54,379.09,1,379.09
20070812,BK-T79Y-60,475.58,1,475.58
20070813,BK-M18B-42,159.05,1,159.05
20070813,BK-M18S-42,64.46,1,64.46
20070813,BK-M38S-38,313.09,1,313.09
20070813,BK-M38S-42,313.72,1,313.72
20070813,BK-M38S-46,306.63,1,306.63
20070813,BK-M68B-46,669.6,1,669.6
20070813,BK-M68S-38,716.71,2,1433.42
20070813,BK-M68S-42,732.68,1,732.68
20070813,BK-M68S-46,706.87,2,1413.74
20070813,BK-R19B-44,217.32,1,217.32
20070813,BK-R64Y-44,444.24,1,444.24
20070813,BK-R64Y-48,408.61,1,408.61
20070813,BK-R89B-58,919.25,1,919.25
20070813,BK-T18U-44,185.47,1,185.47
20070813,BK-T44U-50,398.63,1,398.63
20070814,BK-M38S-40,265.63,1,265.63
20070814,BK-M38S-46,306.29,1,306.29
20070814,BK-M68B-42,714.7,1,714.7
20070814,BK-M68S-38,717.36,1,717.36
20070814,BK-M68S-42,732.83,2,1465.66
20070814,BK-R19B-48,188.59,2,377.18
20070814,BK-R19B-52,220.23,2,440.46
20070814,BK-R19B-58,256.36,2,512.72
20070814,BK-R64Y-44,443.13,2,886.26
20070814,BK-R64Y-48,407.47,1,407.47
20070814,BK-T79U-60,736.86,1,736.86
20070815,BK-M38S-42,315.2,1,315.2
20070815,BK-M68S-42,730.78,1,730.78
20070815,BK-R19B-52,220.65,1,220.65
20070815,BK-R19B-58,257.39,1,257.39
20070815,BK-R64Y-40,491.63,1,491.63
20070815,BK-R64Y-42,558.24,1,558.24
20070815,BK-T18Y-44,174.59,1,174.59
20070816,BK-M18S-52,62.46,1,62.46
20070816,BK-M38S-46,306.31,1,306.31
20070816,BK-M68S-38,722.32,1,722.32
20070816,BK-M68S-46,700.81,3,2102.43
20070816,BK-R19B-58,256.67,1,256.67
20070816,BK-R64Y-38,418.91,1,418.91
20070816,BK-R64Y-40,490.4,1,490.4
20070816,BK-T18Y-44,175.18,1,175.18
20070816,BK-T18Y-62,172.98,1,172.98
20070816,BK-T44U-46,409.74,1,409.74
20070816,BK-T44U-50,398.06,1,398.06
20070816,BK-T44U-60,399.53,2,799.06
20070816,BK-T79Y-46,463.12,1,463.12
20070817,BK-M18B-48,167.34,1,167.34
20070817,BK-M38S-40,264.3,1,264.3
20070817,BK-M68B-42,708.86,1,708.86
20070817,BK-M68S-42,734.07,1,734.07
20070817,BK-R19B-48,189.52,2,379.04
20070817,BK-R64Y-48,407.22,1,407.22
20070817,BK-R79Y-40,693.04,2,1386.08
20070817,BK-R79Y-42,523.06,1,523.06
20070817,BK-R79Y-44,682.27,1,682.27
20070817,BK-R89B-48,818.01,2,1636.02
20070817,BK-T44U-46,410.31,1,410.31
20070817,BK-T79U-54,727.58,1,727.58
20070817,BK-T79Y-46,464.47,1,464.47
20070817,BK-T79Y-50,630.8,1,630.8
20070818,BK-M68B-38,707.37,1,707.37
20070818,BK-M68B-42,711.69,2,1423.38
20070818,BK-M68S-38,721.09,2,1442.18
20070818,BK-M68S-46,704.73,1,704.73
20070818,BK-R19B-44,216.2,2,432.4
20070818,BK-R19B-48,189.37,4,757.48
20070818,BK-R64Y-38,421.17,2,842.34
20070818,BK-R64Y-42,557.51,1,557.51
20070818,BK-R79Y-42,522.23,1,522.23
20070818,BK-R79Y-44,682.68,1,682.68
20070818,BK-R89B-44,998.74,3,2996.2200000000003
20070818,BK-R89B-52,873.31,1,873.31
20070818,BK-T18U-50,162.87,1,162.87
20070818,BK-T18Y-58,173.06,1,173.06
20070818,BK-T44U-50,400.49,1,400.49
20070818,BK-T79Y-46,466.14,1,466.14
20070818,BK-T79Y-60,474.52,1,474.52
20070819,BK-M68B-38,704.54,2,1409.08
20070819,BK-M68B-42,710.84,1,710.84
20070819,BK-M68S-38,724.11,2,1448.22
20070819,BK-M68S-46,704.94,1,704.94
20070819,BK-R19B-44,215.57,1,215.57
20070819,BK-R19B-48,188.68,1,188.68
20070819,BK-R19B-52,220.91,2,441.82
20070819,BK-R19B-58,256.51,1,256.51
20070819,BK-R64Y-42,559.63,1,559.63
20070819,BK-R64Y-44,443.78,1,443.78
20070819,BK-R64Y-48,407.3,1,407.3
20070819,BK-R89B-48,815.55,1,815.55
20070819,BK-T79U-46,801.64,1,801.64
20070819,BK-T79U-54,722.06,1,722.06
20070819,BK-T79Y-60,473.47,1,473.47
20070820,BK-M38S-46,307.97,3,923.9100000000001
20070820,BK-M68B-46,675.71,1,675.71
20070820,BK-R19B-48,189.34,1,189.34
20070820,BK-R19B-52,219.98,1,219.98
20070820,BK-R64Y-38,420.71,1,420.71
20070820,BK-R64Y-40,489.37,1,489.37
20070820,BK-R64Y-42,557.44,1,557.44
20070820,BK-R79Y-40,692.42,1,692.42
20070820,BK-R79Y-44,688.22,1,688.22
20070820,BK-R89B-58,909.26,1,909.26
20070820,BK-T44U-50,403.46,2,806.92
20070820,BK-T44U-60,396.42,1,396.42
20070820,BK-T79U-54,721.63,1,721.63
20070821,BK-M38S-40,265.33,1,265.33
20070821,BK-M68S-38,722.16,1,722.16
20070821,BK-R19B-44,216.78,2,433.56
20070821,BK-R19B-52,219.61,1,219.61
20070821,BK-R19B-58,254.87,1,254.87
20070821,BK-R64Y-42,556.55,1,556.55
20070821,BK-R64Y-48,407.51,1,407.51
20070821,BK-R79Y-40,694.57,1,694.57
20070821,BK-R79Y-42,527.62,1,527.62
20070821,BK-R79Y-48,599.35,1,599.35
20070821,BK-R89B-48,818.07,1,818.07
20070821,BK-R89R-58,1013.38,1,1013.38
20070821,BK-T79U-50,667.84,1,667.84
20070822,BK-M68B-38,701.86,2,1403.72
20070822,BK-M68S-42,735.15,1,735.15
20070822,BK-R19B-44,216.1,1,216.1
20070822,BK-R19B-48,188.3,1,188.3
20070822,BK-R19B-58,255.66,1,255.66
20070822,BK-R64Y-38,421.51,1,421.51
20070822,BK-R89B-44,993.05,2,1986.1
20070822,BK-T18U-44,186.94,1,186.94
20070823,BK-M18S-52,62.9,1,62.9
20070823,BK-M38S-38,315.0,1,315.0
20070823,BK-M68B-42,709.69,1,709.69
20070823,BK-M68B-46,670.39,2,1340.78
20070823,BK-M68S-38,724.18,1,724.18
20070823,BK-M68S-42,734.49,1,734.49
20070823,BK-R19B-52,221.59,1,221.59
20070823,BK-R64Y-40,484.64,1,484.64
20070823,BK-R89B-48,819.13,1,819.13
20070823,BK-R89B-52,871.11,1,871.11
20070823,BK-T79U-60,734.83,1,734.83
20070824,BK-M18B-48,167.64,1,167.64
20070824,BK-M18S-40,78.77,2,157.54
20070824,BK-M38S-42,313.75,1,313.75
20070824,BK-M68B-46,671.19,4,2684.76
20070824,BK-M68S-38,726.28,1,726.28
20070824,BK-M68S-42,733.32,1,733.32
20070824,BK-M68S-46,702.61,1,702.61
20070824,BK-R19B-48,187.85,1,187.85
20070824,BK-R19B-52,220.9,1,220.9
20070824,BK-R19B-58,255.51,1,255.51
20070824,BK-R64Y-38,423.28,2,846.56
20070824,BK-R64Y-42,553.16,1,553.16
20070824,BK-R64Y-48,407.71,1,407.71
20070824,BK-R79Y-48,598.92,1,598.92
20070824,BK-R89B-44,994.04,1,994.04
20070824,BK-T18U-58,186.98,1,186.98
20070824,BK-T18Y-54,169.57,1,169.57
20070824,BK-T79U-54,721.11,1,721.11
20070824,BK-T79Y-54,630.06,1,630.06
20070825,BK-M68B-38,696.19,1,696.19
20070825,BK-M68B-42,706.85,2,1413.7
20070825,BK-M68B-46,673.0,1,673.0
20070825,BK-M68S-38,729.48,1,729.48
20070825,BK-M68S-46,705.84,1,705.84
20070825,BK-R19B-48,187.31,1,187.31
20070825,BK-R19B-52,220.18,1,220.18
20070825,BK-R19B-58,255.2,1,255.2
20070825,BK-R64Y-38,423.36,2,846.72
20070825,BK-R89B-44,993.74,1,993.74
20070825,BK-R89B-52,873.11,1,873.11
20070825,BK-R89B-58,908.88,1,908.88
20070825,BK-T18U-54,176.09,1,176.09
20070825,BK-T18U-58,187.15,1,187.15
20070825,BK-T79U-54,719.95,2,1439.9
20070826,BK-M18B-52,212.85,1,212.85
20070826,BK-M68B-42,705.3,1,705.3
20070826,BK-M68B-46,672.8,2,1345.6
20070826,BK-M68S-42,731.48,1,731.48
20070826,BK-M68S-46,702.81,1,702.81
20070826,BK-R19B-48,187.91,1,187.91
20070826,BK-R19B-52,220.57,1,220.57
20070826,BK-R19B-58,255.1,1,255.1
20070826,BK-R64Y-38,422.09,1,422.09
20070826,BK-R64Y-42,553.99,1,553.99
20070826,BK-R64Y-44,441.65,1,441.65
20070826,BK-R64Y-48,406.68,1,406.68
20070826,BK-R79Y-48,594.26,2,1188.52
20070826,BK-R89R-58,1014.98,1,1014.98
20070826,BK-T18Y-44,176.2,1,176.2
20070826,BK-T18Y-50,179.05,1,179.05
20070826,BK-T18Y-58,171.06,1,171.06
20070826,BK-T44U-46,407.12,2,814.24
20070826,BK-T79U-60,734.24,1,734.24
20070827,BK-M18B-42,158.56,1,158.56
20070827,BK-M38S-38,319.17,1,319.17
20070827,BK-M68B-42,708.26,1,708.26
20070827,BK-R19B-58,255.61,1,255.61
20070827,BK-R79Y-40,696.21,1,696.21
20070827,BK-R89B-48,814.95,1,814.95
20070827,BK-T44U-50,410.86,1,410.86
20070827,BK-T79Y-46,463.89,1,463.89
20070827,BK-T79Y-60,466.22,1,466.22
20070828,BK-M38S-46,308.33,1,308.33
20070828,BK-M68B-38,694.52,1,694.52
20070828,BK-M68B-42,710.53,2,1421.06
20070828,BK-M68B-46,669.64,3,2008.92
20070828,BK-M68S-38,736.87,1,736.87
20070828,BK-R19B-44,214.89,1,214.89
20070828,BK-R19B-48,189.26,1,189.26
20070828,BK-R19B-58,256.3,1,256.3
20070828,BK-R64Y-42,557.54,1,557.54
20070828,BK-R89B-52,879.67,1,879.67
20070828,BK-T79U-54,717.21,1,717.21
20070828,BK-T79Y-60,467.02,1,467.02
20070829,BK-M18B-40,200.95,1,200.95
20070829,BK-M18B-44,210.56,1,210.56
20070829,BK-M38S-40,270.78,1,270.78
20070829,BK-M68B-46,670.18,2,1340.36
20070829,BK-R19B-48,190.04,3,570.12
20070829,BK-R19B-58,256.48,1,256.48
20070829,BK-R64Y-38,423.48,1,423.48
20070829,BK-R64Y-40,490.13,1,490.13
20070829,BK-R64Y-42,558.32,1,558.32
20070829,BK-R64Y-44,442.35,1,442.35
20070829,BK-R64Y-48,405.1,1,405.1
20070829,BK-R79Y-40,697.39,1,697.39
20070829,BK-R79Y-42,528.07,1,528.07
20070829,BK-R89B-48,817.06,1,817.06
20070829,BK-T44U-54,378.92,1,378.92
20070829,BK-T79U-46,815.35,1,815.35
20070829,BK-T79U-54,719.86,1,719.86
20070829,BK-T79Y-46,462.08,1,462.08
20070829,BK-T79Y-50,632.54,1,632.54
20070830,BK-M38S-40,269.78,1,269.78
20070830,BK-M68B-38,699.25,1,699.25
20070830,BK-M68S-42,726.8,1,726.8
20070830,BK-R19B-48,189.49,2,378.98
20070830,BK-R64Y-40,491.94,1,491.94
20070830,BK-R64Y-44,441.56,1,441.56
20070830,BK-R79Y-40,695.23,1,695.23
20070830,BK-R79Y-48,601.6,1,601.6
20070830,BK-R89B-44,988.67,1,988.67
20070830,BK-R89B-48,814.36,1,814.36
20070830,BK-R89B-52,886.9,2,1773.8
20070830,BK-R89B-58,909.5,1,909.5
20070830,BK-T18U-50,162.76,1,162.76
20070830,BK-T18Y-54,170.97,1,170.97
20070830,BK-T79Y-54,629.73,1,629.73
20070831,BK-M18B-40,201.37,1,201.37
20070831,BK-M18B-42,157.95,1,157.95
20070831,BK-M38S-46,310.18,1,310.18
20070831,BK-M68B-46,674.54,2,1349.08
20070831,BK-R19B-52,221.56,3,664.6800000000001
20070831,BK-R19B-58,256.76,1,256.76
20070831,BK-R64Y-44,442.66,1,442.66
20070831,BK-R64Y-48,407.45,1,407.45
20070831,BK-R79Y-40,697.32,1,697.32
20070831,BK-R79Y-48,601.96,1,601.96
20070831,BK-R89B-52,888.41,1,888.41
20070831,BK-T18U-50,162.57,1,162.57
20070831,BK-T18Y-44,174.56,1,174.56
20070831,BK-T79U-54,721.88,2,1443.76
20070901,BK-M18B-40,200.44,21,4209.24
20070901,BK-M18B-42,158.38,51,8077.38
20070901,BK-M18B-44,211.51,45,9517.949999999999
20070901,BK-M18B-48,168.17,34,5717.78
20070901,BK-M18B-52,213.34,17,3626.78
20070901,BK-M18S-40,79.36,57,4523.5199999999995
20070901,BK-M18S-42,65.21,44,2869.24
20070901,BK-M18S-44,80.42,54,4342.68
20070901,BK-M18S-48,76.01,54,4104.54
20070901,BK-M18S-52,63.79,57,3636.0299999999997
20070901,BK-M38S-38,317.76,34,10803.84
20070901,BK-M38S-40,270.02,51,13771.019999999999
20070901,BK-M38S-42,310.31,28,8688.68
20070901,BK-M38S-46,309.06,21,6490.26
20070901,BK-M68B-38,694.78,144,100048.31999999999
20070901,BK-M68B-42,707.11,87,61518.57
20070901,BK-M68B-46,673.93,87,58631.909999999996
20070901,BK-M68S-38,739.08,98,72429.84000000001
20070901,BK-M68S-42,730.51,70,51135.7
20070901,BK-M68S-46,712.63,72,51309.36
20070901,BK-R19B-44,213.54,20,4270.8
20070901,BK-R19B-48,188.97,84,15873.48
20070901,BK-R19B-52,222.6,85,18921.0
20070901,BK-R19B-58,256.25,53,13581.25
20070901,BK-R64Y-38,423.31,80,33864.8
20070901,BK-R64Y-40,492.28,60,29536.8
20070901,BK-R64Y-42,559.16,41,22925.559999999998
20070901,BK-R64Y-44,442.97,18,7973.460000000001
20070901,BK-R64Y-48,408.71,68,27792.28
20070901,BK-R79Y-40,695.71,108,75136.68000000001
20070901,BK-R79Y-42,524.22,67,35122.740000000005
20070901,BK-R79Y-44,697.45,27,18831.15
20070901,BK-R79Y-48,599.55,140,83937.0
20070901,BK-R89B-44,990.75,65,64398.75
20070901,BK-R89B-48,813.87,52,42321.24
20070901,BK-R89B-52,892.49,43,38377.07
20070901,BK-R89B-58,901.69,20,18033.800000000003
20070901,BK-R89R-58,1023.21,20,20464.2
20070901,BK-T18U-44,190.42,37,7045.54
20070901,BK-T18U-50,162.78,107,17417.46
20070901,BK-T18U-54,177.66,92,16344.72
20070901,BK-T18U-58,186.21,62,11545.02
20070901,BK-T18U-62,202.9,38,7710.2
20070901,BK-T18Y-44,174.23,92,16029.16
20070901,BK-T18Y-50,177.62,92,16341.04
20070901,BK-T18Y-54,170.68,55,9387.4
20070901,BK-T18Y-58,170.46,37,6307.02
20070901,BK-T18Y-62,174.35,87,15168.449999999999
20070901,BK-T44U-46,405.89,58,23541.62
20070901,BK-T44U-50,414.98,34,14109.32
20070901,BK-T44U-54,377.67,99,37389.33
20070901,BK-T44U-60,392.15,112,43920.799999999996
20070901,BK-T79U-46,812.65,90,73138.5
20070901,BK-T79U-50,671.7,52,34928.4
20070901,BK-T79U-54,718.78,44,31626.32
20070901,BK-T79U-60,727.87,106,77154.22
20070901,BK-T79Y-46,466.25,98,45692.5
20070901,BK-T79Y-50,632.97,61,38611.17
20070901,BK-T79Y-54,631.81,41,25904.21
20070901,BK-T79Y-60,468.64,101,47332.64
20070901,FR-M21B-42,70.77,70,4953.9
20070901,FR-M21B-44,77.12,77,5938.240000000001
20070901,FR-M21B-48,95.12,52,4946.24
20070901,FR-M21S-40,88.91,66,5868.0599999999995
20070901,FR-M21S-42,78.18,91,7114.380000000001
20070901,FR-M21S-44,95.55,62,5924.099999999999
20070901,FR-M21S-48,93.92,22,2066.2400000000002
20070901,FR-M21S-52,77.33,65,5026.45
20070901,FR-M63S-40,117.06,115,13461.9
20070901,FR-M63S-42,117.4,86,10096.4
20070901,FR-M63S-46,125.79,38,4780.02
20070901,FR-M94B-38,417.71,25,10442.75
20070901,FR-M94B-42,374.05,67,25061.350000000002
20070901,FR-M94S-38,423.83,62,26277.46
20070901,FR-M94S-42,388.05,40,15522.0
20070901,FR-M94S-46,435.85,29,12639.650000000001
20070901,FR-R38B-44,126.02,27,3402.54
20070901,FR-R38B-52,145.03,95,13777.85
20070901,FR-R38B-58,122.67,44,5397.4800000000005
20070901,FR-R38B-60,131.23,27,3543.2099999999996
20070901,FR-R72Y-38,217.54,42,9136.68
20070901,FR-R72Y-40,260.07,22,5721.54
20070901,FR-R72Y-44,189.32,80,15145.599999999999
20070901,FR-R72Y-48,237.88,47,11180.36
20070901,FR-R92B-44,530.94,41,21768.54
20070901,FR-R92B-48,566.67,22,12466.74
20070901,FR-R92R-44,480.63,44,21147.72
20070901,FR-R92R-48,506.45,27,13674.15
20070901,FR-R92R-62,457.47,42,19213.74
20070901,FR-T67U-44,109.08,10,1090.8
20070901,FR-T67U-50,105.89,61,6459.29
20070901,FR-T67U-54,123.3,31,3822.2999999999997
20070901,FR-T67U-62,99.2,5,496.0
20070901,FR-T67Y-44,107.42,54,5800.68
20070901,FR-T67Y-50,102.68,37,3799.1600000000003
20070901,FR-T67Y-58,120.99,10,1209.8999999999999
20070901,FR-T67Y-62,114.55,62,7102.099999999999
20070901,FR-T98U-46,340.14,14,4761.96
20070901,FR-T98U-50,304.52,20,6090.4
20070901,FR-T98U-54,298.69,86,25687.34
20070901,FR-T98U-60,336.99,65,21904.350000000002
20070901,FR-T98Y-46,330.43,13,4295.59
20070901,FR-T98Y-50,348.54,19,6622.26
20070901,FR-T98Y-54,324.47,87,28228.890000000003
20070901,FR-T98Y-60,300.29,68,20419.72
20070902,BK-M18B-48,167.8,1,167.8
20070902,BK-M38S-40,269.19,1,269.19
20070902,BK-M38S-42,310.53,1,310.53
20070902,BK-M68B-38,697.0,1,697.0
20070902,BK-M68B-46,675.62,1,675.62
20070902,BK-M68S-42,730.81,3,2192.43
20070902,BK-M68S-46,712.56,1,712.56
20070902,BK-R19B-44,213.09,4,852.36
20070902,BK-R19B-48,188.16,1,188.16
20070902,BK-R64Y-40,492.28,1,492.28
20070902,BK-R64Y-42,560.61,1,560.61
20070902,BK-R79Y-40,697.94,1,697.94
20070902,BK-R79Y-44,700.45,1,700.45
20070902,BK-R89B-44,992.23,1,992.23
20070902,BK-R89B-52,892.49,1,892.49
20070902,BK-R89B-58,904.49,1,904.49
20070902,BK-R89R-58,1019.12,1,1019.12
20070902,BK-T18U-50,162.13,1,162.13
20070902,BK-T79Y-46,465.97,1,465.97
20070903,BK-M18B-40,199.6,1,199.6
20070903,BK-M18B-48,168.49,1,168.49
20070903,BK-M38S-46,309.71,1,309.71
20070903,BK-M68B-42,708.67,2,1417.34
20070903,BK-M68B-46,676.29,2,1352.58
20070903,BK-M68S-38,735.09,3,2205.27
20070903,BK-R64Y-42,560.67,1,560.67
20070903,BK-R79Y-48,602.07,1,602.07
20070903,BK-R89B-44,994.31,2,1988.62
20070903,BK-R89B-48,808.1,1,808.1
20070903,BK-R89R-58,1023.4,1,1023.4
20070903,BK-T18U-50,162.6,1,162.6
20070903,BK-T18Y-50,177.08,1,177.08
20070903,BK-T18Y-58,170.48,1,170.48
20070903,BK-T79U-50,666.07,1,666.07
20070903,BK-T79Y-46,466.25,1,466.25
20070904,BK-M18S-52,63.84,1,63.84
20070904,BK-M38S-42,311.15,2,622.3
20070904,BK-M68S-46,712.55,1,712.55
20070904,BK-R19B-48,187.75,2,375.5
20070904,BK-R19B-58,255.52,1,255.52
20070904,BK-R64Y-44,446.57,1,446.57
20070904,BK-R89B-44,998.99,2,1997.98
20070904,BK-R89B-48,804.86,2,1609.72
20070904,BK-R89B-52,888.13,1,888.13
20070904,BK-T18Y-50,177.47,1,177.47
20070904,BK-T79U-54,726.49,1,726.49
20070904,BK-T79Y-50,631.95,1,631.95
20070905,BK-M18B-40,199.58,1,199.58
20070905,BK-M68B-42,708.81,1,708.81
20070905,BK-M68B-46,673.66,2,1347.32
20070905,BK-M68S-38,736.56,3,2209.68
20070905,BK-M68S-46,715.05,1,715.05
20070905,BK-R19B-44,212.99,1,212.99
20070905,BK-R19B-48,187.95,1,187.95
20070905,BK-R19B-52,222.96,2,445.92
20070905,BK-R19B-58,255.6,2,511.2
20070905,BK-R79Y-44,702.9,1,702.9
20070905,BK-R89B-48,807.44,1,807.44
20070905,BK-R89R-58,1015.54,1,1015.54
20070905,BK-T18Y-44,173.27,1,173.27
20070905,BK-T18Y-62,175.17,1,175.17
20070905,BK-T79U-50,662.34,2,1324.68
20070905,BK-T79Y-50,632.58,1,632.58
20070906,BK-M18S-44,80.11,1,80.11
20070906,BK-M68B-38,693.73,4,2774.92
20070906,BK-M68B-42,711.08,1,711.08
20070906,BK-M68S-42,731.08,1,731.08
20070906,BK-M68S-46,716.55,1,716.55
20070906,BK-R19B-52,222.33,1,222.33
20070906,BK-R64Y-42,558.81,1,558.81
20070906,BK-R64Y-48,409.02,2,818.04
20070906,BK-R79Y-40,693.68,1,693.68
20070906,BK-R89B-52,890.07,2,1780.14
20070906,BK-T18Y-58,171.53,1,171.53
20070906,BK-T79U-46,808.75,1,808.75
20070906,BK-T79Y-50,630.3,1,630.3
20070907,BK-M38S-46,308.16,1,308.16
20070907,BK-M68B-38,696.92,2,1393.84
20070907,BK-M68B-42,709.87,1,709.87
20070907,BK-M68B-46,675.54,1,675.54
20070907,BK-R19B-44,212.75,1,212.75
20070907,BK-R19B-52,221.78,1,221.78
20070907,BK-R64Y-38,425.5,1,425.5
20070907,BK-R64Y-40,494.94,1,494.94
20070907,BK-R89B-44,1003.48,1,1003.48
20070907,BK-R89B-52,889.36,1,889.36
20070907,BK-T79U-46,810.69,2,1621.38
20070907,BK-T79U-50,662.73,1,662.73
20070907,BK-T79U-60,724.5,1,724.5
20070908,BK-M38S-38,317.88,1,317.88
20070908,BK-M68B-38,694.83,1,694.83
20070908,BK-M68B-42,711.93,1,711.93
20070908,BK-M68S-38,737.22,1,737.22
20070908,BK-M68S-42,728.38,3,2185.14
20070908,BK-R19B-44,213.47,1,213.47
20070908,BK-R19B-58,256.65,1,256.65
20070908,BK-R64Y-48,410.7,1,410.7
20070908,BK-R79Y-42,528.84,1,528.84
20070908,BK-T18U-62,204.67,2,409.34
20070908,BK-T18Y-54,170.6,1,170.6
20070908,BK-T44U-60,392.21,2,784.42
20070908,BK-T79U-46,809.07,2,1618.14
20070908,BK-T79U-54,728.23,1,728.23
20070908,BK-T79Y-50,633.52,1,633.52
20070909,BK-M18B-48,168.18,1,168.18
20070909,BK-M18S-40,79.69,1,79.69
20070909,BK-M18S-52,64.1,2,128.2
20070909,BK-M38S-40,269.34,1,269.34
20070909,BK-M68B-42,713.49,2,1426.98
20070909,BK-M68B-46,671.22,2,1342.44
20070909,BK-M68S-38,738.47,2,1476.94
20070909,BK-M68S-42,727.58,1,727.58
20070909,BK-M68S-46,725.25,2,1450.5
20070909,BK-R19B-52,222.51,1,222.51
20070909,BK-R19B-58,257.16,1,257.16
20070909,BK-R64Y-42,555.46,1,555.46
20070909,BK-R89B-48,805.01,1,805.01
20070909,BK-R89B-58,906.73,1,906.73
20070909,BK-T18U-62,205.06,1,205.06
20070909,BK-T79U-50,666.11,1,666.11
20070909,BK-T79Y-50,636.31,1,636.31
20070910,BK-M18B-40,200.52,1,200.52
20070910,BK-M18B-42,159.2,1,159.2
20070910,BK-M38S-40,269.77,2,539.54
20070910,BK-M68B-42,716.92,2,1433.84
20070910,BK-M68S-42,726.85,2,1453.7
20070910,BK-R19B-44,213.32,1,213.32
20070910,BK-R19B-48,186.02,2,372.04
20070910,BK-R19B-52,221.46,2,442.92
20070910,BK-R19B-58,256.49,1,256.49
20070910,BK-R64Y-40,490.05,1,490.05
20070910,BK-R64Y-42,553.46,1,553.46
20070910,BK-R64Y-48,409.92,1,409.92
20070910,BK-R79Y-44,707.97,1,707.97
20070910,BK-R89B-58,909.36,1,909.36
20070910,BK-T44U-46,409.5,2,819.0
20070910,BK-T79Y-46,465.86,1,465.86
20070910,BK-T79Y-60,461.51,1,461.51
20070911,BK-M68B-38,702.21,1,702.21
20070911,BK-M68S-42,723.65,1,723.65
20070911,BK-M68S-46,727.42,1,727.42
20070911,BK-R19B-44,213.64,2,427.28
20070911,BK-R19B-52,222.02,1,222.02
20070911,BK-R19B-58,255.95,1,255.95
20070911,BK-R64Y-40,490.69,1,490.69
20070911,BK-R64Y-44,443.7,2,887.4
20070911,BK-R64Y-48,411.02,1,411.02
20070911,BK-R79Y-40,698.19,1,698.19
20070911,BK-R79Y-44,710.31,1,710.31
20070911,BK-R89R-58,1012.77,1,1012.77
20070911,BK-T18U-62,206.54,1,206.54
20070912,BK-M18S-40,79.67,1,79.67
20070912,BK-M38S-38,319.69,1,319.69
20070912,BK-M38S-42,309.09,1,309.09
20070912,BK-M68B-38,702.42,1,702.42
20070912,BK-M68B-42,717.27,2,1434.54
20070912,BK-M68B-46,664.73,1,664.73
20070912,BK-M68S-38,734.56,1,734.56
20070912,BK-M68S-46,724.08,1,724.08
20070912,BK-R19B-52,222.15,1,222.15
20070912,BK-R19B-58,255.93,2,511.86
20070912,BK-R64Y-38,427.12,1,427.12
20070912,BK-R64Y-40,489.27,2,978.54
20070912,BK-R64Y-42,552.4,2,1104.8
20070912,BK-R64Y-44,445.43,1,445.43
20070912,BK-R79Y-48,603.38,1,603.38
20070912,BK-R89B-44,994.46,2,1988.92
20070912,BK-R89B-48,806.13,1,806.13
20070912,BK-T44U-60,396.26,2,792.52
20070913,BK-M68B-38,704.46,2,1408.92
20070913,BK-M68B-46,664.47,5,3322.3500000000004
20070913,BK-M68S-38,733.61,1,733.61
20070913,BK-M68S-42,718.45,4,2873.8
20070913,BK-M68S-46,726.1,3,2178.3
20070913,BK-R19B-48,186.13,1,186.13
20070913,BK-R19B-58,254.9,2,509.8
20070913,BK-R64Y-40,489.37,2,978.74
20070913,BK-R64Y-42,555.0,1,555.0
20070913,BK-R64Y-44,443.82,1,443.82
20070913,BK-R79Y-48,603.8,1,603.8
20070913,BK-R89B-44,991.58,2,1983.16
20070913,BK-T18U-50,161.26,1,161.26
20070913,BK-T18U-58,186.87,1,186.87
20070913,BK-T18Y-54,170.41,1,170.41
20070913,BK-T18Y-62,173.53,1,173.53
20070913,BK-T44U-50,412.03,1,412.03
20070913,BK-T44U-60,398.24,1,398.24
20070914,BK-M38S-46,304.84,1,304.84
20070914,BK-M68B-38,705.66,1,705.66
20070914,BK-M68B-42,720.72,1,720.72
20070914,BK-M68B-46,661.61,1,661.61
20070914,BK-M68S-42,719.1,2,1438.2
20070914,BK-M68S-46,725.89,1,725.89
20070914,BK-R19B-44,213.06,2,426.12
20070914,BK-R19B-48,185.74,1,185.74
20070914,BK-R19B-58,254.45,2,508.9
20070914,BK-R64Y-40,487.7,1,487.7
20070914,BK-R64Y-42,553.61,2,1107.22
20070914,BK-R79Y-44,703.93,1,703.93
20070914,BK-R79Y-48,603.14,2,1206.28
20070914,BK-T18Y-44,172.91,1,172.91
20070914,BK-T44U-46,407.74,2,815.48
20070914,BK-T44U-50,410.26,2,820.52
20070914,BK-T79U-60,713.34,1,713.34
20070915,BK-M18S-52,62.73,1,62.73
20070915,BK-M68B-42,719.2,1,719.2
20070915,BK-M68S-38,730.16,2,1460.32
20070915,BK-M68S-42,716.58,2,1433.16
20070915,BK-M68S-46,726.76,1,726.76
20070915,BK-R19B-48,185.74,2,371.48
20070915,BK-R19B-58,254.27,2,508.54
20070915,BK-R64Y-44,447.38,2,894.76
20070915,BK-R79Y-40,700.91,1,700.91
20070915,BK-R89B-58,917.83,1,917.83
20070915,BK-T18U-62,206.74,1,206.74
20070915,BK-T18Y-54,171.34,1,171.34
20070915,BK-T79Y-50,634.83,1,634.83
20070915,BK-T79Y-60,467.03,1,467.03
20070916,BK-M68B-42,720.21,1,720.21
20070916,BK-M68B-46,658.37,2,1316.74
20070916,BK-R19B-44,211.47,3,634.41
20070916,BK-R64Y-38,429.3,1,429.3
20070916,BK-R64Y-44,449.62,1,449.62
20070916,BK-R64Y-48,407.99,1,407.99
20070916,BK-R79Y-40,700.63,2,1401.26
20070916,BK-T79U-50,670.9,1,670.9
20070916,BK-T79Y-60,469.09,1,469.09
20070917,BK-M38S-38,317.9,1,317.9
20070917,BK-M38S-40,270.71,1,270.71
20070917,BK-M68B-38,703.82,1,703.82
20070917,BK-M68B-42,719.99,2,1439.98
20070917,BK-R19B-44,211.72,2,423.44
20070917,BK-R19B-48,186.09,1,186.09
20070917,BK-R19B-52,220.02,1,220.02
20070917,BK-R64Y-48,409.99,1,409.99
20070917,BK-R79Y-42,535.15,2,1070.3
20070917,BK-T18U-44,192.47,1,192.47
20070917,BK-T18Y-50,179.12,1,179.12
20070917,BK-T44U-50,408.66,1,408.66
20070917,BK-T79U-46,806.14,1,806.14
20070917,BK-T79Y-60,468.24,1,468.24
20070918,BK-M18B-44,212.47,1,212.47
20070918,BK-M38S-40,270.79,2,541.58
20070918,BK-M68B-38,706.14,1,706.14
20070918,BK-M68S-38,722.37,1,722.37
20070918,BK-M68S-46,729.16,2,1458.32
20070918,BK-R19B-48,186.47,1,186.47
20070918,BK-R19B-52,220.5,1,220.5
20070918,BK-R64Y-48,409.5,1,409.5
20070918,BK-R79Y-44,711.41,1,711.41
20070918,BK-R89B-44,995.84,1,995.84
20070918,BK-R89B-48,816.98,1,816.98
20070918,BK-R89B-58,916.99,1,916.99
20070918,BK-R89R-58,1024.25,1,1024.25
20070918,BK-T18Y-44,171.57,1,171.57
20070918,BK-T18Y-50,179.71,1,179.71
20070918,BK-T79U-50,670.57,1,670.57
20070919,BK-M18B-40,200.64,1,200.64
20070919,BK-M18B-42,159.8,1,159.8
20070919,BK-M18S-48,76.03,1,76.03
20070919,BK-M38S-40,270.84,1,270.84
20070919,BK-M68B-38,706.49,2,1412.98
20070919,BK-M68B-46,654.22,3,1962.66
20070919,BK-M68S-38,719.85,1,719.85
20070919,BK-M68S-42,723.56,2,1447.12
20070919,BK-M68S-46,726.53,1,726.53
20070919,BK-R19B-44,211.87,1,211.87
20070919,BK-R64Y-42,550.34,1,550.34
20070919,BK-R64Y-44,453.45,3,1360.35
20070919,BK-R64Y-48,410.64,1,410.64
20070919,BK-R79Y-40,706.6,2,1413.2
20070919,BK-R79Y-42,536.43,1,536.43
20070919,BK-R79Y-48,601.13,1,601.13
20070919,BK-R89B-44,1000.22,1,1000.22
20070919,BK-R89B-52,876.58,2,1753.16
20070919,BK-R89B-58,918.46,1,918.46
20070919,BK-R89R-58,1023.94,1,1023.94
20070919,BK-T44U-46,405.33,1,405.33
20070919,BK-T79U-50,667.82,1,667.82
20070919,BK-T79Y-60,470.35,1,470.35
20070920,BK-M18B-44,212.05,1,212.05
20070920,BK-M38S-38,318.66,1,318.66
20070920,BK-M68B-42,729.1,1,729.1
20070920,BK-M68B-46,657.23,1,657.23
20070920,BK-M68S-38,723.16,2,1446.32
20070920,BK-R19B-48,186.02,1,186.02
20070920,BK-R19B-58,255.05,1,255.05
20070920,BK-R64Y-42,549.96,1,549.96
20070920,BK-R64Y-44,453.0,1,453.0
20070920,BK-R79Y-40,709.92,1,709.92
20070920,BK-R79Y-48,599.39,1,599.39
20070920,BK-R89B-48,822.47,4,3289.88
20070920,BK-R89R-58,1019.23,1,1019.23
20070920,BK-T44U-50,409.31,1,409.31
20070920,BK-T44U-60,397.43,1,397.43
20070920,BK-T79U-50,665.48,1,665.48
20070920,BK-T79Y-50,633.23,1,633.23
20070920,BK-T79Y-54,625.79,1,625.79
20070920,BK-T79Y-60,470.96,2,941.92
20070921,BK-M38S-42,307.85,1,307.85
20070921,BK-M38S-46,304.31,1,304.31
20070921,BK-M68B-38,707.2,1,707.2
20070921,BK-M68B-42,729.32,1,729.32
20070921,BK-R19B-48,186.95,1,186.95
20070921,BK-R19B-52,219.77,1,219.77
20070921,BK-R19B-58,256.15,2,512.3
20070921,BK-R64Y-38,427.62,1,427.62
20070921,BK-R64Y-44,455.22,1,455.22
20070921,BK-R64Y-48,409.33,1,409.33
20070921,BK-R89B-52,880.53,1,880.53
20070921,BK-R89B-58,921.03,2,1842.06
20070921,BK-T18U-50,162.58,1,162.58
20070921,BK-T44U-46,404.47,1,404.47
20070922,BK-M68B-38,703.73,2,1407.46
20070922,BK-M68B-42,725.97,2,1451.94
20070922,BK-M68S-38,729.32,1,729.32
20070922,BK-M68S-42,726.96,1,726.96
20070922,BK-R19B-44,210.85,2,421.7
20070922,BK-R19B-48,187.42,2,374.84
20070922,BK-R19B-58,255.58,2,511.16
20070922,BK-R64Y-40,485.79,1,485.79
20070922,BK-R64Y-48,408.76,1,408.76
20070922,BK-R79Y-40,714.61,1,714.61
20070922,BK-R89B-48,827.98,2,1655.96
20070922,BK-R89B-52,877.8,1,877.8
20070922,BK-R89R-58,1020.96,1,1020.96
20070922,BK-T44U-50,408.2,1,408.2
20070922,BK-T79U-60,717.61,1,717.61
20070922,BK-T79Y-46,464.4,1,464.4
20070922,BK-T79Y-54,623.29,1,623.29
20070923,BK-M68B-46,662.9,2,1325.8
20070923,BK-M68S-38,725.96,1,725.96
20070923,BK-M68S-42,724.41,3,2173.23
20070923,BK-M68S-46,730.81,1,730.81
20070923,BK-R19B-44,211.14,2,422.28
20070923,BK-R19B-52,218.11,1,218.11
20070923,BK-R19B-58,254.77,3,764.3100000000001
20070923,BK-R64Y-38,430.31,1,430.31
20070923,BK-R64Y-42,552.49,2,1104.98
20070923,BK-R64Y-48,409.41,1,409.41
20070923,BK-R89B-44,998.61,1,998.61
20070923,BK-R89B-58,918.17,1,918.17
20070923,BK-T79Y-46,465.47,1,465.47
20070923,BK-T79Y-60,473.07,1,473.07
20070924,BK-M18B-48,170.64,1,170.64
20070924,BK-M38S-38,318.27,1,318.27
20070924,BK-M38S-42,308.96,1,308.96
20070924,BK-M68B-38,700.78,1,700.78
20070924,BK-M68B-42,727.7,1,727.7
20070924,BK-M68S-42,721.44,1,721.44
20070924,BK-M68S-46,728.62,1,728.62
20070924,BK-R19B-52,218.72,1,218.72
20070924,BK-R64Y-42,555.14,1,555.14
20070924,BK-R79Y-42,535.62,1,535.62
20070924,BK-R79Y-44,713.54,1,713.54
20070924,BK-R89B-44,995.01,1,995.01
20070924,BK-T18Y-50,180.86,1,180.86
20070924,BK-T44U-54,379.18,1,379.18
20070924,BK-T79U-50,667.74,1,667.74
20070925,BK-M18B-40,200.61,1,200.61
20070925,BK-M68B-38,702.67,1,702.67
20070925,BK-M68B-46,661.23,1,661.23
20070925,BK-M68S-38,728.0,1,728.0
20070925,BK-R19B-48,186.4,1,186.4
20070925,BK-R19B-58,254.51,1,254.51
20070925,BK-R64Y-38,428.85,1,428.85
20070925,BK-R64Y-42,556.86,1,556.86
20070925,BK-R79Y-40,713.24,1,713.24
20070925,BK-R79Y-42,537.71,1,537.71
20070925,BK-R79Y-48,598.07,1,598.07
20070925,BK-R89B-44,992.93,1,992.93
20070925,BK-R89B-48,828.55,1,828.55
20070925,BK-R89B-52,875.42,2,1750.84
20070925,BK-T18U-44,192.33,2,384.66
20070925,BK-T79Y-46,461.15,1,461.15
20070926,BK-M18B-42,159.72,1,159.72
20070926,BK-M18S-44,80.22,1,80.22
20070926,BK-M68B-42,729.74,1,729.74
20070926,BK-M68S-42,721.94,3,2165.82
20070926,BK-R19B-44,210.64,1,210.64
20070926,BK-R19B-48,186.38,1,186.38
20070926,BK-R19B-52,217.76,1,217.76
20070926,BK-R19B-58,254.61,1,254.61
20070926,BK-R64Y-42,556.31,1,556.31
20070926,BK-R79Y-44,717.82,1,717.82
20070926,BK-R79Y-48,599.14,1,599.14
20070926,BK-R89B-44,995.71,1,995.71
20070926,BK-R89B-58,921.0,1,921.0
20070926,BK-T18Y-54,171.41,1,171.41
20070926,BK-T44U-50,406.08,1,406.08
20070926,BK-T79U-60,716.03,1,716.03
20070927,BK-M18S-42,62.06,1,62.06
20070927,BK-M38S-38,318.94,1,318.94
20070927,BK-M38S-42,310.32,1,310.32
20070927,BK-M68B-38,704.77,1,704.77
20070927,BK-M68B-46,661.88,2,1323.76
20070927,BK-M68S-38,732.81,1,732.81
20070927,BK-M68S-42,718.4,1,718.4
20070927,BK-R19B-44,210.51,1,210.51
20070927,BK-R64Y-40,486.47,1,486.47
20070927,BK-R64Y-42,558.86,1,558.86
20070927,BK-R64Y-44,455.71,1,455.71
20070927,BK-R64Y-48,407.56,2,815.12
20070927,BK-R79Y-40,711.74,1,711.74
20070927,BK-R79Y-42,536.53,1,536.53
20070927,BK-R89B-52,875.51,1,875.51
20070927,BK-R89B-58,917.32,1,917.32
20070927,BK-T44U-60,397.26,2,794.52
20070927,BK-T79U-60,716.67,1,716.67
20070927,BK-T79Y-54,624.71,1,624.71
20070928,BK-M18B-42,160.37,1,160.37
20070928,BK-M18S-42,61.86,1,61.86
20070928,BK-M38S-42,309.91,1,309.91
20070928,BK-M68B-42,731.56,2,1463.12
20070928,BK-M68S-38,732.95,1,732.95
20070928,BK-M68S-46,726.93,1,726.93
20070928,BK-R19B-58,255.73,1,255.73
20070928,BK-R64Y-40,486.71,2,973.42
20070928,BK-R89B-52,879.18,1,879.18
20070928,BK-T18U-44,193.83,1,193.83
20070928,BK-T79Y-46,456.14,1,456.14
20070929,BK-M38S-38,319.8,1,319.8
20070929,BK-M68B-38,702.31,1,702.31
20070929,BK-M68B-42,732.73,1,732.73
20070929,BK-M68S-38,734.27,1,734.27
20070929,BK-M68S-42,713.38,1,713.38
20070929,BK-M68S-46,726.57,1,726.57
20070929,BK-R19B-48,187.3,1,187.3
20070929,BK-R64Y-38,431.08,1,431.08
20070929,BK-R79Y-42,532.46,2,1064.92
20070929,BK-T44U-46,403.3,1,403.3
20070929,BK-T79U-60,716.02,1,716.02
20070930,BK-M18B-40,200.27,1,200.27
20070930,BK-M18B-44,214.11,1,214.11
20070930,BK-M68S-42,711.6,1,711.6
20070930,BK-M68S-46,729.11,1,729.11
20070930,BK-R19B-48,187.86,3,563.58
20070930,BK-R64Y-42,561.32,1,561.32
20070930,BK-R79Y-44,718.82,1,718.82
20070930,BK-R89B-44,1000.17,1,1000.17
20070930,BK-R89B-52,876.37,2,1752.74
20070930,BK-R89B-58,918.22,1,918.22
20070930,BK-R89R-58,1017.17,1,1017.17
20070930,BK-T18Y-62,171.69,1,171.69
20070930,BK-T79U-46,806.24,1,806.24
20070930,BK-T79U-50,670.54,1,670.54
20071001,BK-M18B-40,200.95,18,3617.1
20071001,BK-M18B-42,159.5,23,3668.5
20071001,BK-M18B-44,213.06,16,3408.96
20071001,BK-M18B-48,168.5,24,4044.0
20071001,BK-M18B-52,212.84,19,4043.96
20071001,BK-M18S-40,80.71,25,2017.7499999999998
20071001,BK-M18S-42,62.34,34,2119.56
20071001,BK-M18S-44,80.65,16,1290.4
20071001,BK-M18S-48,74.65,26,1940.9
20071001,BK-M18S-52,63.91,26,1661.6599999999999
20071001,BK-M38S-38,319.41,21,6707.610000000001
20071001,BK-M38S-40,266.05,29,7715.450000000001
20071001,BK-M38S-42,308.89,23,7104.469999999999
20071001,BK-M38S-46,306.37,19,5821.03
20071001,BK-M68B-38,701.88,62,43516.56
20071001,BK-M68B-42,730.46,72,52593.12
20071001,BK-M68B-46,660.61,52,34351.72
20071001,BK-M68S-38,733.75,66,48427.5
20071001,BK-M68S-42,714.23,49,34997.270000000004
20071001,BK-M68S-46,731.37,41,29986.170000000002
20071001,BK-R19B-44,210.19,25,5254.75
20071001,BK-R19B-48,188.25,107,20142.75
20071001,BK-R19B-52,218.1,69,15048.9
20071001,BK-R19B-58,256.06,35,8962.1
20071001,BK-R64Y-38,431.33,46,19841.18
20071001,BK-R64Y-40,490.27,37,18139.989999999998
20071001,BK-R64Y-42,562.78,27,15195.06
20071001,BK-R64Y-44,458.53,20,9170.599999999999
20071001,BK-R64Y-48,406.54,65,26425.100000000002
20071001,BK-R79Y-40,713.08,89,63464.12
20071001,BK-R79Y-42,536.72,67,35960.240000000005
20071001,BK-R79Y-44,718.82,14,10063.480000000001
20071001,BK-R79Y-48,591.93,86,50905.979999999996
20071001,BK-R89B-44,996.97,46,45860.62
20071001,BK-R89B-48,827.54,37,30618.98
20071001,BK-R89B-52,877.25,22,19299.5
20071001,BK-R89B-58,919.42,18,16549.559999999998
20071001,BK-R89R-58,1014.83,12,12177.960000000001
20071001,BK-T18U-44,194.94,8,1559.52
20071001,BK-T18U-50,163.51,36,5886.36
20071001,BK-T18U-54,177.71,31,5509.01
20071001,BK-T18U-58,183.73,23,4225.79
20071001,BK-T18U-62,207.45,6,1244.6999999999998
20071001,BK-T18Y-44,170.86,55,9397.300000000001
20071001,BK-T18Y-50,182.82,25,4570.5
20071001,BK-T18Y-54,172.57,24,4141.68
20071001,BK-T18Y-58,169.45,10,1694.5
20071001,BK-T18Y-62,172.43,29,5000.47
20071001,BK-T44U-46,405.8,30,12174.0
20071001,BK-T44U-50,407.33,11,4480.63
20071001,BK-T44U-54,378.19,60,22691.4
20071001,BK-T44U-60,392.55,39,15309.45
20071001,BK-T79U-46,804.31,40,32172.399999999998
20071001,BK-T79U-50,673.49,29,19531.21
20071001,BK-T79U-54,733.64,8,5869.12
20071001,BK-T79U-60,721.32,51,36787.32
20071001,BK-T79Y-46,454.63,64,29096.32
20071001,BK-T79Y-50,633.58,29,18373.82
20071001,BK-T79Y-54,630.28,12,7563.36
20071001,BK-T79Y-60,474.62,77,36545.74
20071001,FR-M21B-42,72.0,18,1296.0
20071001,FR-M21B-44,75.49,24,1811.7599999999998
20071001,FR-M21B-48,95.67,31,2965.77
20071001,FR-M21S-40,89.61,14,1254.54
20071001,FR-M21S-42,77.98,26,2027.48
20071001,FR-M21S-44,96.02,27,2592.54
20071001,FR-M21S-52,77.25,29,2240.25
20071001,FR-M63S-40,117.37,58,6807.46
20071001,FR-M63S-42,117.07,34,3980.3799999999997
20071001,FR-M63S-46,124.31,9,1118.79
20071001,FR-M94B-38,413.85,12,4966.200000000001
20071001,FR-M94B-42,373.78,23,8596.939999999999
20071001,FR-M94S-38,432.99,36,15587.64
20071001,FR-M94S-42,390.06,2,780.12
20071001,FR-M94S-46,440.34,14,6164.759999999999
20071001,FR-R38B-44,126.3,3,378.9
20071001,FR-R38B-52,146.59,31,4544.29
20071001,FR-R38B-58,125.16,26,3254.16
20071001,FR-R72Y-38,210.62,31,6529.22
20071001,FR-R72Y-40,259.48,2,518.96
20071001,FR-R72Y-44,187.77,51,9576.27
20071001,FR-R72Y-48,240.55,30,7216.5
20071001,FR-R92B-44,541.68,6,3250.08
20071001,FR-R92R-44,483.02,12,5796.24
20071001,FR-R92R-62,452.55,10,4525.5
20071001,FR-T67U-50,105.25,6,631.5
20071001,FR-T67U-54,120.85,13,1571.05
20071001,FR-T67Y-44,107.06,10,1070.6
20071001,FR-T67Y-50,102.23,13,1328.99
20071001,FR-T67Y-62,114.89,17,1953.13
20071001,FR-T98U-46,342.62,8,2740.96
20071001,FR-T98U-50,302.84,7,2119.8799999999997
20071001,FR-T98U-54,299.2,30,8976.0
20071001,FR-T98U-60,324.03,24,7776.719999999999
20071001,FR-T98Y-50,346.97,2,693.94
20071001,FR-T98Y-54,332.54,16,5320.64
20071001,FR-T98Y-60,297.43,19,5651.17
20071002,BK-M18B-52,211.86,1,211.86
20071002,BK-M38S-38,319.83,1,319.83
20071002,BK-M38S-46,306.53,1,306.53
20071002,BK-M68B-38,703.42,3,2110.2599999999998
20071002,BK-M68B-42,730.02,1,730.02
20071002,BK-M68S-38,732.29,1,732.29
20071002,BK-M68S-42,717.44,1,717.44
20071002,BK-M68S-46,733.42,3,2200.2599999999998
20071002,BK-R19B-44,209.69,1,209.69
20071002,BK-R19B-58,255.68,1,255.68
20071002,BK-R79Y-42,538.98,2,1077.96
20071002,BK-R79Y-48,594.0,1,594.0
20071002,BK-R89B-44,997.17,1,997.17
20071002,BK-R89R-58,1019.2,1,1019.2
20071002,BK-T18U-58,184.26,1,184.26
20071003,BK-M38S-40,265.17,1,265.17
20071003,BK-M68B-38,703.42,1,703.42
20071003,BK-M68B-42,733.38,1,733.38
20071003,BK-M68S-38,731.41,1,731.41
20071003,BK-M68S-42,718.52,1,718.52
20071003,BK-R19B-44,209.06,1,209.06
20071003,BK-R19B-48,189.9,1,189.9
20071003,BK-R19B-52,217.14,1,217.14
20071003,BK-R19B-58,255.29,2,510.58
20071003,BK-R64Y-44,454.6,2,909.2
20071003,BK-R64Y-48,404.06,1,404.06
20071003,BK-T44U-50,405.38,1,405.38
20071003,BK-T44U-54,377.01,1,377.01
20071003,BK-T79U-46,806.16,1,806.16
20071003,BK-T79U-60,718.94,1,718.94
20071003,BK-T79Y-46,452.45,1,452.45
20071003,BK-T79Y-60,474.62,1,474.62
20071004,BK-M38S-38,320.82,1,320.82
20071004,BK-M38S-40,264.0,1,264.0
20071004,BK-M38S-46,304.32,2,608.64
20071004,BK-M68B-38,701.52,1,701.52
20071004,BK-M68S-42,716.36,1,716.36
20071004,BK-R19B-44,209.23,2,418.46
20071004,BK-R19B-48,189.17,1,189.17
20071004,BK-R19B-58,254.19,1,254.19
20071004,BK-R64Y-38,431.98,1,431.98
20071004,BK-R64Y-48,402.97,1,402.97
20071004,BK-R79Y-40,709.23,1,709.23
20071004,BK-R89B-52,883.75,2,1767.5
20071004,BK-T44U-50,405.42,1,405.42
20071004,BK-T79U-50,678.28,2,1356.56
20071004,BK-T79U-54,735.54,1,735.54
20071004,BK-T79U-60,718.36,1,718.36
20071004,BK-T79Y-60,474.72,1,474.72
20071005,BK-M18B-44,215.56,1,215.56
20071005,BK-M18S-44,81.27,1,81.27
20071005,BK-M18S-48,74.23,2,148.46
20071005,BK-M68B-42,731.32,1,731.32
20071005,BK-M68B-46,664.71,1,664.71
20071005,BK-M68S-38,726.37,3,2179.11
20071005,BK-M68S-46,737.45,2,1474.9
20071005,BK-R19B-44,209.96,1,209.96
20071005,BK-R19B-48,189.91,2,379.82
20071005,BK-R64Y-44,454.28,1,454.28
20071005,BK-R79Y-42,540.16,1,540.16
20071005,BK-R79Y-44,720.31,1,720.31
20071005,BK-R89B-52,886.13,1,886.13
20071005,BK-R89B-58,919.86,1,919.86
20071005,BK-T18U-44,193.58,2,387.16
20071005,BK-T79U-46,806.88,1,806.88
20071005,BK-T79U-60,715.27,1,715.27
20071005,BK-T79Y-60,474.96,1,474.96
20071006,BK-M18S-40,81.53,1,81.53
20071006,BK-M38S-40,263.56,1,263.56
20071006,BK-M38S-42,309.1,1,309.1
20071006,BK-M38S-46,304.38,1,304.38
20071006,BK-M68B-38,701.24,2,1402.48
20071006,BK-M68B-42,730.22,2,1460.44
20071006,BK-M68B-46,665.64,1,665.64
20071006,BK-M68S-38,727.39,1,727.39
20071006,BK-M68S-42,717.86,1,717.86
20071006,BK-R19B-48,189.29,2,378.58
20071006,BK-R64Y-38,431.8,1,431.8
20071006,BK-R64Y-42,561.48,2,1122.96
20071006,BK-R64Y-44,455.14,1,455.14
20071006,BK-R89B-44,990.01,1,990.01
20071006,BK-T44U-50,405.45,1,405.45
20071006,BK-T44U-54,376.14,1,376.14
20071006,BK-T79U-46,809.06,2,1618.12
20071006,BK-T79U-50,676.65,1,676.65
20071006,BK-T79Y-50,637.95,1,637.95
20071006,BK-T79Y-54,634.7,1,634.7
20071007,BK-M38S-38,323.43,1,323.43
20071007,BK-M68B-46,665.24,1,665.24
20071007,BK-M68S-38,729.35,2,1458.7
20071007,BK-R19B-44,209.12,2,418.24
20071007,BK-R19B-48,188.47,2,376.94
20071007,BK-R19B-52,218.22,1,218.22
20071007,BK-R64Y-38,430.55,1,430.55
20071007,BK-R64Y-40,492.07,1,492.07
20071007,BK-R64Y-48,400.11,1,400.11
20071007,BK-R79Y-44,720.59,1,720.59
20071007,BK-T18U-50,161.65,1,161.65
20071007,BK-T18U-58,183.69,1,183.69
20071007,BK-T44U-54,375.62,1,375.62
20071007,BK-T79Y-50,638.14,1,638.14
20071007,BK-T79Y-54,631.98,1,631.98
20071008,BK-M18B-42,158.56,1,158.56
20071008,BK-M18B-52,210.63,1,210.63
20071008,BK-M18S-48,73.88,1,73.88
20071008,BK-M18S-52,64.2,1,64.2
20071008,BK-M38S-38,322.2,2,644.4
20071008,BK-M38S-40,262.27,2,524.54
20071008,BK-M68B-38,700.11,1,700.11
20071008,BK-M68S-38,729.2,1,729.2
20071008,BK-M68S-42,718.65,1,718.65
20071008,BK-M68S-46,733.7,1,733.7
20071008,BK-R19B-48,188.09,1,188.09
20071008,BK-R19B-52,218.62,2,437.24
20071008,BK-R64Y-38,428.65,1,428.65
20071008,BK-R64Y-40,491.68,1,491.68
20071008,BK-R64Y-42,558.56,2,1117.12
20071008,BK-R64Y-44,456.05,1,456.05
20071008,BK-R64Y-48,400.83,2,801.66
20071008,BK-R79Y-44,721.38,1,721.38
20071008,BK-R89B-48,822.4,2,1644.8
20071008,BK-T18U-62,209.88,1,209.88
20071008,BK-T44U-50,404.11,1,404.11
20071008,BK-T79U-46,805.91,2,1611.82
20071008,BK-T79Y-46,447.31,1,447.31
20071008,BK-T79Y-60,474.34,1,474.34
20071009,BK-M38S-38,323.26,2,646.52
20071009,BK-M68B-46,670.17,1,670.17
20071009,BK-M68S-38,725.63,2,1451.26
20071009,BK-M68S-42,718.65,1,718.65
20071009,BK-M68S-46,730.91,1,730.91
20071009,BK-R79Y-40,715.14,1,715.14
20071009,BK-R89B-44,996.55,1,996.55
20071009,BK-T44U-46,407.54,2,815.08
20071009,BK-T79U-50,676.58,1,676.58
20071009,BK-T79Y-46,445.79,2,891.58
20071009,BK-T79Y-50,635.14,2,1270.28
20071009,BK-T79Y-54,631.02,1,631.02
20071009,BK-T79Y-60,474.62,1,474.62
20071010,BK-M38S-42,308.42,1,308.42
20071010,BK-M68B-38,703.41,1,703.41
20071010,BK-M68B-42,726.21,1,726.21
20071010,BK-M68B-46,667.69,2,1335.38
20071010,BK-M68S-38,726.36,1,726.36
20071010,BK-M68S-42,721.38,1,721.38
20071010,BK-M68S-46,731.56,1,731.56
20071010,BK-R19B-44,209.64,1,209.64
20071010,BK-R19B-48,186.69,1,186.69
20071010,BK-R19B-52,219.12,1,219.12
20071010,BK-R64Y-40,490.35,2,980.7
20071010,BK-R64Y-44,458.74,1,458.74
20071010,BK-R89B-58,919.01,1,919.01
20071010,BK-T18U-44,193.44,1,193.44
20071011,BK-M18B-52,210.91,1,210.91
20071011,BK-M38S-46,304.5,1,304.5
20071011,BK-M68B-42,723.37,1,723.37
20071011,BK-M68B-46,665.49,3,1996.47
20071011,BK-M68S-38,726.28,1,726.28
20071011,BK-M68S-42,723.76,1,723.76
20071011,BK-M68S-46,733.39,1,733.39
20071011,BK-R19B-44,209.35,3,628.05
20071011,BK-R64Y-44,457.37,1,457.37
20071011,BK-R79Y-40,719.79,1,719.79
20071011,BK-R79Y-48,596.23,2,1192.46
20071011,BK-R89B-48,827.76,1,827.76
20071011,BK-T44U-46,407.94,1,407.94
20071011,BK-T44U-50,404.92,1,404.92
20071011,BK-T79U-46,807.03,1,807.03
20071011,BK-T79U-50,671.78,1,671.78
20071011,BK-T79U-54,730.24,1,730.24
20071012,BK-M68B-42,723.88,2,1447.76
20071012,BK-M68B-46,664.55,1,664.55
20071012,BK-M68S-38,726.79,1,726.79
20071012,BK-M68S-46,735.74,2,1471.48
20071012,BK-R19B-48,186.59,1,186.59
20071012,BK-R19B-52,220.06,1,220.06
20071012,BK-R19B-58,252.08,1,252.08
20071012,BK-R64Y-38,432.39,1,432.39
20071012,BK-R64Y-40,489.71,1,489.71
20071012,BK-R64Y-44,456.54,1,456.54
20071012,BK-R89B-44,1004.13,1,1004.13
20071012,BK-R89B-48,826.35,2,1652.7
20071012,BK-R89B-52,893.94,1,893.94
20071012,BK-R89R-58,1025.59,1,1025.59
20071012,BK-T44U-50,405.73,1,405.73
20071012,BK-T44U-54,374.45,2,748.9
20071013,BK-M18S-52,63.89,1,63.89
20071013,BK-M38S-38,320.39,2,640.78
20071013,BK-M68B-42,720.41,2,1440.82
20071013,BK-M68B-46,663.36,1,663.36
20071013,BK-M68S-46,737.95,1,737.95
20071013,BK-R19B-44,208.09,1,208.09
20071013,BK-R19B-48,185.96,1,185.96
20071013,BK-R19B-58,252.03,1,252.03
20071013,BK-R64Y-40,489.02,1,489.02
20071013,BK-R79Y-40,717.71,1,717.71
20071013,BK-R79Y-42,544.55,1,544.55
20071013,BK-R79Y-48,596.23,1,596.23
20071013,BK-R89B-48,826.18,1,826.18
20071013,BK-R89B-52,892.42,1,892.42
20071013,BK-R89R-58,1026.0,1,1026.0
20071013,BK-T18Y-44,170.17,1,170.17
20071013,BK-T79U-50,672.44,1,672.44
20071013,BK-T79U-54,726.37,1,726.37
20071014,BK-M38S-42,311.36,1,311.36
20071014,BK-M38S-46,303.91,1,303.91
20071014,BK-M68B-42,723.07,1,723.07
20071014,BK-M68S-38,726.57,1,726.57
20071014,BK-M68S-46,740.24,1,740.24
20071014,BK-R19B-44,207.61,2,415.22
20071014,BK-R19B-48,186.03,1,186.03
20071014,BK-R19B-52,219.16,1,219.16
20071014,BK-R19B-58,250.82,1,250.82
20071014,BK-R64Y-42,554.98,1,554.98
20071014,BK-R79Y-42,545.31,1,545.31
20071014,BK-R79Y-44,728.91,1,728.91
20071014,BK-R89B-52,895.72,1,895.72
20071014,BK-R89B-58,913.41,1,913.41
20071014,BK-R89R-58,1025.59,1,1025.59
20071014,BK-T18U-58,183.74,1,183.74
20071014,BK-T18Y-50,182.92,1,182.92
20071014,BK-T18Y-54,173.77,2,347.54
20071014,BK-T44U-60,390.37,1,390.37
20071014,BK-T79U-50,672.64,1,672.64
20071014,BK-T79U-60,720.27,1,720.27
20071014,BK-T79Y-54,631.89,1,631.89
20071015,BK-M18S-40,81.01,1,81.01
20071015,BK-M68B-42,721.05,1,721.05
20071015,BK-M68B-46,661.77,1,661.77
20071015,BK-M68S-38,726.21,2,1452.42
20071015,BK-M68S-42,728.53,1,728.53
20071015,BK-M68S-46,736.76,1,736.76
20071015,BK-R19B-44,207.24,1,207.24
20071015,BK-R19B-48,186.37,1,186.37
20071015,BK-R19B-58,251.1,1,251.1
20071015,BK-R64Y-40,487.7,1,487.7
20071015,BK-R64Y-44,453.94,1,453.94
20071015,BK-R79Y-40,720.87,1,720.87
20071015,BK-R79Y-48,600.76,1,600.76
20071015,BK-T18Y-54,173.16,1,173.16
20071015,BK-T44U-46,405.81,1,405.81
20071015,BK-T44U-54,374.59,1,374.59
20071015,BK-T79U-46,814.72,1,814.72
20071015,BK-T79U-50,670.02,1,670.02
20071015,BK-T79U-60,720.71,1,720.71
20071015,BK-T79Y-60,471.44,1,471.44
20071016,BK-M18B-52,213.06,1,213.06
20071016,BK-M18S-42,62.26,1,62.26
20071016,BK-M68B-42,721.26,1,721.26
20071016,BK-M68S-42,726.27,1,726.27
20071016,BK-M68S-46,736.98,1,736.98
20071016,BK-R19B-48,185.77,1,185.77
20071016,BK-R19B-58,251.93,1,251.93
20071016,BK-R64Y-38,433.56,1,433.56
20071016,BK-R89B-48,830.4,1,830.4
20071016,BK-R89B-58,917.89,1,917.89
20071016,BK-T18U-58,184.73,1,184.73
20071016,BK-T79U-50,671.96,1,671.96
20071016,BK-T79Y-46,442.22,1,442.22
20071016,BK-T79Y-50,637.79,1,637.79
20071016,BK-T79Y-54,634.67,1,634.67
20071017,BK-M18B-52,212.08,1,212.08
20071017,BK-M38S-46,304.19,1,304.19
20071017,BK-M68B-42,721.05,1,721.05
20071017,BK-M68B-46,663.69,1,663.69
20071017,BK-M68S-38,724.68,2,1449.36
20071017,BK-M68S-42,728.08,1,728.08
20071017,BK-M68S-46,738.3,1,738.3
20071017,BK-R19B-48,186.66,1,186.66
20071017,BK-R19B-52,219.2,1,219.2
20071017,BK-R19B-58,251.7,2,503.4
20071017,BK-R64Y-38,432.65,1,432.65
20071017,BK-R79Y-42,546.56,1,546.56
20071017,BK-R79Y-48,602.09,1,602.09
20071017,BK-R89B-44,1001.32,1,1001.32
20071017,BK-R89B-48,828.07,2,1656.14
20071017,BK-R89B-52,899.66,1,899.66
20071017,BK-T18U-44,193.86,1,193.86
20071017,BK-T79Y-60,472.81,1,472.81
20071018,BK-M18S-44,81.92,1,81.92
20071018,BK-M68B-38,694.44,1,694.44
20071018,BK-M68B-42,723.07,2,1446.14
20071018,BK-M68B-46,663.02,1,663.02
20071018,BK-M68S-38,722.14,1,722.14
20071018,BK-M68S-42,731.51,1,731.51
20071018,BK-R19B-52,219.97,1,219.97
20071018,BK-R64Y-48,405.17,1,405.17
20071018,BK-R79Y-40,724.03,1,724.03
20071018,BK-R79Y-42,548.91,1,548.91
20071018,BK-R79Y-44,732.99,1,732.99
20071018,BK-R89B-48,831.72,1,831.72
20071018,BK-R89B-52,903.53,1,903.53
20071018,BK-R89R-58,1025.68,3,3077.04
20071018,BK-T18U-58,184.93,1,184.93
20071018,BK-T18Y-54,172.59,2,345.18
20071018,BK-T79U-50,674.52,1,674.52
20071018,BK-T79U-60,718.97,1,718.97
20071018,BK-T79Y-60,474.61,1,474.61
20071019,BK-M18S-40,80.99,1,80.99
20071019,BK-M38S-42,308.13,1,308.13
20071019,BK-M68B-38,692.49,2,1384.98
20071019,BK-M68S-42,729.02,3,2187.06
20071019,BK-M68S-46,738.45,2,1476.9
20071019,BK-R19B-44,208.23,1,208.23
20071019,BK-R19B-48,185.82,1,185.82
20071019,BK-R19B-52,219.31,1,219.31
20071019,BK-R64Y-42,558.31,1,558.31
20071019,BK-R64Y-44,451.13,1,451.13
20071019,BK-R79Y-40,720.7,1,720.7
20071019,BK-R79Y-44,730.28,1,730.28
20071019,BK-R79Y-48,600.58,2,1201.16
20071019,BK-T18U-58,184.91,1,184.91
20071019,BK-T44U-46,403.38,1,403.38
20071019,BK-T44U-54,375.34,1,375.34
20071019,BK-T44U-60,393.81,1,393.81
20071019,BK-T79U-50,676.94,2,1353.88
20071020,BK-M38S-38,321.73,1,321.73
20071020,BK-M68B-38,692.15,1,692.15
20071020,BK-M68B-42,726.18,1,726.18
20071020,BK-M68S-38,718.39,1,718.39
20071020,BK-M68S-42,728.51,1,728.51
20071020,BK-R19B-44,207.8,1,207.8
20071020,BK-R19B-58,252.88,1,252.88
20071020,BK-R64Y-42,559.98,1,559.98
20071020,BK-R79Y-42,553.97,1,553.97
20071020,BK-R89B-52,899.91,1,899.91
20071020,BK-R89B-58,911.38,1,911.38
20071020,BK-T18U-50,163.66,1,163.66
20071021,BK-M18S-44,82.19,1,82.19
20071021,BK-M38S-46,304.0,1,304.0
20071021,BK-M68B-38,694.71,1,694.71
20071021,BK-M68S-46,740.29,2,1480.58
20071021,BK-R19B-44,207.71,3,623.13
20071021,BK-R19B-52,219.92,1,219.92
20071021,BK-R64Y-42,558.41,1,558.41
20071021,BK-R64Y-48,406.46,2,812.92
20071021,BK-R79Y-40,724.23,2,1448.46
20071021,BK-R89B-44,989.35,1,989.35
20071021,BK-R89B-52,903.96,2,1807.92
20071021,BK-R89R-58,1025.35,1,1025.35
20071021,BK-T79U-54,713.81,1,713.81
20071021,BK-T79Y-54,634.6,1,634.6
20071022,BK-M38S-46,304.73,1,304.73
20071022,BK-M68B-42,724.72,1,724.72
20071022,BK-M68B-46,664.4,2,1328.8
20071022,BK-M68S-38,722.34,3,2167.02
20071022,BK-M68S-42,726.03,1,726.03
20071022,BK-M68S-46,741.77,1,741.77
20071022,BK-R19B-48,185.15,2,370.3
20071022,BK-R19B-58,253.87,1,253.87
20071022,BK-R79Y-42,553.19,2,1106.38
20071022,BK-R79Y-48,597.16,1,597.16
20071022,BK-R89B-44,989.25,1,989.25
20071022,BK-R89B-48,835.46,1,835.46
20071022,BK-T18U-58,186.08,1,186.08
20071022,BK-T44U-54,378.69,1,378.69
20071022,BK-T79Y-46,449.7,1,449.7
20071022,BK-T79Y-50,630.67,1,630.67
20071022,BK-T79Y-54,631.55,1,631.55
20071023,BK-M18B-52,211.74,1,211.74
20071023,BK-M68B-42,724.57,3,2173.71
20071023,BK-M68B-46,662.68,2,1325.36
20071023,BK-M68S-42,725.45,1,725.45
20071023,BK-M68S-46,743.55,2,1487.1
20071023,BK-R19B-48,186.04,1,186.04
20071023,BK-R19B-52,219.72,2,439.44
20071023,BK-R19B-58,253.77,3,761.3100000000001
20071023,BK-R64Y-40,485.25,1,485.25
20071023,BK-R64Y-48,404.31,1,404.31
20071023,BK-R79Y-40,726.33,1,726.33
20071023,BK-R89B-48,831.62,1,831.62
20071023,BK-T18U-58,185.45,1,185.45
20071023,BK-T44U-46,404.14,1,404.14
20071023,BK-T79U-46,823.71,1,823.71
20071023,BK-T79U-60,714.15,1,714.15
20071024,BK-M68B-38,699.64,1,699.64
20071024,BK-M68B-46,663.14,1,663.14
20071024,BK-R19B-52,219.11,1,219.11
20071024,BK-R64Y-40,483.31,1,483.31
20071024,BK-R79Y-40,722.99,1,722.99
20071024,BK-R89R-58,1026.87,1,1026.87
20071024,BK-T18U-62,209.52,1,209.52
20071024,BK-T79Y-46,447.9,1,447.9
20071024,BK-T79Y-54,626.63,1,626.63
20071025,BK-M18B-48,170.35,1,170.35
20071025,BK-M38S-42,305.55,1,305.55
20071025,BK-M38S-46,307.05,2,614.1
20071025,BK-M68B-38,702.51,1,702.51
20071025,BK-M68B-46,662.68,1,662.68
20071025,BK-M68S-42,725.52,1,725.52
20071025,BK-R19B-52,219.94,2,439.88
20071025,BK-R19B-58,253.79,1,253.79
20071025,BK-R64Y-40,484.23,1,484.23
20071025,BK-R64Y-44,448.86,1,448.86
20071025,BK-R79Y-44,727.93,1,727.93
20071025,BK-R89B-44,989.24,2,1978.48
20071025,BK-T79U-54,715.23,1,715.23
20071025,BK-T79Y-54,625.94,1,625.94
20071026,BK-M68B-38,699.63,1,699.63
20071026,BK-M68B-42,723.4,2,1446.8
20071026,BK-M68B-46,664.27,2,1328.54
20071026,BK-M68S-38,728.13,2,1456.26
20071026,BK-M68S-42,728.86,2,1457.72
20071026,BK-M68S-46,742.35,2,1484.7
20071026,BK-R19B-44,206.2,1,206.2
20071026,BK-R19B-48,186.24,2,372.48
20071026,BK-R64Y-42,550.8,1,550.8
20071026,BK-R64Y-48,404.39,2,808.78
20071026,BK-R89B-52,904.76,1,904.76
20071026,BK-R89B-58,911.91,1,911.91
20071026,BK-T18U-50,163.72,1,163.72
20071026,BK-T18U-54,179.53,1,179.53
20071026,BK-T79U-46,818.45,1,818.45
20071026,BK-T79Y-50,627.7,1,627.7
20071027,BK-M18S-48,73.6,1,73.6
20071027,BK-M38S-38,326.77,1,326.77
20071027,BK-M68B-46,663.2,2,1326.4
20071027,BK-M68S-42,727.48,2,1454.96
20071027,BK-R19B-48,185.91,1,185.91
20071027,BK-R19B-52,220.8,1,220.8
20071027,BK-R64Y-38,431.85,1,431.85
20071027,BK-R64Y-44,445.14,1,445.14
20071027,BK-R89B-44,981.54,2,1963.08
20071027,BK-R89B-52,906.85,1,906.85
20071027,BK-T18Y-44,167.94,1,167.94
20071027,BK-T79U-60,710.44,1,710.44
20071027,BK-T79Y-50,626.57,1,626.57
20071027,BK-T79Y-54,627.32,1,627.32
20071028,BK-M68B-38,699.55,1,699.55
20071028,BK-M68B-46,660.95,2,1321.9
20071028,BK-R19B-44,206.04,1,206.04
20071028,BK-R19B-48,185.11,2,370.22
20071028,BK-R19B-58,255.39,1,255.39
20071028,BK-R64Y-38,432.63,1,432.63
20071028,BK-R64Y-44,446.25,1,446.25
20071028,BK-R64Y-48,404.55,1,404.55
20071028,BK-R79Y-48,594.88,1,594.88
20071028,BK-R89B-48,846.18,3,2538.54
20071028,BK-R89B-58,915.74,1,915.74
20071028,BK-R89R-58,1032.52,1,1032.52
20071028,BK-T44U-46,405.11,1,405.11
20071028,BK-T44U-54,380.12,1,380.12
20071028,BK-T79U-50,685.23,1,685.23
20071028,BK-T79Y-54,628.2,1,628.2
20071029,BK-M18S-48,73.48,1,73.48
20071029,BK-M68B-42,722.46,1,722.46
20071029,BK-M68S-38,728.27,1,728.27
20071029,BK-M68S-42,725.73,1,725.73
20071029,BK-M68S-46,738.05,2,1476.1
20071029,BK-R19B-44,206.47,4,825.88
20071029,BK-R79Y-42,552.24,1,552.24
20071029,BK-R79Y-48,591.96,1,591.96
20071029,BK-R89B-44,977.02,1,977.02
20071029,BK-R89R-58,1034.69,1,1034.69
20071029,BK-T18Y-50,182.65,1,182.65
20071029,BK-T79U-54,717.58,1,717.58
20071030,BK-M18B-44,212.41,1,212.41
20071030,BK-M18S-52,63.67,1,63.67
20071030,BK-M38S-38,325.98,1,325.98
20071030,BK-M38S-42,306.73,1,306.73
20071030,BK-M68B-38,704.87,2,1409.74
20071030,BK-M68B-46,659.03,2,1318.06
20071030,BK-M68S-38,731.33,1,731.33
20071030,BK-R19B-44,206.47,2,412.94
20071030,BK-R19B-52,221.22,1,221.22
20071030,BK-R19B-58,253.61,2,507.22
20071030,BK-R64Y-38,433.44,1,433.44
20071030,BK-R64Y-44,446.16,1,446.16
20071030,BK-R79Y-40,712.92,1,712.92
20071030,BK-R79Y-48,590.9,1,590.9
20071030,BK-R89B-58,915.63,1,915.63
20071030,BK-R89R-58,1033.55,1,1033.55
20071030,BK-T18U-62,210.92,1,210.92
20071030,BK-T18Y-58,168.71,1,168.71
20071030,BK-T79U-46,812.89,1,812.89
20071030,BK-T79Y-50,631.79,1,631.79
20071031,BK-M18B-40,202.69,1,202.69
20071031,BK-M68B-38,704.94,1,704.94
20071031,BK-M68B-46,657.18,1,657.18
20071031,BK-M68S-38,731.33,1,731.33
20071031,BK-M68S-42,723.26,2,1446.52
20071031,BK-R19B-44,206.43,1,206.43
20071031,BK-R19B-52,222.04,1,222.04
20071031,BK-R19B-58,254.85,2,509.7
20071031,BK-R64Y-40,486.01,2,972.02
20071031,BK-R64Y-48,405.03,1,405.03
20071031,BK-R89B-52,908.01,2,1816.02
20071031,BK-T18U-54,178.4,1,178.4
20071031,BK-T44U-46,409.09,1,409.09
20071031,BK-T79U-50,687.21,1,687.21
20071031,BK-T79U-54,718.79,1,718.79
20071031,BK-T79Y-46,447.08,2,894.16
20071101,BK-M18B-40,203.69,17,3462.73
20071101,BK-M18B-42,163.03,38,6195.14
20071101,BK-M18B-44,210.67,21,4424.07
20071101,BK-M18B-48,168.61,48,8093.280000000001
20071101,BK-M18B-52,212.29,13,2759.77
20071101,BK-M18S-40,81.33,49,3985.17
20071101,BK-M18S-42,62.05,47,2916.35
20071101,BK-M18S-44,81.81,45,3681.4500000000003
20071101,BK-M18S-48,73.71,54,3980.3399999999997
20071101,BK-M18S-52,63.32,51,3229.32
20071101,BK-M38S-38,327.35,20,6547.0
20071101,BK-M38S-40,265.03,50,13251.499999999998
20071101,BK-M38S-42,307.74,19,5847.06
20071101,BK-M38S-46,306.2,19,5817.8
20071101,BK-M68B-38,703.11,133,93513.63
20071101,BK-M68B-42,727.53,104,75663.12
20071101,BK-M68B-46,658.43,55,36213.649999999994
20071101,BK-M68S-38,728.11,81,58976.91
20071101,BK-M68S-42,723.04,54,39044.159999999996
20071101,BK-M68S-46,740.18,71,52552.78
20071101,BK-R19B-44,206.1,34,7007.4
20071101,BK-R19B-48,186.93,93,17384.49
20071101,BK-R19B-52,222.39,90,20015.1
20071101,BK-R19B-58,253.65,58,14711.7
20071101,BK-R64Y-38,432.01,76,32832.76
20071101,BK-R64Y-40,486.74,60,29204.4
20071101,BK-R64Y-42,554.43,51,28275.929999999997
20071101,BK-R64Y-44,450.32,39,17562.48
20071101,BK-R64Y-48,405.68,53,21501.04
20071101,BK-R79Y-40,716.13,105,75193.65
20071101,BK-R79Y-42,550.19,65,35762.350000000006
20071101,BK-R79Y-44,728.35,39,28405.65
20071101,BK-R79Y-48,592.9,134,79448.59999999999
20071101,BK-R89B-44,983.18,53,52108.54
20071101,BK-R89B-48,852.29,62,52841.979999999996
20071101,BK-R89B-52,909.74,48,43667.520000000004
20071101,BK-R89B-58,912.52,36,32850.72
20071101,BK-R89R-58,1036.44,46,47676.240000000005
20071101,BK-T18U-44,195.25,8,1562.0
20071101,BK-T18U-50,163.01,91,14833.91
20071101,BK-T18U-54,177.63,53,9414.39
20071101,BK-T18U-58,185.77,34,6316.18
20071101,BK-T18U-62,211.47,19,4017.93
20071101,BK-T18Y-44,167.48,53,8876.439999999999
20071101,BK-T18Y-50,182.79,66,12064.14
20071101,BK-T18Y-54,174.69,37,6463.53
20071101,BK-T18Y-58,169.22,9,1522.98
20071101,BK-T18Y-62,171.44,87,14915.28
20071101,BK-T44U-46,408.15,34,13877.099999999999
20071101,BK-T44U-50,401.3,10,4013.0
20071101,BK-T44U-54,380.19,92,34977.48
20071101,BK-T44U-60,392.1,76,29799.600000000002
20071101,BK-T79U-46,811.67,89,72238.62999999999
20071101,BK-T79U-50,686.17,53,36367.009999999995
20071101,BK-T79U-54,722.24,14,10111.36
20071101,BK-T79U-60,713.91,88,62824.079999999994
20071101,BK-T79Y-46,446.9,54,24132.6
20071101,BK-T79Y-50,633.87,38,24087.06
20071101,BK-T79Y-54,628.95,13,8176.35
20071101,BK-T79Y-60,476.1,89,42372.9
20071101,FR-M21B-42,71.84,52,3735.6800000000003
20071101,FR-M21B-44,77.4,52,4024.8
20071101,FR-M21B-48,94.8,56,5308.8
20071101,FR-M21S-40,89.51,51,4565.01
20071101,FR-M21S-42,77.72,43,3341.96
20071101,FR-M21S-44,96.53,38,3668.14
20071101,FR-M21S-52,77.81,46,3579.26
20071101,FR-M63S-40,115.77,84,9724.68
20071101,FR-M63S-42,117.47,49,5756.03
20071101,FR-M63S-46,124.25,21,2609.25
20071101,FR-M94B-38,416.96,27,11257.92
20071101,FR-M94B-42,361.57,51,18440.07
20071101,FR-M94S-38,428.52,47,20140.44
20071101,FR-M94S-42,390.84,14,5471.759999999999
20071101,FR-M94S-46,447.13,31,13861.03
20071101,FR-R38B-44,128.05,4,512.2
20071101,FR-R38B-52,148.03,52,7697.56
20071101,FR-R38B-58,124.28,22,2734.16
20071101,FR-R72Y-38,207.27,36,7461.72
20071101,FR-R72Y-40,257.64,2,515.28
20071101,FR-R72Y-44,191.27,54,10328.58
20071101,FR-R72Y-48,246.48,38,9366.24
20071101,FR-R92B-44,550.57,20,11011.400000000001
20071101,FR-R92R-44,490.31,19,9315.89
20071101,FR-R92R-62,463.06,17,7872.02
20071101,FR-T67U-50,106.91,24,2565.84
20071101,FR-T67U-54,120.8,24,2899.2
20071101,FR-T67Y-44,106.87,20,2137.4
20071101,FR-T67Y-50,101.85,23,2342.5499999999997
20071101,FR-T67Y-62,115.46,29,3348.3399999999997
20071101,FR-T98U-46,333.05,13,4329.650000000001
20071101,FR-T98U-50,313.32,14,4386.48
20071101,FR-T98U-54,298.23,51,15209.730000000001
20071101,FR-T98U-60,335.6,17,5705.200000000001
20071101,FR-T98Y-46,336.27,12,4035.24
20071101,FR-T98Y-50,348.35,17,5921.950000000001
20071101,FR-T98Y-54,332.27,68,22594.36
20071101,FR-T98Y-60,294.19,25,7354.75
20071102,BK-M18B-40,204.46,1,204.46
20071102,BK-M38S-38,327.45,1,327.45
20071102,BK-M38S-40,264.53,1,264.53
20071102,BK-M38S-46,305.35,1,305.35
20071102,BK-M68B-42,729.5,2,1459.0
20071102,BK-M68B-46,657.64,1,657.64
20071102,BK-M68S-38,725.42,2,1450.84
20071102,BK-M68S-42,720.29,1,720.29
20071102,BK-M68S-46,737.08,2,1474.16
20071102,BK-R19B-44,205.77,1,205.77
20071102,BK-R64Y-42,557.2,1,557.2
20071102,BK-R89B-48,848.37,1,848.37
20071102,BK-T18U-54,178.32,1,178.32
20071102,BK-T79U-54,719.93,1,719.93
20071102,BK-T79Y-50,632.8,1,632.8
20071102,BK-T79Y-60,474.76,2,949.52
20071103,BK-M18S-40,81.71,1,81.71
20071103,BK-M38S-46,304.22,1,304.22
20071103,BK-M68B-38,706.7,3,2120.1000000000004
20071103,BK-M68B-46,656.0,1,656.0
20071103,BK-M68S-38,723.24,1,723.24
20071103,BK-R19B-48,185.66,1,185.66
20071103,BK-R19B-52,222.06,4,888.24
20071103,BK-R64Y-38,434.91,2,869.82
20071103,BK-R64Y-40,485.76,2,971.52
20071103,BK-R64Y-42,559.43,1,559.43
20071103,BK-R64Y-44,450.86,1,450.86
20071103,BK-R64Y-48,405.72,1,405.72
20071103,BK-R79Y-42,551.72,2,1103.44
20071103,BK-R79Y-44,730.83,1,730.83
20071103,BK-R89B-48,845.06,1,845.06
20071103,BK-R89B-52,911.82,2,1823.64
20071103,BK-T18Y-54,173.34,1,173.34
20071103,BK-T18Y-58,168.47,1,168.47
20071103,BK-T44U-46,407.17,1,407.17
20071103,BK-T79U-46,812.96,1,812.96
20071103,BK-T79Y-50,630.01,1,630.01
20071103,BK-T79Y-54,630.58,1,630.58
20071104,BK-M18B-48,168.34,1,168.34
20071104,BK-M68B-42,728.97,1,728.97
20071104,BK-M68B-46,657.05,1,657.05
20071104,BK-M68S-42,720.37,1,720.37
20071104,BK-M68S-46,732.66,1,732.66
20071104,BK-R19B-44,206.71,1,206.71
20071104,BK-R19B-48,186.31,1,186.31
20071104,BK-R19B-52,222.19,1,222.19
20071104,BK-R19B-58,253.29,1,253.29
20071104,BK-R64Y-42,557.36,1,557.36
20071104,BK-R64Y-48,405.07,1,405.07
20071104,BK-R79Y-40,713.06,1,713.06
20071104,BK-T18U-62,210.77,1,210.77
20071104,BK-T18Y-50,182.9,1,182.9
20071104,BK-T44U-46,407.21,1,407.21
20071104,BK-T79U-46,809.87,1,809.87
20071104,BK-T79U-60,710.13,1,710.13
20071104,BK-T79Y-54,632.72,1,632.72
20071105,BK-M18B-42,162.38,1,162.38
20071105,BK-M18S-52,62.55,1,62.55
20071105,BK-M68B-38,704.01,1,704.01
20071105,BK-M68B-42,725.99,4,2903.96
20071105,BK-M68S-42,723.75,2,1447.5
20071105,BK-M68S-46,736.18,1,736.18
20071105,BK-R19B-48,185.94,1,185.94
20071105,BK-R19B-58,253.14,1,253.14
20071105,BK-R64Y-40,484.11,2,968.22
20071105,BK-R64Y-42,554.74,1,554.74
20071105,BK-R64Y-48,403.41,1,403.41
20071105,BK-R79Y-40,712.98,1,712.98
20071105,BK-T18U-54,177.06,1,177.06
20071105,BK-T79Y-54,633.99,1,633.99
20071106,BK-M38S-38,330.64,1,330.64
20071106,BK-M68B-42,724.1,3,2172.3
20071106,BK-M68B-46,658.16,1,658.16
20071106,BK-M68S-46,738.97,1,738.97
20071106,BK-R19B-44,206.32,1,206.32
20071106,BK-R19B-48,186.25,1,186.25
20071106,BK-R19B-52,222.77,2,445.54
20071106,BK-R64Y-40,486.39,1,486.39
20071106,BK-R79Y-40,711.77,1,711.77
20071106,BK-R79Y-42,553.6,1,553.6
20071106,BK-R79Y-48,591.95,1,591.95
20071106,BK-R89B-44,993.33,1,993.33
20071106,BK-R89B-52,914.46,1,914.46
20071106,BK-R89R-58,1023.02,1,1023.02
20071106,BK-T44U-50,400.06,1,400.06
20071106,BK-T79U-50,687.81,2,1375.62
20071106,BK-T79Y-50,629.7,1,629.7
20071107,BK-M18S-44,82.02,1,82.02
20071107,BK-M68B-38,710.79,1,710.79
20071107,BK-M68B-46,658.03,2,1316.06
20071107,BK-M68S-38,723.95,2,1447.9
20071107,BK-M68S-42,718.48,2,1436.96
20071107,BK-M68S-46,741.86,1,741.86
20071107,BK-R19B-44,205.99,2,411.98
20071107,BK-R19B-48,187.0,1,187.0
20071107,BK-R19B-58,254.74,1,254.74
20071107,BK-R64Y-40,484.05,2,968.1
20071107,BK-R79Y-40,713.76,2,1427.52
20071107,BK-R79Y-42,555.09,1,555.09
20071107,BK-R89R-58,1022.1,1,1022.1
20071107,BK-T18Y-62,172.14,1,172.14
20071107,BK-T79U-50,685.75,1,685.75
20071107,BK-T79Y-50,627.3,1,627.3
20071108,BK-M38S-38,332.56,1,332.56
20071108,BK-M38S-42,308.47,1,308.47
20071108,BK-M68B-38,711.5,2,1423.0
20071108,BK-M68S-42,717.11,1,717.11
20071108,BK-R19B-44,205.0,1,205.0
20071108,BK-R19B-52,223.48,1,223.48
20071108,BK-R64Y-40,486.13,1,486.13
20071108,BK-R64Y-44,450.85,1,450.85
20071108,BK-R64Y-48,404.86,1,404.86
20071108,BK-R89B-58,910.85,2,1821.7
20071108,BK-T44U-50,398.9,1,398.9
20071108,BK-T79U-46,811.08,1,811.08
20071108,BK-T79Y-46,448.14,2,896.28
20071109,BK-M18S-44,82.17,1,82.17
20071109,BK-M68B-38,708.29,1,708.29
20071109,BK-M68B-42,722.94,1,722.94
20071109,BK-M68B-46,655.73,1,655.73
20071109,BK-M68S-42,717.76,1,717.76
20071109,BK-M68S-46,743.11,2,1486.22
20071109,BK-R19B-44,204.36,1,204.36
20071109,BK-R19B-48,187.41,1,187.41
20071109,BK-R19B-52,222.48,1,222.48
20071109,BK-R64Y-38,430.53,1,430.53
20071109,BK-R64Y-42,561.09,1,561.09
20071109,BK-R79Y-48,592.24,2,1184.48
20071109,BK-R89B-52,914.35,1,914.35
20071109,BK-R89R-58,1028.86,2,2057.72
20071109,BK-T18U-58,184.6,1,184.6
20071109,BK-T18Y-50,182.24,1,182.24
20071109,BK-T18Y-62,171.64,1,171.64
20071109,BK-T44U-54,372.16,1,372.16
20071109,BK-T79U-50,684.51,2,1369.02
20071109,BK-T79U-60,711.18,2,1422.36
20071109,BK-T79Y-60,482.16,1,482.16
20071110,BK-M18S-48,74.39,1,74.39
20071110,BK-M38S-42,308.5,1,308.5
20071110,BK-M68B-42,725.54,3,2176.62
20071110,BK-M68B-46,657.37,2,1314.74
20071110,BK-M68S-42,715.82,1,715.82
20071110,BK-M68S-46,746.45,1,746.45
20071110,BK-R19B-52,223.52,2,447.04
20071110,BK-R19B-58,254.5,1,254.5
20071110,BK-R64Y-38,432.55,1,432.55
20071110,BK-R64Y-40,486.13,1,486.13
20071110,BK-R79Y-40,714.04,1,714.04
20071110,BK-R79Y-42,558.65,2,1117.3
20071110,BK-R79Y-44,726.29,1,726.29
20071110,BK-R89B-48,844.6,1,844.6
20071110,BK-R89B-52,913.53,2,1827.06
20071110,BK-R89R-58,1031.22,1,1031.22
20071110,BK-T79U-46,818.07,1,818.07
20071110,BK-T79U-54,716.54,1,716.54
20071110,BK-T79U-60,710.97,1,710.97
20071110,BK-T79Y-50,626.29,1,626.29
20071110,BK-T79Y-54,633.09,1,633.09
20071111,BK-M18B-42,160.82,1,160.82
20071111,BK-M68B-46,654.67,1,654.67
20071111,BK-M68S-46,744.07,1,744.07
20071111,BK-R64Y-38,432.34,1,432.34
20071111,BK-R64Y-42,564.07,1,564.07
20071111,BK-R79Y-44,723.6,1,723.6
20071111,BK-T79U-46,818.48,1,818.48
20071111,BK-T79Y-46,447.51,1,447.51
20071111,BK-T79Y-60,483.8,1,483.8
20071112,BK-M38S-38,336.19,2,672.38
20071112,BK-M38S-40,265.9,1,265.9
20071112,BK-M68B-38,710.91,3,2132.73
20071112,BK-M68B-42,724.45,2,1448.9
20071112,BK-M68S-42,716.6,1,716.6
20071112,BK-R19B-44,203.04,1,203.04
20071112,BK-R19B-52,225.0,1,225.0
20071112,BK-R19B-58,254.58,2,509.16
20071112,BK-R64Y-38,430.52,1,430.52
20071112,BK-R64Y-44,451.16,1,451.16
20071112,BK-R64Y-48,403.36,1,403.36
20071112,BK-R89B-48,849.76,1,849.76
20071112,BK-R89B-58,919.44,1,919.44
20071112,BK-T18Y-50,181.84,1,181.84
20071112,BK-T44U-46,406.71,1,406.71
20071112,BK-T44U-60,391.53,1,391.53
20071112,BK-T79Y-46,449.12,2,898.24
20071113,BK-M38S-38,336.7,2,673.4
20071113,BK-M68B-38,711.48,2,1422.96
20071113,BK-M68B-42,725.9,1,725.9
20071113,BK-M68B-46,651.21,3,1953.63
20071113,BK-M68S-38,733.7,1,733.7
20071113,BK-R19B-44,203.06,1,203.06
20071113,BK-R19B-48,186.83,1,186.83
20071113,BK-R64Y-48,404.93,1,404.93
20071113,BK-R79Y-40,713.75,1,713.75
20071113,BK-R89B-48,849.42,2,1698.84
20071113,BK-T18U-54,178.26,1,178.26
20071113,BK-T18U-58,183.66,1,183.66
20071113,BK-T18Y-44,169.21,1,169.21
20071113,BK-T79U-50,685.39,1,685.39
20071113,BK-T79Y-50,631.57,1,631.57
20071114,BK-M18B-44,210.33,1,210.33
20071114,BK-M18S-42,62.16,1,62.16
20071114,BK-M18S-52,62.63,1,62.63
20071114,BK-M38S-40,264.06,1,264.06
20071114,BK-M38S-42,308.01,1,308.01
20071114,BK-M68B-38,713.4,1,713.4
20071114,BK-M68S-38,734.73,1,734.73
20071114,BK-R19B-44,203.22,2,406.44
20071114,BK-R19B-48,186.57,3,559.71
20071114,BK-R19B-52,226.26,3,678.78
20071114,BK-R64Y-40,488.37,1,488.37
20071114,BK-R64Y-42,570.46,1,570.46
20071114,BK-R64Y-44,451.29,1,451.29
20071114,BK-R64Y-48,403.96,1,403.96
20071114,BK-R79Y-40,716.03,1,716.03
20071114,BK-R79Y-44,722.44,1,722.44
20071114,BK-R79Y-48,597.35,1,597.35
20071114,BK-R89B-58,916.5,1,916.5
20071114,BK-T18U-54,178.06,1,178.06
20071114,BK-T44U-60,392.15,1,392.15
20071114,BK-T79U-46,809.75,1,809.75
20071114,BK-T79U-60,705.86,1,705.86
20071114,BK-T79Y-46,450.29,1,450.29
20071115,BK-M38S-40,263.43,1,263.43
20071115,BK-M38S-42,306.74,1,306.74
20071115,BK-M38S-46,305.24,3,915.72
20071115,BK-M68B-38,713.19,1,713.19
20071115,BK-M68B-46,647.43,1,647.43
20071115,BK-M68S-46,746.96,1,746.96
20071115,BK-R19B-52,225.38,2,450.76
20071115,BK-R64Y-48,405.46,2,810.92
20071115,BK-R79Y-42,558.52,1,558.52
20071115,BK-R89B-44,991.5,1,991.5
20071115,BK-R89B-58,920.53,2,1841.06
20071115,BK-T18U-58,183.29,1,183.29
20071115,BK-T18Y-54,170.85,2,341.7
20071115,BK-T44U-60,393.4,1,393.4
20071115,BK-T79U-60,707.06,1,707.06
20071115,BK-T79Y-46,452.54,1,452.54
20071115,BK-T79Y-50,630.18,1,630.18
20071115,BK-T79Y-54,633.53,1,633.53
20071115,BK-T79Y-60,478.88,1,478.88
20071116,BK-M18S-40,81.73,1,81.73
20071116,BK-M38S-38,335.45,1,335.45
20071116,BK-M68B-42,726.62,1,726.62
20071116,BK-M68B-46,648.92,1,648.92
20071116,BK-M68S-38,732.82,3,2198.46
20071116,BK-M68S-46,749.8,1,749.8
20071116,BK-R19B-44,203.18,1,203.18
20071116,BK-R19B-48,185.71,1,185.71
20071116,BK-R19B-52,226.26,1,226.26
20071116,BK-R79Y-42,557.63,1,557.63
20071116,BK-R79Y-48,601.84,1,601.84
20071116,BK-R89B-44,992.69,1,992.69
20071116,BK-R89B-52,912.25,1,912.25
20071116,BK-R89B-58,916.48,2,1832.96
20071116,BK-T44U-60,395.25,1,395.25
20071116,BK-T79U-46,814.7,1,814.7
20071116,BK-T79U-50,686.14,1,686.14
20071117,BK-M18S-42,61.76,1,61.76
20071117,BK-M68B-38,711.34,1,711.34
20071117,BK-M68B-42,728.8,2,1457.6
20071117,BK-M68S-38,733.99,3,2201.9700000000003
20071117,BK-R19B-44,203.99,1,203.99
20071117,BK-R19B-48,185.75,3,557.25
20071117,BK-R19B-52,226.67,2,453.34
20071117,BK-R19B-58,257.1,1,257.1
20071117,BK-R64Y-42,571.43,1,571.43
20071117,BK-R64Y-48,405.45,1,405.45
20071117,BK-R79Y-42,558.8,2,1117.6
20071117,BK-R79Y-44,729.03,2,1458.06
20071117,BK-R89B-52,913.71,1,913.71
20071117,BK-T18U-54,177.03,1,177.03
20071117,BK-T44U-50,398.09,1,398.09
20071117,BK-T44U-54,374.31,1,374.31
20071117,BK-T44U-60,393.83,1,393.83
20071117,BK-T79U-50,684.84,1,684.84
20071117,BK-T79Y-60,479.74,1,479.74
20071118,BK-M18S-42,61.82,1,61.82
20071118,BK-M18S-44,82.44,1,82.44
20071118,BK-M38S-38,336.32,1,336.32
20071118,BK-M38S-46,302.83,1,302.83
20071118,BK-M68B-42,726.32,2,1452.64
20071118,BK-M68S-38,732.96,2,1465.92
20071118,BK-M68S-42,712.8,3,2138.3999999999996
20071118,BK-R19B-52,227.01,2,454.02
20071118,BK-R19B-58,256.72,1,256.72
20071118,BK-R64Y-38,431.72,1,431.72
20071118,BK-R79Y-44,727.64,1,727.64
20071118,BK-R79Y-48,603.4,1,603.4
20071118,BK-T18U-54,177.74,1,177.74
20071118,BK-T18U-58,183.97,1,183.97
20071118,BK-T79U-46,815.34,1,815.34
20071118,BK-T79U-50,687.51,1,687.51
20071118,BK-T79U-54,725.02,1,725.02
20071118,BK-T79Y-60,480.7,1,480.7
20071119,BK-M68B-38,710.05,1,710.05
20071119,BK-M68B-42,729.01,2,1458.02
20071119,BK-M68B-46,650.28,1,650.28
20071119,BK-M68S-38,732.59,2,1465.18
20071119,BK-M68S-42,716.15,2,1432.3
20071119,BK-M68S-46,745.67,2,1491.34
20071119,BK-R19B-58,256.28,1,256.28
20071119,BK-R64Y-42,573.49,1,573.49
20071119,BK-R79Y-40,715.95,1,715.95
20071119,BK-R79Y-42,561.21,1,561.21
20071119,BK-R79Y-44,730.12,1,730.12
20071119,BK-R89B-48,856.81,1,856.81
20071119,BK-R89B-52,912.87,1,912.87
20071119,BK-R89B-58,923.09,1,923.09
20071119,BK-T18U-44,191.62,1,191.62
20071119,BK-T79Y-54,635.17,1,635.17
20071120,BK-M18B-48,167.47,1,167.47
20071120,BK-M68B-38,711.05,1,711.05
20071120,BK-M68S-38,736.04,1,736.04
20071120,BK-M68S-46,745.82,2,1491.64
20071120,BK-R19B-44,202.84,2,405.68
20071120,BK-R19B-52,225.92,1,225.92
20071120,BK-R19B-58,256.95,2,513.9
20071120,BK-R64Y-38,431.12,1,431.12
20071120,BK-R64Y-42,574.92,1,574.92
20071120,BK-R64Y-44,445.09,1,445.09
20071120,BK-R79Y-40,718.6,2,1437.2
20071120,BK-R89R-58,1025.11,1,1025.11
20071120,BK-T44U-46,404.38,1,404.38
20071120,BK-T79U-60,701.69,1,701.69
20071121,BK-M38S-38,338.71,1,338.71
20071121,BK-M38S-42,307.6,2,615.2
20071121,BK-M38S-46,303.01,2,606.02
20071121,BK-M68B-42,730.91,2,1461.82
20071121,BK-M68B-46,649.44,2,1298.88
20071121,BK-M68S-38,737.29,1,737.29
20071121,BK-R19B-44,202.93,1,202.93
20071121,BK-R19B-48,186.32,1,186.32
20071121,BK-R19B-58,257.77,1,257.77
20071121,BK-R64Y-40,486.17,1,486.17
20071121,BK-R64Y-42,574.23,1,574.23
20071121,BK-R79Y-48,596.85,1,596.85
20071121,BK-R89B-58,922.26,2,1844.52
20071121,BK-R89R-58,1028.08,1,1028.08
20071121,BK-T18U-54,177.07,1,177.07
20071121,BK-T44U-46,405.27,1,405.27
20071121,BK-T79U-46,813.7,1,813.7
20071121,BK-T79U-50,692.4,1,692.4
20071122,BK-M18S-42,62.23,2,124.46
20071122,BK-M18S-52,62.8,1,62.8
20071122,BK-M38S-40,268.31,1,268.31
20071122,BK-M68B-42,728.2,2,1456.4
20071122,BK-M68B-46,652.56,2,1305.12
20071122,BK-M68S-38,738.91,1,738.91
20071122,BK-M68S-42,716.71,1,716.71
20071122,BK-M68S-46,746.19,3,2238.57
20071122,BK-R19B-48,186.32,1,186.32
20071122,BK-R19B-52,225.28,2,450.56
20071122,BK-R19B-58,258.0,1,258.0
20071122,BK-R64Y-38,430.56,1,430.56
20071122,BK-R64Y-42,576.76,1,576.76
20071122,BK-R64Y-48,409.23,2,818.46
20071122,BK-R79Y-42,566.95,2,1133.9
20071122,BK-R79Y-44,727.99,2,1455.98
20071122,BK-R79Y-48,595.24,2,1190.48
20071122,BK-R89B-48,861.95,1,861.95
20071122,BK-R89B-52,911.04,1,911.04
20071122,BK-R89R-58,1031.68,1,1031.68
20071122,BK-T18U-58,183.87,1,183.87
20071122,BK-T79U-60,698.46,1,698.46
20071122,BK-T79Y-50,635.04,1,635.04
20071122,BK-T79Y-54,635.1,1,635.1
20071123,BK-M38S-42,308.61,1,308.61
20071123,BK-M68B-42,728.06,4,2912.24
20071123,BK-M68B-46,652.36,1,652.36
20071123,BK-M68S-38,737.66,1,737.66
20071123,BK-M68S-42,720.01,1,720.01
20071123,BK-R19B-44,203.15,1,203.15
20071123,BK-R79Y-40,717.87,2,1435.74
20071123,BK-R79Y-42,569.72,2,1139.44
20071123,BK-R79Y-44,724.71,1,724.71
20071123,BK-T18U-58,184.54,2,369.08
20071123,BK-T44U-50,396.92,1,396.92
20071123,BK-T44U-54,368.36,1,368.36
20071123,BK-T44U-60,393.94,1,393.94
20071123,BK-T79U-54,717.23,1,717.23
20071123,BK-T79Y-54,636.69,1,636.69
20071124,BK-M18S-48,74.08,2,148.16
20071124,BK-M38S-40,268.98,1,268.98
20071124,BK-M38S-46,300.23,1,300.23
20071124,BK-M68B-38,716.11,3,2148.33
20071124,BK-M68B-46,651.25,5,3256.25
20071124,BK-M68S-38,734.11,2,1468.22
20071124,BK-M68S-42,716.55,1,716.55
20071124,BK-M68S-46,740.31,2,1480.62
20071124,BK-R19B-52,226.19,1,226.19
20071124,BK-R19B-58,259.24,3,777.72
20071124,BK-R79Y-40,719.52,2,1439.04
20071124,BK-R79Y-42,572.17,2,1144.34
20071124,BK-R89B-44,993.56,1,993.56
20071124,BK-R89B-52,914.13,1,914.13
20071124,BK-R89R-58,1033.63,1,1033.63
20071124,BK-T44U-54,369.65,1,369.65
20071124,BK-T79U-54,716.8,1,716.8
20071124,BK-T79Y-50,635.87,2,1271.74
20071125,BK-M18B-44,209.89,1,209.89
20071125,BK-M68B-38,715.75,1,715.75
20071125,BK-M68B-42,729.29,3,2187.87
20071125,BK-M68S-38,735.73,1,735.73
20071125,BK-M68S-42,717.41,1,717.41
20071125,BK-R19B-44,202.84,2,405.68
20071125,BK-R19B-48,184.35,2,368.7
20071125,BK-R64Y-38,430.3,2,860.6
20071125,BK-R64Y-40,483.4,1,483.4
20071125,BK-R64Y-42,576.57,1,576.57
20071125,BK-R89B-44,988.7,1,988.7
20071125,BK-R89B-48,864.36,1,864.36
20071125,BK-T79Y-46,456.64,1,456.64
20071125,BK-T79Y-50,633.77,1,633.77
20071125,BK-T79Y-54,642.05,1,642.05
20071126,BK-M18B-52,206.19,1,206.19
20071126,BK-M68B-38,714.53,2,1429.06
20071126,BK-M68B-42,731.63,2,1463.26
20071126,BK-M68S-38,736.02,1,736.02
20071126,BK-M68S-46,738.9,4,2955.6
20071126,BK-R19B-44,202.19,2,404.38
20071126,BK-R79Y-44,728.11,1,728.11
20071126,BK-T18U-44,190.45,1,190.45
20071126,BK-T18U-50,166.56,1,166.56
20071126,BK-T44U-46,407.22,1,407.22
20071126,BK-T44U-50,398.27,1,398.27
20071126,BK-T79U-50,695.1,1,695.1
20071126,BK-T79Y-46,458.01,1,458.01
20071126,BK-T79Y-50,633.96,1,633.96
20071126,BK-T79Y-54,641.6,1,641.6
20071126,BK-T79Y-60,482.85,1,482.85
20071127,BK-M18B-52,206.46,1,206.46
20071127,BK-M18S-42,62.93,1,62.93
20071127,BK-M68B-38,711.82,2,1423.64
20071127,BK-M68B-42,728.41,1,728.41
20071127,BK-M68B-46,650.79,3,1952.37
20071127,BK-M68S-38,736.1,1,736.1
20071127,BK-M68S-42,718.92,1,718.92
20071127,BK-M68S-46,739.93,1,739.93
20071127,BK-R19B-44,202.23,3,606.6899999999999
20071127,BK-R64Y-38,429.44,1,429.44
20071127,BK-R64Y-42,575.82,1,575.82
20071127,BK-R79Y-40,722.69,3,2168.07
20071127,BK-R79Y-42,572.74,2,1145.48
20071127,BK-R79Y-48,593.92,1,593.92
20071127,BK-R89B-44,988.68,1,988.68
20071127,BK-R89B-52,916.14,1,916.14
20071127,BK-T18Y-50,183.89,1,183.89
20071127,BK-T18Y-54,170.52,1,170.52
20071127,BK-T18Y-62,170.23,1,170.23
20071127,BK-T79U-46,811.73,1,811.73
20071127,BK-T79Y-54,638.9,1,638.9
20071128,BK-M18S-48,73.18,1,73.18
20071128,BK-M38S-42,310.55,1,310.55
20071128,BK-M68B-46,649.49,1,649.49
20071128,BK-M68S-38,733.82,1,733.82
20071128,BK-M68S-42,720.93,4,2883.72
20071128,BK-M68S-46,742.6,1,742.6
20071128,BK-R19B-48,183.96,2,367.92
20071128,BK-R64Y-40,484.65,1,484.65
20071128,BK-R64Y-42,573.4,2,1146.8
20071128,BK-R64Y-48,407.17,2,814.34
20071128,BK-R79Y-48,594.99,3,1784.97
20071128,BK-R89B-52,918.34,1,918.34
20071128,BK-R89B-58,925.73,1,925.73
20071128,BK-T18U-54,175.16,1,175.16
20071128,BK-T44U-54,371.68,1,371.68
20071128,BK-T79U-54,724.49,2,1448.98
20071128,BK-T79U-60,691.77,1,691.77
20071128,BK-T79Y-46,458.97,1,458.97
20071128,BK-T79Y-54,639.1,1,639.1
20071128,BK-T79Y-60,485.7,1,485.7
20071129,BK-M38S-38,332.23,1,332.23
20071129,BK-M68B-46,648.71,1,648.71
20071129,BK-M68S-46,741.33,2,1482.66
20071129,BK-R19B-44,203.43,2,406.86
20071129,BK-R19B-48,183.87,4,735.48
20071129,BK-R19B-52,228.77,5,1143.8500000000001
20071129,BK-R19B-58,257.71,4,1030.84
20071129,BK-R64Y-42,574.89,1,574.89
20071129,BK-R79Y-40,717.13,2,1434.26
20071129,BK-R79Y-42,571.25,1,571.25
20071129,BK-R79Y-44,737.54,1,737.54
20071129,BK-R89B-44,988.07,1,988.07
20071129,BK-R89B-52,917.79,1,917.79
20071129,BK-R89B-58,924.34,2,1848.68
20071129,BK-T18U-44,189.49,1,189.49
20071129,BK-T18Y-54,170.56,1,170.56
20071129,BK-T44U-54,371.68,1,371.68
20071129,BK-T79U-54,726.96,1,726.96
20071129,BK-T79U-60,693.98,1,693.98
20071129,BK-T79Y-50,629.21,1,629.21
20071130,BK-M18B-40,208.44,1,208.44
20071130,BK-M18B-44,206.86,1,206.86
20071130,BK-M18S-42,63.3,1,63.3
20071130,BK-M18S-44,82.83,1,82.83
20071130,BK-M38S-38,333.56,1,333.56
20071130,BK-M38S-42,310.46,1,310.46
20071130,BK-M68B-38,718.17,1,718.17
20071130,BK-M68B-42,728.91,1,728.91
20071130,BK-M68S-38,738.59,1,738.59
20071130,BK-R19B-48,184.68,1,184.68
20071130,BK-R19B-52,229.78,1,229.78
20071130,BK-R64Y-40,482.81,1,482.81
20071130,BK-R64Y-42,573.17,1,573.17
20071130,BK-R79Y-40,714.12,2,1428.24
20071130,BK-R89B-58,920.36,1,920.36
20071130,BK-T18U-44,190.29,1,190.29
20071130,BK-T18Y-44,170.78,1,170.78
20071130,BK-T44U-50,397.39,1,397.39
20071130,BK-T44U-60,397.49,1,397.49
20071130,BK-T79U-46,815.22,1,815.22
20071130,BK-T79U-50,695.16,1,695.16
20071130,BK-T79Y-46,460.76,1,460.76
20071201,BK-M18B-40,209.07,23,4808.61
20071201,BK-M18B-42,157.53,42,6616.26
20071201,BK-M18B-44,206.95,23,4759.849999999999
20071201,BK-M18B-48,170.76,36,6147.36
20071201,BK-M18B-52,206.64,26,5372.639999999999
20071201,BK-M18S-40,80.92,48,3884.16
20071201,BK-M18S-42,63.31,40,2532.4
20071201,BK-M18S-44,82.75,30,2482.5
20071201,BK-M18S-48,73.23,42,3075.6600000000003
20071201,BK-M18S-52,62.73,41,2571.93
20071201,BK-M38S-38,334.52,26,8697.52
20071201,BK-M38S-40,269.25,51,13731.75
20071201,BK-M38S-42,311.98,24,7487.52
20071201,BK-M38S-46,302.27,29,8765.83
20071201,BK-M68B-38,719.32,107,76967.24
20071201,BK-M68B-42,730.95,110,80404.5
20071201,BK-M68B-46,646.83,74,47865.420000000006
20071201,BK-M68S-38,740.96,74,54831.04
20071201,BK-M68S-42,718.69,71,51026.990000000005
20071201,BK-M68S-46,745.04,64,47682.56
20071201,BK-R19B-44,204.2,19,3879.7999999999997
20071201,BK-R19B-48,184.99,106,19608.940000000002
20071201,BK-R19B-52,229.78,85,19531.3
20071201,BK-R19B-58,259.03,44,11397.32
20071201,BK-R64Y-38,428.27,60,25696.199999999997
20071201,BK-R64Y-40,483.92,40,19356.8
20071201,BK-R64Y-42,573.22,42,24075.24
20071201,BK-R64Y-44,441.16,18,7940.88
20071201,BK-R64Y-48,406.68,75,30501.0
20071201,BK-R79Y-40,711.12,113,80356.56
20071201,BK-R79Y-42,567.65,56,31788.399999999998
20071201,BK-R79Y-44,737.38,23,16959.74
20071201,BK-R79Y-48,593.38,132,78326.16
20071201,BK-R89B-44,988.16,51,50396.159999999996
20071201,BK-R89B-48,870.33,38,33072.54
20071201,BK-R89B-52,924.04,44,40657.759999999995
20071201,BK-R89B-58,924.97,20,18499.4
20071201,BK-R89R-58,1031.95,18,18575.100000000002
20071201,BK-T18U-44,190.88,38,7253.44
20071201,BK-T18U-50,167.76,78,13085.279999999999
20071201,BK-T18U-54,174.81,72,12586.32
20071201,BK-T18U-58,183.52,48,8808.960000000001
20071201,BK-T18U-62,208.51,29,6046.79
20071201,BK-T18Y-44,170.32,97,16521.04
20071201,BK-T18Y-50,182.83,66,12066.78
20071201,BK-T18Y-54,169.77,42,7130.34
20071201,BK-T18Y-58,167.86,35,5875.1
20071201,BK-T18Y-62,170.07,85,14455.949999999999
20071201,BK-T44U-46,405.09,42,17013.78
20071201,BK-T44U-50,399.29,33,13176.570000000002
20071201,BK-T44U-54,370.23,81,29988.63
20071201,BK-T44U-60,398.64,71,28303.44
20071201,BK-T79U-46,811.23,85,68954.55
20071201,BK-T79U-50,693.42,48,33284.159999999996
20071201,BK-T79U-54,726.66,32,23253.12
20071201,BK-T79U-60,697.67,110,76743.7
20071201,BK-T79Y-46,459.75,96,44136.0
20071201,BK-T79Y-50,626.44,62,38839.280000000006
20071201,BK-T79Y-54,642.94,33,21217.02
20071201,BK-T79Y-60,484.33,82,39715.06
20071201,FR-M21B-42,70.5,35,2467.5
20071201,FR-M21B-44,75.24,59,4439.16
20071201,FR-M21B-48,94.24,39,3675.3599999999997
20071201,FR-M21S-40,88.23,42,3705.6600000000003
20071201,FR-M21S-42,76.64,66,5058.24
20071201,FR-M21S-44,94.66,50,4733.0
20071201,FR-M21S-52,77.55,28,2171.4
20071201,FR-M63S-40,115.72,82,9489.039999999999
20071201,FR-M63S-42,118.28,52,6150.56
20071201,FR-M63S-46,127.81,4,511.24
20071201,FR-M94B-38,416.32,34,14154.88
20071201,FR-M94B-42,354.4,60,21264.0
20071201,FR-M94S-38,431.79,52,22453.08
20071201,FR-M94S-42,392.16,1,392.16
20071201,FR-M94S-46,452.52,28,12670.56
20071201,FR-R38B-44,127.92,9,1151.28
20071201,FR-R38B-52,145.85,47,6854.95
20071201,FR-R38B-58,122.54,22,2695.88
20071201,FR-R72Y-38,207.95,38,7902.099999999999
20071201,FR-R72Y-40,255.81,4,1023.24
20071201,FR-R72Y-44,189.6,50,9480.0
20071201,FR-R72Y-48,248.91,31,7716.21
20071201,FR-R92B-44,547.53,19,10403.07
20071201,FR-R92R-44,500.6,12,6007.200000000001
20071201,FR-R92R-62,471.22,15,7068.3
20071201,FR-T67U-50,106.96,21,2246.16
20071201,FR-T67U-54,124.09,12,1489.08
20071201,FR-T67Y-44,106.8,21,2242.7999999999997
20071201,FR-T67Y-50,103.47,15,1552.05
20071201,FR-T67Y-62,114.13,12,1369.56
20071201,FR-T98U-46,334.67,12,4016.04
20071201,FR-T98U-50,307.97,18,5543.460000000001
20071201,FR-T98U-54,301.21,50,15060.499999999998
20071201,FR-T98U-60,340.11,33,11223.630000000001
20071201,FR-T98Y-46,336.57,6,2019.42
20071201,FR-T98Y-50,353.11,4,1412.44
20071201,FR-T98Y-54,332.32,47,15619.039999999999
20071201,FR-T98Y-60,293.89,32,9404.48
20071202,BK-M18B-40,208.98,1,208.98
20071202,BK-M38S-46,303.69,1,303.69
20071202,BK-M68S-38,738.14,2,1476.28
20071202,BK-M68S-42,715.88,1,715.88
20071202,BK-R19B-48,185.46,2,370.92
20071202,BK-R19B-52,228.68,1,228.68
20071202,BK-R19B-58,259.93,1,259.93
20071202,BK-R64Y-38,429.81,2,859.62
20071202,BK-R64Y-44,439.75,1,439.75
20071202,BK-R64Y-48,405.91,1,405.91
20071202,BK-R79Y-40,710.63,2,1421.26
20071202,BK-R79Y-42,569.24,2,1138.48
20071202,BK-R79Y-44,736.87,1,736.87
20071202,BK-R79Y-48,594.74,1,594.74
20071202,BK-R89B-44,984.7,1,984.7
20071202,BK-R89B-48,871.55,1,871.55
20071202,BK-T18U-50,167.89,1,167.89
20071202,BK-T44U-46,407.08,3,1221.24
20071202,BK-T79U-46,812.36,1,812.36
20071202,BK-T79U-54,726.08,2,1452.16
20071202,BK-T79U-60,696.2,1,696.2
20071202,BK-T79Y-46,460.53,1,460.53
20071202,BK-T79Y-50,629.32,1,629.32
20071203,BK-M18B-40,207.98,1,207.98
20071203,BK-M18B-42,158.02,1,158.02
20071203,BK-M18S-42,63.1,1,63.1
20071203,BK-M38S-38,336.74,1,336.74
20071203,BK-M38S-40,267.93,1,267.93
20071203,BK-M38S-46,303.57,1,303.57
20071203,BK-M68B-38,718.38,2,1436.76
20071203,BK-M68B-42,733.88,2,1467.76
20071203,BK-M68B-46,643.73,2,1287.46
20071203,BK-M68S-38,735.56,3,2206.68
20071203,BK-M68S-42,717.32,1,717.32
20071203,BK-M68S-46,746.3,1,746.3
20071203,BK-R19B-44,203.3,2,406.6
20071203,BK-R19B-48,184.55,1,184.55
20071203,BK-R19B-52,228.68,1,228.68
20071203,BK-R19B-58,259.34,1,259.34
20071203,BK-R64Y-38,431.4,1,431.4
20071203,BK-R64Y-40,484.79,2,969.58
20071203,BK-R64Y-44,440.19,2,880.38
20071203,BK-R79Y-40,712.54,1,712.54
20071203,BK-R89B-58,925.15,1,925.15
20071203,BK-R89R-58,1030.29,1,1030.29
20071203,BK-T18U-50,167.09,1,167.09
20071203,BK-T18U-62,208.17,1,208.17
20071203,BK-T18Y-50,183.65,1,183.65
20071203,BK-T18Y-54,169.35,1,169.35
20071203,BK-T18Y-58,168.89,1,168.89
20071203,BK-T79U-50,690.99,1,690.99
20071203,BK-T79Y-46,459.24,1,459.24
20071203,BK-T79Y-54,641.97,2,1283.94
20071203,BK-T79Y-60,486.86,1,486.86
20071204,BK-M18B-48,170.16,2,340.32
20071204,BK-M18B-52,207.02,1,207.02
20071204,BK-M18S-42,62.88,1,62.88
20071204,BK-M18S-52,62.25,3,186.75
20071204,BK-M38S-42,313.98,1,313.98
20071204,BK-M38S-46,302.72,1,302.72
20071204,BK-M68B-42,732.48,1,732.48
20071204,BK-M68B-46,646.82,2,1293.64
20071204,BK-M68S-42,714.02,2,1428.04
20071204,BK-M68S-46,748.69,1,748.69
20071204,BK-R19B-48,184.6,2,369.2
20071204,BK-R64Y-38,432.35,1,432.35
20071204,BK-R64Y-40,482.66,2,965.32
20071204,BK-R64Y-42,572.41,1,572.41
20071204,BK-R64Y-44,442.3,1,442.3
20071204,BK-R64Y-48,405.06,2,810.12
20071204,BK-R79Y-40,713.19,1,713.19
20071204,BK-R79Y-44,735.17,1,735.17
20071204,BK-R89B-44,992.5,1,992.5
20071204,BK-R89R-58,1026.58,1,1026.58
20071204,BK-T18U-44,190.99,1,190.99
20071204,BK-T18U-62,207.72,1,207.72
20071204,BK-T18Y-50,184.41,1,184.41
20071204,BK-T44U-46,406.18,1,406.18
20071204,BK-T44U-60,396.17,1,396.17
20071204,BK-T79U-50,687.95,1,687.95
20071204,BK-T79Y-46,460.48,1,460.48
20071204,BK-T79Y-50,629.95,1,629.95
20071205,BK-M18B-40,207.17,1,207.17
20071205,BK-M18S-48,73.42,1,73.42
20071205,BK-M38S-38,336.97,1,336.97
20071205,BK-M38S-40,266.56,2,533.12
20071205,BK-M38S-42,313.63,1,313.63
20071205,BK-M68B-38,718.23,2,1436.46
20071205,BK-M68B-42,736.14,1,736.14
20071205,BK-M68B-46,648.24,1,648.24
20071205,BK-M68S-42,713.52,1,713.52
20071205,BK-M68S-46,751.61,3,2254.83
20071205,BK-R19B-44,203.32,1,203.32
20071205,BK-R19B-52,229.29,1,229.29
20071205,BK-R19B-58,258.76,1,258.76
20071205,BK-R64Y-38,432.61,2,865.22
20071205,BK-R64Y-40,481.45,1,481.45
20071205,BK-R64Y-42,572.7,1,572.7
20071205,BK-R64Y-44,442.35,1,442.35
20071205,BK-R79Y-42,571.01,2,1142.02
20071205,BK-R79Y-44,733.62,1,733.62
20071205,BK-R89B-58,925.79,1,925.79
20071205,BK-R89R-58,1024.53,1,1024.53
20071205,BK-T18U-54,174.21,1,174.21
20071205,BK-T18U-58,183.37,1,183.37
20071205,BK-T18Y-44,170.37,1,170.37
20071205,BK-T44U-46,407.93,1,407.93
20071205,BK-T79U-50,689.47,1,689.47
20071205,BK-T79U-60,698.97,1,698.97
20071205,BK-T79Y-46,459.01,1,459.01
20071205,BK-T79Y-50,628.0,1,628.0
20071206,BK-M18B-42,158.47,1,158.47
20071206,BK-M38S-38,337.88,1,337.88
20071206,BK-M38S-46,302.84,1,302.84
20071206,BK-M68B-38,717.15,2,1434.3
20071206,BK-M68B-42,734.74,1,734.74
20071206,BK-M68S-38,735.11,1,735.11
20071206,BK-M68S-46,751.84,3,2255.52
20071206,BK-R19B-44,203.67,1,203.67
20071206,BK-R19B-48,184.14,3,552.42
20071206,BK-R19B-52,229.16,1,229.16
20071206,BK-R19B-58,258.25,2,516.5
20071206,BK-R64Y-40,483.72,1,483.72
20071206,BK-R64Y-44,444.12,2,888.24
20071206,BK-R79Y-42,568.72,1,568.72
20071206,BK-R79Y-44,732.16,1,732.16
20071206,BK-R79Y-48,589.05,1,589.05
20071206,BK-R89B-48,873.11,1,873.11
20071206,BK-R89B-52,932.17,1,932.17
20071206,BK-T18U-54,173.95,1,173.95
20071206,BK-T18U-58,183.65,1,183.65
20071206,BK-T18Y-58,169.07,2,338.14
20071206,BK-T18Y-62,170.14,1,170.14
20071206,BK-T44U-54,367.75,1,367.75
20071206,BK-T44U-60,397.24,2,794.48
20071206,BK-T79U-46,813.33,1,813.33
20071206,BK-T79U-54,722.95,2,1445.9
20071206,BK-T79U-60,695.96,1,695.96
20071206,BK-T79Y-46,461.25,2,922.5
20071206,BK-T79Y-50,627.75,1,627.75
20071206,BK-T79Y-54,634.74,3,1904.22
20071206,BK-T79Y-60,488.51,1,488.51
20071207,BK-M18B-44,207.71,2,415.42
20071207,BK-M18S-52,62.33,2,124.66
20071207,BK-M38S-38,336.83,1,336.83
20071207,BK-M38S-40,266.7,2,533.4
20071207,BK-M38S-42,313.54,1,313.54
20071207,BK-M38S-46,303.45,1,303.45
20071207,BK-M68B-38,716.22,1,716.22
20071207,BK-M68B-46,645.32,3,1935.96
20071207,BK-M68S-38,732.32,1,732.32
20071207,BK-R19B-44,203.63,2,407.26
20071207,BK-R19B-48,184.68,3,554.04
20071207,BK-R19B-52,228.58,1,228.58
20071207,BK-R19B-58,258.45,4,1033.8
20071207,BK-R64Y-42,571.84,1,571.84
20071207,BK-R64Y-44,444.96,2,889.92
20071207,BK-R79Y-40,717.04,1,717.04
20071207,BK-R79Y-42,568.5,1,568.5
20071207,BK-R79Y-44,731.72,4,2926.88
20071207,BK-R79Y-48,591.88,3,1775.6399999999999
20071207,BK-R89B-44,986.05,1,986.05
20071207,BK-R89B-58,932.65,2,1865.3
20071207,BK-R89R-58,1031.51,1,1031.51
20071207,BK-T18Y-54,170.23,1,170.23
20071207,BK-T44U-54,366.35,1,366.35
20071207,BK-T79U-50,686.85,2,1373.7
20071207,BK-T79U-54,726.13,3,2178.39
20071207,BK-T79Y-50,626.87,1,626.87
20071207,BK-T79Y-60,486.51,2,973.02
20071208,BK-M18S-52,62.54,1,62.54
20071208,BK-M38S-40,266.27,1,266.27
20071208,BK-M68B-38,718.01,3,2154.0299999999997
20071208,BK-M68B-46,643.26,1,643.26
20071208,BK-M68S-38,729.46,1,729.46
20071208,BK-M68S-46,756.73,2,1513.46
20071208,BK-R19B-44,203.48,2,406.96
20071208,BK-R19B-48,185.01,1,185.01
20071208,BK-R19B-52,228.7,1,228.7
20071208,BK-R19B-58,259.33,3,777.99
20071208,BK-R64Y-40,483.76,1,483.76
20071208,BK-R64Y-44,446.16,1,446.16
20071208,BK-R79Y-40,718.48,2,1436.96
20071208,BK-R79Y-44,732.23,1,732.23
20071208,BK-R89B-44,984.67,1,984.67
20071208,BK-T18Y-58,168.63,3,505.89
20071208,BK-T44U-46,404.51,1,404.51
20071208,BK-T79U-50,683.55,1,683.55
20071208,BK-T79U-60,693.81,1,693.81
20071208,BK-T79Y-50,627.25,1,627.25
20071208,BK-T79Y-60,484.76,1,484.76
20071209,BK-M18B-44,207.6,1,207.6
20071209,BK-M38S-40,266.27,1,266.27
20071209,BK-M68B-38,721.6,2,1443.2
20071209,BK-M68B-42,734.66,1,734.66
20071209,BK-M68B-46,645.45,2,1290.9
20071209,BK-M68S-42,711.8,2,1423.6
20071209,BK-R19B-44,202.71,1,202.71
20071209,BK-R19B-48,185.42,3,556.26
20071209,BK-R19B-52,228.04,3,684.12
20071209,BK-R64Y-42,571.61,2,1143.22
20071209,BK-R79Y-40,720.92,1,720.92
20071209,BK-R79Y-48,591.23,1,591.23
20071209,BK-R89B-44,986.44,1,986.44
20071209,BK-R89B-48,875.2,1,875.2
20071209,BK-T18Y-44,169.7,1,169.7
20071209,BK-T18Y-54,169.57,1,169.57
20071209,BK-T44U-46,405.56,1,405.56
20071209,BK-T79U-54,726.41,1,726.41
20071209,BK-T79Y-46,459.41,1,459.41
20071209,BK-T79Y-50,627.94,2,1255.88
20071210,BK-M38S-38,338.31,1,338.31
20071210,BK-M38S-46,304.87,1,304.87
20071210,BK-M68B-38,720.66,1,720.66
20071210,BK-M68B-42,733.78,2,1467.56
20071210,BK-M68B-46,644.61,1,644.61
20071210,BK-M68S-46,757.18,1,757.18
20071210,BK-R19B-58,260.01,1,260.01
20071210,BK-R79Y-42,563.96,1,563.96
20071210,BK-R79Y-44,727.41,1,727.41
20071210,BK-T18U-62,206.28,3,618.84
20071210,BK-T18Y-44,170.38,1,170.38
20071210,BK-T44U-50,403.38,1,403.38
20071210,BK-T79Y-46,457.2,1,457.2
20071210,BK-T79Y-50,627.62,1,627.62
20071211,BK-M18S-44,83.5,1,83.5
20071211,BK-M38S-38,337.6,2,675.2
20071211,BK-M38S-40,266.46,1,266.46
20071211,BK-M68B-38,718.21,2,1436.42
20071211,BK-M68B-46,646.99,1,646.99
20071211,BK-M68S-38,727.78,3,2183.34
20071211,BK-M68S-46,753.93,1,753.93
20071211,BK-R19B-44,202.08,1,202.08
20071211,BK-R19B-48,184.77,1,184.77
20071211,BK-R19B-52,227.74,4,910.96
20071211,BK-R19B-58,260.29,2,520.58
20071211,BK-R79Y-42,563.73,2,1127.46
20071211,BK-R79Y-44,728.72,1,728.72
20071211,BK-R79Y-48,590.4,1,590.4
20071211,BK-R89B-48,875.9,1,875.9
20071211,BK-R89B-58,935.9,1,935.9
20071211,BK-R89R-58,1026.97,2,2053.94
20071211,BK-T18U-50,166.1,1,166.1
20071211,BK-T18Y-44,169.9,1,169.9
20071211,BK-T44U-46,408.16,2,816.32
20071211,BK-T44U-54,365.87,1,365.87
20071211,BK-T79U-54,728.89,3,2186.67
20071211,BK-T79U-60,692.35,1,692.35
20071212,BK-M18B-44,208.2,1,208.2
20071212,BK-M18S-48,72.78,2,145.56
20071212,BK-M38S-38,336.28,1,336.28
20071212,BK-M68B-38,720.15,1,720.15
20071212,BK-M68B-42,735.02,3,2205.06
20071212,BK-M68B-46,645.83,2,1291.66
20071212,BK-M68S-38,725.74,2,1451.48
20071212,BK-M68S-42,713.08,3,2139.2400000000002
20071212,BK-M68S-46,751.36,4,3005.44
20071212,BK-R19B-44,201.45,3,604.3499999999999
20071212,BK-R19B-48,184.14,1,184.14
20071212,BK-R19B-52,227.74,1,227.74
20071212,BK-R19B-58,261.18,2,522.36
20071212,BK-R64Y-42,570.98,2,1141.96
20071212,BK-R64Y-44,448.39,2,896.78
20071212,BK-R79Y-40,721.49,1,721.49
20071212,BK-R79Y-44,728.86,2,1457.72
20071212,BK-R79Y-48,591.28,1,591.28
20071212,BK-R89B-58,935.62,1,935.62
20071212,BK-T44U-46,406.2,1,406.2
20071212,BK-T44U-54,364.08,1,364.08
20071212,BK-T79U-50,675.58,1,675.58
20071212,BK-T79U-60,690.89,1,690.89
20071212,BK-T79Y-46,455.78,1,455.78
20071212,BK-T79Y-60,484.55,1,484.55
20071213,BK-M18S-42,63.03,1,63.03
20071213,BK-M38S-38,335.58,1,335.58
20071213,BK-M38S-42,316.08,1,316.08
20071213,BK-M38S-46,305.57,1,305.57
20071213,BK-M68B-38,718.78,3,2156.34
20071213,BK-M68S-38,722.99,1,722.99
20071213,BK-M68S-42,710.66,4,2842.64
20071213,BK-M68S-46,752.04,2,1504.08
20071213,BK-R19B-44,202.44,2,404.88
20071213,BK-R19B-48,184.56,3,553.6800000000001
20071213,BK-R19B-52,228.4,1,228.4
20071213,BK-R19B-58,260.45,1,260.45
20071213,BK-R64Y-38,430.71,2,861.42
20071213,BK-R64Y-40,484.82,1,484.82
20071213,BK-R64Y-42,571.49,2,1142.98
20071213,BK-R64Y-44,450.32,1,450.32
20071213,BK-R79Y-42,565.03,2,1130.06
20071213,BK-R79Y-44,730.46,1,730.46
20071213,BK-R89B-48,870.91,1,870.91
20071213,BK-T18U-62,204.86,1,204.86
20071213,BK-T18Y-50,183.64,1,183.64
20071213,BK-T18Y-62,169.47,1,169.47
20071213,BK-T79U-46,823.46,1,823.46
20071213,BK-T79U-50,675.18,2,1350.36
20071213,BK-T79U-54,729.46,1,729.46
20071214,BK-M68B-38,721.66,2,1443.32
20071214,BK-M68B-42,730.84,2,1461.68
20071214,BK-M68B-46,648.09,1,648.09
20071214,BK-M68S-38,720.09,2,1440.18
20071214,BK-M68S-42,710.66,2,1421.32
20071214,BK-M68S-46,751.36,1,751.36
20071214,BK-R19B-44,201.61,1,201.61
20071214,BK-R19B-48,185.06,1,185.06
20071214,BK-R19B-52,228.56,1,228.56
20071214,BK-R19B-58,260.99,2,521.98
20071214,BK-R64Y-38,428.9,1,428.9
20071214,BK-R64Y-40,483.27,2,966.54
20071214,BK-R64Y-42,570.18,1,570.18
20071214,BK-R64Y-44,451.94,1,451.94
20071214,BK-R64Y-48,404.35,1,404.35
20071214,BK-R79Y-42,565.48,2,1130.96
20071214,BK-R79Y-44,732.07,3,2196.21
20071214,BK-R89B-48,870.3,1,870.3
20071214,BK-R89B-58,934.59,1,934.59
20071214,BK-T18U-50,166.83,1,166.83
20071214,BK-T18Y-44,170.65,1,170.65
20071214,BK-T18Y-50,184.1,1,184.1
20071214,BK-T79U-46,822.89,2,1645.78
20071214,BK-T79U-60,692.07,1,692.07
20071214,BK-T79Y-50,636.33,1,636.33
20071215,BK-M18B-48,170.04,1,170.04
20071215,BK-M68B-38,722.74,2,1445.48
20071215,BK-M68B-42,727.4,2,1454.8
20071215,BK-M68B-46,648.86,1,648.86
20071215,BK-M68S-42,707.96,3,2123.88
20071215,BK-M68S-46,753.99,2,1507.98
20071215,BK-R19B-44,201.15,2,402.3
20071215,BK-R19B-52,228.92,3,686.76
20071215,BK-R19B-58,261.1,1,261.1
20071215,BK-R64Y-42,568.87,3,1706.6100000000001
20071215,BK-R64Y-48,405.08,4,1620.32
20071215,BK-R79Y-40,721.06,1,721.06
20071215,BK-R79Y-42,564.75,1,564.75
20071215,BK-R79Y-44,735.29,1,735.29
20071215,BK-R79Y-48,591.22,2,1182.44
20071215,BK-R89B-48,874.57,2,1749.14
20071215,BK-R89R-58,1034.99,1,1034.99
20071215,BK-T18Y-62,170.11,2,340.22
20071215,BK-T44U-46,404.86,1,404.86
20071215,BK-T44U-50,402.01,1,402.01
20071216,BK-M18B-48,170.82,1,170.82
20071216,BK-M38S-40,264.88,1,264.88
20071216,BK-M38S-42,313.9,1,313.9
20071216,BK-M38S-46,304.77,1,304.77
20071216,BK-M68B-38,721.73,2,1443.46
20071216,BK-M68S-38,724.27,1,724.27
20071216,BK-M68S-46,755.88,1,755.88
20071216,BK-R19B-44,201.61,1,201.61
20071216,BK-R19B-52,228.67,1,228.67
20071216,BK-R64Y-38,427.01,1,427.01
20071216,BK-R64Y-40,481.43,1,481.43
20071216,BK-R64Y-42,567.33,1,567.33
20071216,BK-R64Y-44,449.73,2,899.46
20071216,BK-R64Y-48,403.58,1,403.58
20071216,BK-R79Y-42,566.89,1,566.89
20071216,BK-R89B-58,935.52,1,935.52
20071216,BK-T18U-50,166.06,1,166.06
20071216,BK-T44U-50,400.8,1,400.8
20071216,BK-T44U-54,362.4,1,362.4
20071216,BK-T79U-46,820.09,1,820.09
20071216,BK-T79Y-54,631.36,1,631.36
20071216,BK-T79Y-60,483.82,1,483.82
20071217,BK-M18B-42,160.25,1,160.25
20071217,BK-M18S-44,83.5,1,83.5
20071217,BK-M18S-48,73.01,1,73.01
20071217,BK-M38S-42,312.73,2,625.46
20071217,BK-M68B-38,720.72,1,720.72
20071217,BK-M68B-42,731.85,2,1463.7
20071217,BK-M68B-46,654.72,2,1309.44
20071217,BK-R19B-58,260.18,1,260.18
20071217,BK-R64Y-44,449.28,2,898.56
20071217,BK-R79Y-40,723.94,1,723.94
20071217,BK-R79Y-42,565.25,2,1130.5
20071217,BK-R79Y-44,738.83,1,738.83
20071217,BK-R79Y-48,589.26,2,1178.52
20071217,BK-R89B-44,992.65,1,992.65
20071217,BK-R89R-58,1039.14,2,2078.28
20071217,BK-T18Y-62,169.96,1,169.96
20071217,BK-T44U-46,404.98,1,404.98
20071217,BK-T79U-50,668.25,1,668.25
20071217,BK-T79Y-46,458.06,2,916.12
20071217,BK-T79Y-54,629.4,1,629.4
20071218,BK-M18B-40,206.88,2,413.76
20071218,BK-M18B-42,159.74,1,159.74
20071218,BK-M18B-44,208.56,2,417.12
20071218,BK-M18S-42,62.9,1,62.9
20071218,BK-M38S-38,334.89,1,334.89
20071218,BK-M38S-42,313.33,1,313.33
20071218,BK-M38S-46,305.01,1,305.01
20071218,BK-M68B-38,718.56,2,1437.12
20071218,BK-M68B-46,655.11,2,1310.22
20071218,BK-M68S-38,724.99,2,1449.98
20071218,BK-M68S-46,751.95,2,1503.9
20071218,BK-R19B-44,202.72,1,202.72
20071218,BK-R19B-48,186.58,1,186.58
20071218,BK-R19B-52,229.24,1,229.24
20071218,BK-R19B-58,259.95,1,259.95
20071218,BK-R64Y-42,569.71,3,1709.13
20071218,BK-R64Y-44,447.21,2,894.42
20071218,BK-R79Y-40,724.88,2,1449.76
20071218,BK-R79Y-48,586.61,1,586.61
20071218,BK-R89B-48,877.26,1,877.26
20071218,BK-R89B-52,933.45,2,1866.9
20071218,BK-T18U-44,189.61,1,189.61
20071218,BK-T18U-54,172.86,1,172.86
20071218,BK-T18U-62,204.57,1,204.57
20071218,BK-T18Y-62,169.87,1,169.87
20071218,BK-T44U-50,400.11,2,800.22
20071218,BK-T79U-46,818.37,1,818.37
20071218,BK-T79U-54,726.75,1,726.75
20071218,BK-T79U-60,692.12,2,1384.24
20071218,BK-T79Y-46,458.66,1,458.66
20071218,BK-T79Y-54,632.42,1,632.42
20071219,BK-M18B-44,207.83,2,415.66
20071219,BK-M68B-38,719.42,1,719.42
20071219,BK-M68B-42,738.3,3,2214.8999999999996
20071219,BK-M68B-46,654.13,3,1962.3899999999999
20071219,BK-M68S-38,723.17,1,723.17
20071219,BK-M68S-42,703.22,3,2109.66
20071219,BK-M68S-46,749.32,3,2247.96
20071219,BK-R19B-52,229.56,1,229.56
20071219,BK-R19B-58,258.7,1,258.7
20071219,BK-R64Y-42,567.61,2,1135.22
20071219,BK-R64Y-44,445.51,3,1336.53
20071219,BK-R79Y-42,565.81,1,565.81
20071219,BK-R79Y-44,736.24,1,736.24
20071219,BK-R79Y-48,589.25,1,589.25
20071219,BK-R89B-52,932.89,1,932.89
20071219,BK-R89R-58,1046.21,1,1046.21
20071219,BK-T18U-50,165.66,1,165.66
20071219,BK-T18Y-50,184.03,1,184.03
20071219,BK-T44U-60,395.51,1,395.51
20071219,BK-T79U-60,691.92,1,691.92
20071219,BK-T79Y-54,629.58,1,629.58
20071219,BK-T79Y-60,483.38,1,483.38
20071220,BK-M18B-40,206.31,1,206.31
20071220,BK-M18B-42,159.42,1,159.42
20071220,BK-M18S-44,83.13,1,83.13
20071220,BK-M38S-40,263.56,1,263.56
20071220,BK-M68B-42,740.52,1,740.52
20071220,BK-M68B-46,654.72,1,654.72
20071220,BK-M68S-42,704.13,3,2112.39
20071220,BK-R19B-44,201.79,2,403.58
20071220,BK-R19B-48,186.77,1,186.77
20071220,BK-R19B-52,229.29,3,687.87
20071220,BK-R64Y-38,427.52,1,427.52
20071220,BK-R64Y-42,564.99,2,1129.98
20071220,BK-R64Y-44,447.34,3,1342.02
20071220,BK-R64Y-48,404.47,1,404.47
20071220,BK-R79Y-40,723.14,2,1446.28
20071220,BK-R79Y-44,735.43,1,735.43
20071220,BK-R79Y-48,589.19,1,589.19
20071220,BK-R89B-44,990.66,2,1981.32
20071220,BK-R89B-48,881.92,1,881.92
20071220,BK-R89B-52,931.77,1,931.77
20071220,BK-R89R-58,1049.35,1,1049.35
20071220,BK-T18U-62,204.04,1,204.04
20071220,BK-T44U-50,400.39,2,800.78
20071220,BK-T44U-60,393.93,1,393.93
20071220,BK-T79U-46,820.99,3,2462.9700000000003
20071220,BK-T79U-54,728.63,1,728.63
20071220,BK-T79U-60,694.82,1,694.82
20071220,BK-T79Y-46,462.52,1,462.52
20071220,BK-T79Y-54,628.95,1,628.95
20071221,BK-M18B-48,173.1,1,173.1
20071221,BK-M38S-38,333.62,1,333.62
20071221,BK-M38S-42,314.04,1,314.04
20071221,BK-M68B-38,716.11,4,2864.44
20071221,BK-M68B-42,740.89,1,740.89
20071221,BK-M68B-46,656.48,1,656.48
20071221,BK-M68S-38,722.66,2,1445.32
20071221,BK-M68S-42,707.02,3,2121.06
20071221,BK-M68S-46,747.07,2,1494.14
20071221,BK-R19B-44,202.39,1,202.39
20071221,BK-R19B-48,187.63,1,187.63
20071221,BK-R19B-52,228.49,2,456.98
20071221,BK-R19B-58,258.31,2,516.62
20071221,BK-R64Y-40,481.04,1,481.04
20071221,BK-R64Y-44,446.89,3,1340.67
20071221,BK-R79Y-44,739.04,1,739.04
20071221,BK-R79Y-48,586.95,1,586.95
20071221,BK-R89B-48,879.01,2,1758.02
20071221,BK-R89B-52,934.28,1,934.28
20071221,BK-T18Y-62,169.11,1,169.11
20071221,BK-T79U-46,820.99,1,820.99
20071221,BK-T79U-60,693.01,1,693.01
20071221,BK-T79Y-60,482.31,2,964.62
20071222,BK-M18B-40,206.12,1,206.12
20071222,BK-M18S-52,62.69,1,62.69
20071222,BK-M68B-38,713.82,1,713.82
20071222,BK-M68B-42,743.4,5,3717.0
20071222,BK-M68B-46,658.06,1,658.06
20071222,BK-M68S-42,704.33,1,704.33
20071222,BK-R19B-44,202.29,1,202.29
20071222,BK-R19B-48,187.7,1,187.7
20071222,BK-R19B-52,229.45,1,229.45
20071222,BK-R64Y-38,426.75,2,853.5
20071222,BK-R64Y-42,560.99,1,560.99
20071222,BK-R79Y-40,721.77,1,721.77
20071222,BK-R79Y-42,566.26,1,566.26
20071222,BK-T79U-46,824.11,2,1648.22
20071223,BK-M18B-40,205.58,1,205.58
20071223,BK-M38S-42,314.92,1,314.92
20071223,BK-M38S-46,306.91,1,306.91
20071223,BK-M68B-38,710.32,1,710.32
20071223,BK-M68B-42,741.7,1,741.7
20071223,BK-M68S-38,724.91,1,724.91
20071223,BK-M68S-42,702.43,1,702.43
20071223,BK-R19B-44,201.34,1,201.34
20071223,BK-R19B-48,188.04,1,188.04
20071223,BK-R19B-52,228.55,2,457.1
20071223,BK-R19B-58,257.61,1,257.61
20071223,BK-R64Y-38,425.9,1,425.9
20071223,BK-R64Y-40,478.54,1,478.54
20071223,BK-R64Y-44,447.47,1,447.47
20071223,BK-R64Y-48,402.32,2,804.64
20071223,BK-R79Y-40,719.1,1,719.1
20071223,BK-R79Y-42,563.82,2,1127.64
20071223,BK-R79Y-44,743.03,1,743.03
20071223,BK-R79Y-48,591.19,1,591.19
20071223,BK-R89B-48,886.05,1,886.05
20071223,BK-T18U-62,204.94,1,204.94
20071223,BK-T18Y-44,170.01,1,170.01
20071223,BK-T18Y-54,167.53,1,167.53
20071223,BK-T79U-46,822.79,2,1645.58
20071223,BK-T79U-50,669.85,2,1339.7
20071223,BK-T79U-60,690.38,1,690.38
20071223,BK-T79Y-46,460.71,2,921.42
20071223,BK-T79Y-54,632.08,1,632.08
20071224,BK-M18S-44,82.7,1,82.7
20071224,BK-M18S-48,72.65,1,72.65
20071224,BK-M18S-52,62.67,1,62.67
20071224,BK-M68B-38,712.31,2,1424.62
20071224,BK-M68B-42,741.55,1,741.55
20071224,BK-M68B-46,660.04,3,1980.12
20071224,BK-M68S-38,722.22,1,722.22
20071224,BK-R19B-48,188.34,1,188.34
20071224,BK-R19B-58,258.31,1,258.31
20071224,BK-R64Y-40,480.07,1,480.07
20071224,BK-R64Y-44,448.36,1,448.36
20071224,BK-R79Y-40,715.57,1,715.57
20071224,BK-R79Y-42,561.4,1,561.4
20071224,BK-R79Y-48,594.08,2,1188.16
20071224,BK-R89B-48,888.0,2,1776.0
20071224,BK-R89B-52,934.27,1,934.27
20071224,BK-T18U-58,186.95,1,186.95
20071224,BK-T18Y-50,184.93,1,184.93
20071224,BK-T44U-50,394.97,1,394.97
20071224,BK-T79Y-54,631.26,1,631.26
20071225,BK-M18S-48,72.74,1,72.74
20071225,BK-M38S-38,331.66,3,994.98
20071225,BK-M38S-40,262.16,1,262.16
20071225,BK-M38S-42,313.88,1,313.88
20071225,BK-M38S-46,305.4,2,610.8
20071225,BK-M68B-38,711.6,1,711.6
20071225,BK-M68B-42,739.77,1,739.77
20071225,BK-M68S-38,725.69,1,725.69
20071225,BK-M68S-42,701.86,1,701.86
20071225,BK-M68S-46,749.08,1,749.08
20071225,BK-R19B-44,201.02,1,201.02
20071225,BK-R19B-48,189.13,2,378.26
20071225,BK-R19B-52,226.34,4,905.36
20071225,BK-R64Y-42,559.69,1,559.69
20071225,BK-R64Y-44,447.51,1,447.51
20071225,BK-R64Y-48,402.89,1,402.89
20071225,BK-R89B-44,996.41,1,996.41
20071225,BK-R89B-48,890.76,1,890.76
20071225,BK-T18U-58,186.57,1,186.57
20071225,BK-T18Y-44,168.79,2,337.58
20071225,BK-T18Y-50,185.06,3,555.1800000000001
20071225,BK-T18Y-54,167.59,1,167.59
20071225,BK-T18Y-62,171.25,1,171.25
20071225,BK-T44U-46,405.42,2,810.84
20071225,BK-T44U-54,362.17,1,362.17
20071225,BK-T79U-46,824.26,1,824.26
20071225,BK-T79Y-46,461.58,1,461.58
20071225,BK-T79Y-50,631.55,2,1263.1
20071226,BK-M18B-42,157.89,1,157.89
20071226,BK-M38S-38,330.1,1,330.1
20071226,BK-M38S-42,313.29,1,313.29
20071226,BK-M68B-38,709.04,1,709.04
20071226,BK-M68B-42,739.84,1,739.84
20071226,BK-M68B-46,655.75,1,655.75
20071226,BK-M68S-38,725.91,1,725.91
20071226,BK-M68S-42,705.09,1,705.09
20071226,BK-M68S-46,749.53,1,749.53
20071226,BK-R19B-48,188.43,1,188.43
20071226,BK-R19B-52,225.95,4,903.8
20071226,BK-R64Y-38,423.68,1,423.68
20071226,BK-R64Y-44,448.13,2,896.26
20071226,BK-R79Y-42,563.58,1,563.58
20071226,BK-R79Y-44,739.39,1,739.39
20071226,BK-R79Y-48,593.84,1,593.84
20071226,BK-R89B-44,1001.29,1,1001.29
20071226,BK-R89B-52,938.38,1,938.38
20071226,BK-T18Y-50,184.32,1,184.32
20071226,BK-T44U-54,362.17,2,724.34
20071226,BK-T44U-60,394.95,1,394.95
20071226,BK-T79U-46,820.96,1,820.96
20071226,BK-T79U-50,671.19,2,1342.38
20071226,BK-T79U-54,723.24,2,1446.48
20071226,BK-T79Y-46,461.44,1,461.44
20071226,BK-T79Y-54,633.91,2,1267.82
20071226,BK-T79Y-60,482.16,1,482.16
20071227,BK-M68B-46,653.13,3,1959.3899999999999
20071227,BK-M68S-38,722.71,1,722.71
20071227,BK-M68S-42,703.19,1,703.19
20071227,BK-M68S-46,748.03,1,748.03
20071227,BK-R19B-44,199.63,1,199.63
20071227,BK-R19B-52,225.95,2,451.9
20071227,BK-R64Y-38,421.94,1,421.94
20071227,BK-R64Y-40,480.97,1,480.97
20071227,BK-R64Y-44,449.57,1,449.57
20071227,BK-R79Y-40,714.63,1,714.63
20071227,BK-R79Y-48,591.28,1,591.28
20071227,BK-R89B-52,934.63,1,934.63
20071227,BK-R89B-58,935.49,3,2806.4700000000003
20071227,BK-T18U-44,190.33,1,190.33
20071227,BK-T18U-62,207.11,1,207.11
20071227,BK-T18Y-54,166.87,1,166.87
20071227,BK-T79U-46,824.9,2,1649.8
20071227,BK-T79U-54,723.97,1,723.97
20071227,BK-T79Y-50,632.18,1,632.18
20071227,BK-T79Y-54,635.56,1,635.56
20071228,BK-M18B-42,158.02,1,158.02
20071228,BK-M18B-48,173.63,1,173.63
20071228,BK-M38S-40,261.05,1,261.05
20071228,BK-M38S-42,313.38,1,313.38
20071228,BK-M68B-38,709.46,1,709.46
20071228,BK-M68B-42,740.87,2,1481.74
20071228,BK-M68B-46,650.45,2,1300.9
20071228,BK-M68S-38,725.53,1,725.53
20071228,BK-M68S-42,705.65,1,705.65
20071228,BK-M68S-46,747.96,1,747.96
20071228,BK-R19B-44,199.11,3,597.33
20071228,BK-R19B-48,189.0,2,378.0
20071228,BK-R19B-52,225.12,2,450.24
20071228,BK-R19B-58,256.48,2,512.96
20071228,BK-R64Y-38,421.01,1,421.01
20071228,BK-R64Y-42,557.06,1,557.06
20071228,BK-R64Y-48,405.55,1,405.55
20071228,BK-R79Y-40,712.41,1,712.41
20071228,BK-R79Y-42,562.17,1,562.17
20071228,BK-R89B-48,895.21,1,895.21
20071228,BK-R89B-52,932.57,1,932.57
20071228,BK-T18U-44,190.9,1,190.9
20071228,BK-T44U-50,394.61,2,789.22
20071228,BK-T44U-54,362.86,1,362.86
20071228,BK-T79U-54,720.85,1,720.85
20071228,BK-T79U-60,688.65,1,688.65
20071228,BK-T79Y-50,631.04,2,1262.08
20071229,BK-M18B-48,173.84,1,173.84
20071229,BK-M18B-52,206.09,1,206.09
20071229,BK-M38S-38,329.6,2,659.2
20071229,BK-M38S-40,261.58,1,261.58
20071229,BK-M38S-42,314.66,2,629.32
20071229,BK-M68B-42,742.65,3,2227.95
20071229,BK-M68B-46,647.33,2,1294.66
20071229,BK-M68S-42,706.99,2,1413.98
20071229,BK-M68S-46,746.91,3,2240.73
20071229,BK-R19B-44,199.79,2,399.58
20071229,BK-R19B-48,189.6,3,568.8
20071229,BK-R19B-58,257.42,1,257.42
20071229,BK-R64Y-38,420.72,2,841.44
20071229,BK-R79Y-48,590.57,1,590.57
20071229,BK-R89B-44,998.58,1,998.58
20071229,BK-R89B-52,934.81,1,934.81
20071229,BK-T18U-44,190.18,1,190.18
20071229,BK-T44U-50,394.29,1,394.29
20071229,BK-T44U-54,361.11,1,361.11
20071229,BK-T79U-54,720.28,1,720.28
20071229,BK-T79Y-54,638.1,1,638.1
20071229,BK-T79Y-60,484.42,1,484.42
20071230,BK-M18B-42,158.43,1,158.43
20071230,BK-M38S-40,261.29,2,522.58
20071230,BK-M38S-42,316.02,1,316.02
20071230,BK-M68B-42,740.13,1,740.13
20071230,BK-M68S-38,725.02,2,1450.04
20071230,BK-M68S-42,709.18,2,1418.36
20071230,BK-M68S-46,749.98,4,2999.92
20071230,BK-R19B-44,199.51,1,199.51
20071230,BK-R64Y-38,421.56,1,421.56
20071230,BK-R64Y-42,559.85,1,559.85
20071230,BK-R64Y-44,452.41,1,452.41
20071230,BK-R79Y-42,561.39,2,1122.78
20071230,BK-R79Y-44,734.67,1,734.67
20071230,BK-R79Y-48,593.41,1,593.41
20071230,BK-R89B-52,938.36,1,938.36
20071230,BK-R89B-58,936.79,1,936.79
20071230,BK-T18U-50,166.75,1,166.75
20071230,BK-T79U-50,671.11,1,671.11
20071230,BK-T79U-60,688.09,3,2064.27
20071230,BK-T79Y-54,640.59,2,1281.18
20071230,BK-T79Y-60,483.26,1,483.26
20071231,BK-M18S-40,78.85,1,78.85
20071231,BK-M38S-40,261.42,1,261.42
20071231,BK-M38S-42,317.31,1,317.31
20071231,BK-M68B-38,710.38,1,710.38
20071231,BK-M68B-42,741.53,6,4449.18
20071231,BK-M68B-46,645.97,3,1937.91
20071231,BK-R19B-44,200.39,1,200.39
20071231,BK-R19B-48,188.37,1,188.37
20071231,BK-R19B-52,224.4,2,448.8
20071231,BK-R19B-58,256.55,3,769.6500000000001
20071231,BK-R64Y-38,423.5,1,423.5
20071231,BK-R64Y-40,483.71,1,483.71
20071231,BK-R79Y-40,710.13,1,710.13
20071231,BK-R79Y-48,592.16,1,592.16
20071231,BK-R89B-44,1003.78,1,1003.78
20071231,BK-R89B-48,895.91,1,895.91
20071231,BK-R89B-52,941.27,2,1882.54
20071231,BK-R89R-58,1036.05,1,1036.05
20071231,BK-T18Y-44,169.06,1,169.06
20071231,BK-T79Y-46,466.21,1,466.21
20071231,BK-T79Y-54,643.54,1,643.54
20071231,BK-T79Y-60,484.71,1,484.71
20080101,BK-M18B-40,204.5,21,4294.5
20080101,BK-M18B-42,157.87,15,2368.05
20080101,BK-M18B-44,204.8,16,3276.8
20080101,BK-M18B-48,173.22,18,3117.96
20080101,BK-M18B-52,206.53,17,3511.01
20080101,BK-M18S-40,79.08,10,790.8
20080101,BK-M18S-42,62.74,12,752.88
20080101,BK-M18S-44,82.43,11,906.73
20080101,BK-M18S-48,72.42,13,941.46
20080101,BK-M18S-52,63.14,18,1136.52
20080101,BK-M38S-38,329.07,20,6581.4
20080101,BK-M38S-40,260.97,31,8090.070000000001
20080101,BK-M38S-42,316.87,10,3168.7
20080101,BK-M38S-46,303.68,15,4555.2
20080101,BK-M68B-38,711.02,48,34128.96
20080101,BK-M68B-42,737.9,52,38370.799999999996
20080101,BK-M68B-46,644.09,46,29628.140000000003
20080101,BK-M68S-38,725.37,38,27564.06
20080101,BK-M68S-42,714.51,33,23578.829999999998
20080101,BK-M68S-46,749.82,35,26243.7
20080101,BK-R19B-44,201.29,16,3220.64
20080101,BK-R19B-48,189.18,69,13053.42
20080101,BK-R19B-52,224.24,58,13005.92
20080101,BK-R19B-58,256.32,24,6151.68
20080101,BK-R64Y-38,421.64,49,20660.36
20080101,BK-R64Y-40,483.32,36,17399.52
20080101,BK-R64Y-42,560.57,17,9529.69
20080101,BK-R64Y-44,455.62,11,5011.82
20080101,BK-R64Y-48,404.09,62,25053.579999999998
20080101,BK-R79Y-40,707.86,77,54505.22
20080101,BK-R79Y-42,558.75,29,16203.75
20080101,BK-R79Y-44,736.07,13,9568.91
20080101,BK-R79Y-48,590.45,86,50778.700000000004
20080101,BK-R89B-44,1004.78,40,40191.2
20080101,BK-R89B-48,895.2,25,22380.0
20080101,BK-R89B-52,941.08,19,17880.52
20080101,BK-R89B-58,942.42,12,11309.039999999999
20080101,BK-R89R-58,1038.95,14,14545.300000000001
20080101,BK-T18U-44,190.17,9,1711.53
20080101,BK-T18U-50,166.88,40,6675.2
20080101,BK-T18U-54,172.01,29,4988.29
20080101,BK-T18U-58,187.56,23,4313.88
20080101,BK-T18U-62,205.59,7,1439.13
20080101,BK-T18Y-44,169.36,35,5927.6
20080101,BK-T18Y-50,185.55,26,4824.3
20080101,BK-T18Y-54,166.02,11,1826.22
20080101,BK-T18Y-58,164.47,6,986.8199999999999
20080101,BK-T18Y-62,169.1,37,6256.7
20080101,BK-T44U-46,410.75,12,4929.0
20080101,BK-T44U-50,394.84,13,5132.92
20080101,BK-T44U-54,357.77,43,15384.109999999999
20080101,BK-T44U-60,398.94,34,13563.96
20080101,BK-T79U-46,831.51,42,34923.42
20080101,BK-T79U-50,675.34,24,16208.16
20080101,BK-T79U-54,715.67,12,8588.039999999999
20080101,BK-T79U-60,682.8,45,30725.999999999996
20080101,BK-T79Y-46,466.16,38,17714.08
20080101,BK-T79Y-50,635.46,17,10802.82
20080101,BK-T79Y-54,645.21,5,3226.05
20080101,BK-T79Y-60,485.82,42,20404.44
20080101,FR-M21B-42,70.19,16,1123.04
20080101,FR-M21B-44,75.3,38,2861.4
20080101,FR-M21S-40,89.24,11,981.64
20080101,FR-M21S-42,78.04,26,2029.0400000000002
20080101,FR-M21S-52,78.89,14,1104.46
20080101,FR-M63S-40,116.07,30,3482.1
20080101,FR-M63S-42,118.93,30,3567.9
20080101,FR-M94B-38,411.22,5,2056.1000000000004
20080101,FR-M94B-42,347.45,17,5906.65
20080101,FR-M94S-38,425.86,11,4684.46
20080101,FR-M94S-46,457.71,6,2746.2599999999998
20080101,FR-R38B-52,148.41,16,2374.56
20080101,FR-R38B-58,126.63,10,1266.3
20080101,FR-R72Y-38,205.2,9,1846.8
20080101,FR-R72Y-44,185.43,24,4450.32
20080101,FR-R72Y-48,248.35,17,4221.95
20080101,FR-T67U-50,105.27,16,1684.32
20080101,FR-T67U-54,125.42,2,250.84
20080101,FR-T67Y-44,106.35,11,1169.85
20080101,FR-T67Y-50,103.19,15,1547.85
20080101,FR-T67Y-62,116.42,8,931.36
20080101,FR-T98U-54,293.71,18,5286.78
20080101,FR-T98U-60,345.87,11,3804.57
20080101,FR-T98Y-54,328.49,19,6241.31
20080101,FR-T98Y-60,294.71,10,2947.1
20080102,BK-M38S-38,328.64,1,328.64
20080102,BK-M38S-46,304.29,1,304.29
20080102,BK-M68B-38,711.73,3,2135.19
20080102,BK-M68S-42,716.87,2,1433.74
20080102,BK-R19B-52,224.94,1,224.94
20080102,BK-R64Y-40,482.98,1,482.98
20080102,BK-R79Y-40,706.37,2,1412.74
20080102,BK-R79Y-44,738.72,1,738.72
20080102,BK-R79Y-48,592.16,2,1184.32
20080102,BK-R89B-52,939.48,1,939.48
20080102,BK-T18U-54,171.96,1,171.96
20080102,BK-T18Y-54,165.92,1,165.92
20080102,BK-T79U-54,714.67,1,714.67
20080102,BK-T79U-60,686.01,1,686.01
20080102,BK-T79Y-46,465.04,1,465.04
20080102,BK-T79Y-50,635.84,1,635.84
20080102,BK-T79Y-60,485.53,1,485.53
20080103,BK-M68B-42,739.52,1,739.52
20080103,BK-M68B-46,638.89,8,5111.12
20080103,BK-M68S-42,717.3,1,717.3
20080103,BK-M68S-46,747.95,2,1495.9
20080103,BK-R19B-52,225.34,4,901.36
20080103,BK-R64Y-42,561.97,1,561.97
20080103,BK-R64Y-44,455.98,2,911.96
20080103,BK-R89B-52,935.16,1,935.16
20080103,BK-T44U-54,360.74,1,360.74
20080103,BK-T79U-46,837.42,1,837.42
20080103,BK-T79U-60,686.21,1,686.21
20080103,BK-T79Y-54,643.91,1,643.91
20080104,BK-M18B-42,157.84,1,157.84
20080104,BK-M18B-44,204.23,1,204.23
20080104,BK-M38S-38,330.58,1,330.58
20080104,BK-M38S-42,316.61,1,316.61
20080104,BK-M68B-38,710.87,2,1421.74
20080104,BK-M68B-46,640.04,1,640.04
20080104,BK-M68S-42,716.94,2,1433.88
20080104,BK-R19B-44,200.68,1,200.68
20080104,BK-R64Y-38,425.57,1,425.57
20080104,BK-R64Y-42,564.05,1,564.05
20080104,BK-R64Y-44,457.31,1,457.31
20080104,BK-R64Y-48,401.99,1,401.99
20080104,BK-R79Y-40,701.15,2,1402.3
20080104,BK-R79Y-42,554.23,1,554.23
20080104,BK-R89B-58,933.78,1,933.78
20080104,BK-R89R-58,1042.26,1,1042.26
20080104,BK-T18U-44,189.96,1,189.96
20080104,BK-T18U-58,189.65,1,189.65
20080104,BK-T18Y-50,184.16,1,184.16
20080104,BK-T44U-60,397.47,1,397.47
20080104,BK-T79Y-50,636.6,2,1273.2
20080105,BK-M38S-42,318.16,1,318.16
20080105,BK-M38S-46,305.02,1,305.02
20080105,BK-M68B-38,714.43,2,1428.86
20080105,BK-M68B-46,640.87,3,1922.6100000000001
20080105,BK-M68S-42,719.16,1,719.16
20080105,BK-M68S-46,748.02,2,1496.04
20080105,BK-R19B-44,201.41,3,604.23
20080105,BK-R19B-48,187.86,1,187.86
20080105,BK-R19B-52,226.49,2,452.98
20080105,BK-R64Y-42,565.57,1,565.57
20080105,BK-R64Y-44,457.26,1,457.26
20080105,BK-R79Y-40,698.28,1,698.28
20080105,BK-R79Y-48,593.1,1,593.1
20080105,BK-R89B-44,1006.99,1,1006.99
20080105,BK-T18Y-54,166.57,1,166.57
20080105,BK-T44U-50,389.69,2,779.38
20080105,BK-T44U-60,396.32,1,396.32
20080106,BK-M38S-46,304.72,1,304.72
20080106,BK-M68B-42,743.07,2,1486.14
20080106,BK-M68S-38,723.69,2,1447.38
20080106,BK-M68S-42,717.08,1,717.08
20080106,BK-M68S-46,747.5,2,1495.0
20080106,BK-R19B-48,187.29,1,187.29
20080106,BK-R19B-52,226.85,3,680.55
20080106,BK-R64Y-40,486.71,3,1460.1299999999999
20080106,BK-R64Y-42,566.03,1,566.03
20080106,BK-R64Y-44,455.57,1,455.57
20080106,BK-R79Y-48,590.37,1,590.37
20080106,BK-T18U-62,205.3,1,205.3
20080106,BK-T18Y-44,168.53,1,168.53
20080106,BK-T79Y-50,635.01,1,635.01
20080106,BK-T79Y-54,645.9,1,645.9
20080107,BK-M68B-42,742.85,1,742.85
20080107,BK-M68S-38,726.01,3,2178.0299999999997
20080107,BK-M68S-46,746.67,1,746.67
20080107,BK-R19B-44,201.57,1,201.57
20080107,BK-R19B-58,255.21,3,765.63
20080107,BK-R64Y-38,423.65,1,423.65
20080107,BK-R64Y-40,488.26,1,488.26
20080107,BK-R64Y-42,567.27,2,1134.54
20080107,BK-R79Y-44,744.25,2,1488.5
20080107,BK-R89B-44,1006.58,1,1006.58
20080107,BK-R89B-52,941.06,1,941.06
20080107,BK-R89B-58,932.28,1,932.28
20080107,BK-R89R-58,1042.46,1,1042.46
20080107,BK-T18U-54,172.16,1,172.16
20080107,BK-T44U-50,389.02,1,389.02
20080107,BK-T79U-46,845.06,1,845.06
20080107,BK-T79U-50,674.38,1,674.38
20080107,BK-T79U-60,678.35,1,678.35
20080107,BK-T79Y-46,468.96,2,937.92
20080107,BK-T79Y-54,649.0,1,649.0
20080107,BK-T79Y-60,487.03,1,487.03
20080108,BK-M38S-40,262.06,1,262.06
20080108,BK-M38S-46,303.95,1,303.95
20080108,BK-M68B-38,716.42,4,2865.68
20080108,BK-M68B-42,746.49,1,746.49
20080108,BK-M68S-42,712.14,3,2136.42
20080108,BK-M68S-46,743.24,2,1486.48
20080108,BK-R19B-44,201.1,1,201.1
20080108,BK-R19B-48,185.89,1,185.89
20080108,BK-R19B-58,254.04,1,254.04
20080108,BK-R64Y-48,401.46,1,401.46
20080108,BK-R79Y-48,588.95,1,588.95
20080108,BK-R89R-58,1046.21,1,1046.21
20080108,BK-T18U-50,166.06,1,166.06
20080108,BK-T18U-54,172.76,1,172.76
20080108,BK-T18U-62,204.54,1,204.54
20080108,BK-T18Y-50,183.39,1,183.39
20080108,BK-T18Y-58,165.54,2,331.08
20080108,BK-T44U-60,394.02,1,394.02
20080108,BK-T79U-50,677.68,1,677.68
20080108,BK-T79U-60,678.69,1,678.69
20080108,BK-T79Y-60,486.35,2,972.7
20080109,BK-M18B-40,206.04,1,206.04
20080109,BK-M18B-42,156.05,1,156.05
20080109,BK-M68B-38,715.48,2,1430.96
20080109,BK-M68S-38,729.93,2,1459.86
20080109,BK-M68S-42,715.48,1,715.48
20080109,BK-M68S-46,742.27,2,1484.54
20080109,BK-R19B-44,201.38,1,201.38
20080109,BK-R19B-48,185.87,2,371.74
20080109,BK-R19B-58,253.0,1,253.0
20080109,BK-R64Y-48,402.83,1,402.83
20080109,BK-R79Y-42,553.67,1,553.67
20080109,BK-R89B-48,906.32,1,906.32
20080109,BK-R89B-58,927.9,1,927.9
20080109,BK-T44U-50,386.11,1,386.11
20080109,BK-T79U-50,676.53,1,676.53
20080109,BK-T79Y-46,466.38,1,466.38
20080110,BK-M18S-48,72.87,1,72.87
20080110,BK-M38S-38,332.6,1,332.6
20080110,BK-M38S-42,319.34,1,319.34
20080110,BK-M38S-46,301.74,1,301.74
20080110,BK-M68B-38,714.77,1,714.77
20080110,BK-M68B-42,746.7,2,1493.4
20080110,BK-M68S-46,741.68,3,2225.04
20080110,BK-R19B-48,185.24,1,185.24
20080110,BK-R19B-58,254.21,1,254.21
20080110,BK-R64Y-38,422.17,1,422.17
20080110,BK-R64Y-40,493.41,1,493.41
20080110,BK-R79Y-40,703.81,3,2111.43
20080110,BK-T18U-44,189.01,1,189.01
20080110,BK-T18Y-62,168.1,1,168.1
20080110,BK-T44U-46,404.02,1,404.02
20080110,BK-T79U-50,678.56,1,678.56
20080110,BK-T79U-54,715.29,3,2145.87
20080110,BK-T79Y-60,483.63,3,1450.8899999999999
20080111,BK-M18B-48,175.11,1,175.11
20080111,BK-M18S-52,63.97,1,63.97
20080111,BK-M38S-40,261.64,1,261.64
20080111,BK-M68B-42,749.68,1,749.68
20080111,BK-M68S-42,718.28,2,1436.56
20080111,BK-M68S-46,743.31,4,2973.24
20080111,BK-R19B-48,186.11,1,186.11
20080111,BK-R64Y-38,422.59,1,422.59
20080111,BK-R64Y-44,453.43,1,453.43
20080111,BK-R79Y-42,551.23,2,1102.46
20080111,BK-R79Y-44,737.93,2,1475.86
20080111,BK-R89B-44,1003.84,1,1003.84
20080111,BK-R89B-58,923.63,1,923.63
20080111,BK-R89R-58,1047.87,1,1047.87
20080111,BK-T18U-44,188.63,1,188.63
20080111,BK-T79U-50,680.8,1,680.8
20080111,BK-T79U-60,675.63,1,675.63
20080111,BK-T79Y-50,636.9,2,1273.8
20080112,BK-M38S-40,261.43,1,261.43
20080112,BK-M38S-42,319.11,1,319.11
20080112,BK-M68B-46,640.28,1,640.28
20080112,BK-M68S-38,735.93,1,735.93
20080112,BK-M68S-42,721.22,2,1442.44
20080112,BK-M68S-46,744.95,1,744.95
20080112,BK-R19B-44,199.24,1,199.24
20080112,BK-R19B-58,253.58,1,253.58
20080112,BK-R64Y-38,422.46,1,422.46
20080112,BK-R64Y-40,493.9,2,987.8
20080112,BK-R64Y-42,574.91,1,574.91
20080112,BK-R64Y-44,455.69,1,455.69
20080112,BK-R79Y-40,702.55,1,702.55
20080112,BK-R89B-52,944.25,1,944.25
20080112,BK-R89B-58,922.8,1,922.8
20080112,BK-T44U-54,362.9,1,362.9
20080112,BK-T79U-46,839.58,3,2518.7400000000002
20080112,BK-T79U-50,681.95,1,681.95
20080112,BK-T79U-60,672.32,1,672.32
20080112,BK-T79Y-46,466.0,1,466.0
20080112,BK-T79Y-50,638.74,1,638.74
20080113,BK-M18B-40,207.21,1,207.21
20080113,BK-M38S-40,262.48,1,262.48
20080113,BK-M38S-42,320.36,2,640.72
20080113,BK-M68B-46,637.97,2,1275.94
20080113,BK-M68S-38,739.1,1,739.1
20080113,BK-M68S-42,723.38,1,723.38
20080113,BK-M68S-46,743.9,1,743.9
20080113,BK-R19B-44,198.62,1,198.62
20080113,BK-R19B-58,253.96,1,253.96
20080113,BK-R64Y-38,423.31,1,423.31
20080113,BK-R64Y-40,494.15,1,494.15
20080113,BK-R64Y-42,576.4,1,576.4
20080113,BK-R79Y-40,700.65,1,700.65
20080113,BK-R89B-52,946.33,1,946.33
20080113,BK-T44U-54,363.04,1,363.04
20080113,BK-T44U-60,395.08,1,395.08
20080113,BK-T79U-46,837.81,1,837.81
20080113,BK-T79U-54,712.92,2,1425.84
20080113,BK-T79U-60,675.42,1,675.42
20080113,BK-T79Y-46,466.52,1,466.52
20080113,BK-T79Y-50,639.45,1,639.45
20080114,BK-M18B-40,207.0,1,207.0
20080114,BK-M38S-38,333.43,1,333.43
20080114,BK-M38S-40,261.22,1,261.22
20080114,BK-M68B-38,711.2,3,2133.6000000000004
20080114,BK-M68B-42,745.79,2,1491.58
20080114,BK-M68B-46,639.31,2,1278.62
20080114,BK-M68S-38,742.2,1,742.2
20080114,BK-M68S-42,724.11,1,724.11
20080114,BK-M68S-46,741.37,2,1482.74
20080114,BK-R19B-44,198.28,2,396.56
20080114,BK-R19B-52,225.8,2,451.6
20080114,BK-R19B-58,254.87,1,254.87
20080114,BK-R64Y-40,492.86,1,492.86
20080114,BK-R79Y-48,587.29,1,587.29
20080114,BK-R89R-58,1040.44,1,1040.44
20080114,BK-T18U-54,173.67,1,173.67
20080114,BK-T44U-50,383.37,1,383.37
20080114,BK-T79U-54,709.5,1,709.5
20080114,BK-T79Y-50,641.05,1,641.05
20080115,BK-M18B-44,202.94,1,202.94
20080115,BK-M18B-52,206.19,1,206.19
20080115,BK-M18S-44,82.07,1,82.07
20080115,BK-M18S-52,63.97,1,63.97
20080115,BK-M38S-40,260.33,1,260.33
20080115,BK-M38S-46,304.55,1,304.55
20080115,BK-M68B-38,708.28,1,708.28
20080115,BK-M68B-42,742.21,2,1484.42
20080115,BK-M68B-46,638.8,1,638.8
20080115,BK-M68S-38,743.32,1,743.32
20080115,BK-M68S-46,740.19,1,740.19
20080115,BK-R19B-44,197.92,1,197.92
20080115,BK-R19B-48,185.92,2,371.84
20080115,BK-R19B-58,255.41,2,510.82
20080115,BK-R64Y-42,573.75,1,573.75
20080115,BK-R64Y-44,460.08,1,460.08
20080115,BK-R79Y-42,547.32,2,1094.64
20080115,BK-R89B-44,1004.13,1,1004.13
20080115,BK-R89B-52,945.66,2,1891.32
20080115,BK-T18U-44,188.37,1,188.37
20080115,BK-T18U-50,165.66,1,165.66
20080115,BK-T44U-46,407.34,1,407.34
20080115,BK-T79U-46,835.13,2,1670.26
20080115,BK-T79U-54,711.06,1,711.06
20080115,BK-T79Y-46,467.26,1,467.26
20080115,BK-T79Y-60,484.24,1,484.24
20080116,BK-M18B-40,206.4,1,206.4
20080116,BK-M18B-42,157.94,1,157.94
20080116,BK-M18B-48,173.87,1,173.87
20080116,BK-M38S-38,333.19,3,999.5699999999999
20080116,BK-M38S-40,259.91,2,519.82
20080116,BK-M68B-38,708.42,2,1416.84
20080116,BK-M68B-46,638.04,1,638.04
20080116,BK-M68S-38,741.98,1,741.98
20080116,BK-M68S-46,738.49,1,738.49
20080116,BK-R19B-44,197.09,1,197.09
20080116,BK-R19B-48,185.94,2,371.88
20080116,BK-R64Y-44,461.37,1,461.37
20080116,BK-R64Y-48,406.25,2,812.5
20080116,BK-R79Y-40,700.42,2,1400.84
20080116,BK-R79Y-42,547.87,1,547.87
20080116,BK-R79Y-48,589.29,2,1178.58
20080116,BK-R89B-52,948.22,1,948.22
20080116,BK-T18U-50,165.03,1,165.03
20080116,BK-T44U-46,407.99,1,407.99
20080116,BK-T44U-50,380.54,1,380.54
20080116,BK-T79Y-54,652.41,1,652.41
20080116,BK-T79Y-60,484.39,1,484.39
20080117,BK-M18S-44,82.83,1,82.83
20080117,BK-M18S-48,72.29,2,144.58
20080117,BK-M38S-40,258.72,1,258.72
20080117,BK-M38S-46,304.21,1,304.21
20080117,BK-M68B-38,708.49,2,1416.98
20080117,BK-M68S-46,741.0,2,1482.0
20080117,BK-R19B-44,197.92,1,197.92
20080117,BK-R19B-52,226.25,1,226.25
20080117,BK-R64Y-40,493.2,1,493.2
20080117,BK-R64Y-48,405.44,1,405.44
20080117,BK-R79Y-40,702.32,2,1404.64
20080117,BK-R79Y-42,546.33,1,546.33
20080117,BK-R89B-52,945.47,1,945.47
20080117,BK-T44U-54,362.06,2,724.12
20080117,BK-T79Y-50,643.42,1,643.42
20080118,BK-M18S-40,78.82,1,78.82
20080118,BK-M18S-42,63.14,1,63.14
20080118,BK-M68B-42,736.87,1,736.87
20080118,BK-M68S-46,740.03,1,740.03
20080118,BK-R19B-44,197.46,1,197.46
20080118,BK-R19B-48,187.3,1,187.3
20080118,BK-R19B-52,225.84,3,677.52
20080118,BK-R19B-58,254.31,3,762.9300000000001
20080118,BK-R64Y-38,421.86,2,843.72
20080118,BK-R79Y-40,704.49,1,704.49
20080118,BK-R79Y-44,751.08,1,751.08
20080118,BK-R89B-48,913.75,1,913.75
20080118,BK-R89B-58,915.16,1,915.16
20080118,BK-T18Y-62,166.75,1,166.75
20080118,BK-T79U-46,832.11,1,832.11
20080118,BK-T79Y-50,642.19,1,642.19
20080119,BK-M38S-40,258.79,1,258.79
20080119,BK-M38S-42,318.53,2,637.06
20080119,BK-M68B-46,640.08,3,1920.2400000000002
20080119,BK-M68S-38,734.95,1,734.95
20080119,BK-M68S-42,718.55,1,718.55
20080119,BK-R19B-48,186.96,2,373.92
20080119,BK-R19B-58,254.43,3,763.29
20080119,BK-R64Y-38,423.55,1,423.55
20080119,BK-R89B-52,940.37,1,940.37
20080119,BK-R89R-58,1044.8,1,1044.8
20080119,BK-T18Y-58,164.38,1,164.38
20080119,BK-T79U-46,832.44,1,832.44
20080119,BK-T79Y-46,466.65,3,1399.9499999999998
20080120,BK-M18B-44,203.63,1,203.63
20080120,BK-M18S-42,62.82,1,62.82
20080120,BK-M18S-48,72.64,1,72.64
20080120,BK-M68B-42,738.27,3,2214.81
20080120,BK-M68B-46,640.14,1,640.14
20080120,BK-M68S-38,731.64,2,1463.28
20080120,BK-M68S-42,722.14,2,1444.28
20080120,BK-M68S-46,737.96,2,1475.92
20080120,BK-R19B-44,197.46,1,197.46
20080120,BK-R19B-48,187.82,3,563.46
20080120,BK-R19B-52,225.41,1,225.41
20080120,BK-R19B-58,254.21,1,254.21
20080120,BK-R64Y-38,424.86,1,424.86
20080120,BK-R64Y-40,494.48,2,988.96
20080120,BK-R79Y-44,750.17,1,750.17
20080120,BK-R79Y-48,589.41,1,589.41
20080120,BK-R89B-44,1004.81,1,1004.81
20080120,BK-R89B-52,939.52,1,939.52
20080120,BK-R89R-58,1048.57,1,1048.57
20080120,BK-T18U-44,190.01,1,190.01
20080120,BK-T18U-54,173.09,2,346.18
20080120,BK-T44U-46,410.28,2,820.56
20080120,BK-T79U-46,832.11,4,3328.44
20080121,BK-M68B-42,741.15,1,741.15
20080121,BK-M68B-46,638.93,1,638.93
20080121,BK-M68S-38,728.86,1,728.86
20080121,BK-M68S-42,720.04,1,720.04
20080121,BK-M68S-46,736.26,1,736.26
20080121,BK-R19B-44,197.7,3,593.0999999999999
20080121,BK-R64Y-40,496.81,2,993.62
20080121,BK-R64Y-42,572.76,2,1145.52
20080121,BK-R79Y-48,590.0,3,1770.0
20080121,BK-R89B-44,1003.0,1,1003.0
20080121,BK-T18U-54,173.72,1,173.72
20080121,BK-T18U-58,191.02,2,382.04
20080121,BK-T18Y-58,164.41,1,164.41
20080121,BK-T18Y-62,166.69,1,166.69
20080121,BK-T44U-50,382.78,1,382.78
20080121,BK-T79U-46,829.78,1,829.78
20080121,BK-T79Y-60,481.57,1,481.57
20080122,BK-M18B-42,158.08,1,158.08
20080122,BK-M18S-48,72.69,1,72.69
20080122,BK-M38S-46,302.15,1,302.15
20080122,BK-M68B-46,640.71,1,640.71
20080122,BK-R19B-44,198.17,1,198.17
20080122,BK-R19B-52,225.81,2,451.62
20080122,BK-R64Y-42,575.16,1,575.16
20080122,BK-R64Y-44,459.6,2,919.2
20080122,BK-R64Y-48,406.41,2,812.82
20080122,BK-R79Y-42,544.79,1,544.79
20080122,BK-R79Y-48,590.05,1,590.05
20080122,BK-R89B-44,1007.91,1,1007.91
20080122,BK-R89B-52,936.89,1,936.89
20080122,BK-R89B-58,914.87,2,1829.74
20080122,BK-T18U-62,204.05,1,204.05
20080122,BK-T44U-46,411.22,1,411.22
20080122,BK-T79U-46,828.79,1,828.79
20080122,BK-T79U-60,669.32,4,2677.28
20080122,BK-T79Y-54,650.84,1,650.84
20080123,BK-M18S-52,64.37,1,64.37
20080123,BK-M68B-38,701.29,3,2103.87
20080123,BK-M68B-42,742.41,2,1484.82
20080123,BK-M68B-46,641.68,2,1283.36
20080123,BK-M68S-46,740.83,2,1481.66
20080123,BK-R19B-58,254.35,2,508.7
20080123,BK-R79Y-48,591.35,1,591.35
20080123,BK-R89B-58,916.06,2,1832.12
20080123,BK-T79U-46,828.54,1,828.54
20080123,BK-T79U-50,690.36,1,690.36
20080123,BK-T79U-54,704.59,1,704.59
20080124,BK-M18B-52,204.31,1,204.31
20080124,BK-M38S-46,303.57,1,303.57
20080124,BK-M68B-38,699.39,2,1398.78
20080124,BK-M68B-42,738.85,2,1477.7
20080124,BK-M68B-46,639.11,2,1278.22
20080124,BK-M68S-38,723.92,3,2171.7599999999998
20080124,BK-M68S-46,742.24,1,742.24
20080124,BK-R19B-44,199.15,3,597.45
20080124,BK-R19B-58,255.6,2,511.2
20080124,BK-R64Y-38,425.12,1,425.12
20080124,BK-R64Y-44,461.49,1,461.49
20080124,BK-R64Y-48,408.65,1,408.65
20080124,BK-R79Y-40,703.07,1,703.07
20080124,BK-R79Y-42,545.82,2,1091.64
20080124,BK-R79Y-44,752.72,1,752.72
20080124,BK-R89B-52,942.43,1,942.43
20080124,BK-R89B-58,920.46,2,1840.92
20080124,BK-R89R-58,1057.92,1,1057.92
20080124,BK-T18U-44,190.52,1,190.52
20080124,BK-T44U-60,388.66,1,388.66
20080124,BK-T79U-50,686.98,1,686.98
20080124,BK-T79U-54,702.13,2,1404.26
20080124,BK-T79Y-46,470.62,2,941.24
20080124,BK-T79Y-54,649.34,1,649.34
20080124,BK-T79Y-60,480.08,1,480.08
20080125,BK-M18S-42,63.6,1,63.6
20080125,BK-M68B-38,700.02,1,700.02
20080125,BK-M68B-46,636.74,1,636.74
20080125,BK-M68S-38,724.06,1,724.06
20080125,BK-M68S-42,717.22,1,717.22
20080125,BK-R19B-44,200.0,1,200.0
20080125,BK-R19B-48,187.02,1,187.02
20080125,BK-R19B-52,226.9,2,453.8
20080125,BK-R64Y-38,424.86,1,424.86
20080125,BK-R64Y-42,574.23,1,574.23
20080125,BK-R79Y-44,754.23,1,754.23
20080125,BK-R89B-58,921.74,1,921.74
20080125,BK-T18Y-44,165.1,1,165.1
20080125,BK-T79U-54,698.76,1,698.76
20080125,BK-T79Y-46,469.49,1,469.49
20080125,BK-T79Y-50,647.73,1,647.73
20080125,BK-T79Y-54,650.97,1,650.97
20080125,BK-T79Y-60,479.79,1,479.79
20080126,BK-M18B-44,204.95,1,204.95
20080126,BK-M18B-48,175.29,1,175.29
20080126,BK-M18S-52,64.41,1,64.41
20080126,BK-M38S-38,337.5,1,337.5
20080126,BK-M68B-38,697.64,1,697.64
20080126,BK-M68B-42,745.07,1,745.07
20080126,BK-M68S-38,727.1,1,727.1
20080126,BK-M68S-42,713.71,2,1427.42
20080126,BK-M68S-46,742.08,2,1484.16
20080126,BK-R19B-48,186.14,1,186.14
20080126,BK-R19B-52,226.13,1,226.13
20080126,BK-R19B-58,254.14,2,508.28
20080126,BK-R64Y-42,575.67,1,575.67
20080126,BK-R79Y-40,701.59,1,701.59
20080126,BK-R79Y-44,752.64,1,752.64
20080126,BK-R79Y-48,591.52,3,1774.56
20080126,BK-R89B-58,924.69,1,924.69
20080126,BK-R89R-58,1054.22,1,1054.22
20080126,BK-T18U-44,190.96,2,381.92
20080126,BK-T79U-50,688.42,1,688.42
20080126,BK-T79U-54,701.76,1,701.76
20080127,BK-M18B-40,207.24,1,207.24
20080127,BK-M18S-42,64.06,1,64.06
20080127,BK-M38S-40,262.61,1,262.61
20080127,BK-M38S-42,317.41,1,317.41
20080127,BK-M68B-38,700.85,4,2803.4
20080127,BK-M68S-38,726.96,2,1453.92
20080127,BK-M68S-42,711.78,2,1423.56
20080127,BK-M68S-46,743.34,2,1486.68
20080127,BK-R19B-44,201.04,1,201.04
20080127,BK-R19B-52,226.69,1,226.69
20080127,BK-R64Y-38,423.88,2,847.76
20080127,BK-R64Y-44,462.22,1,462.22
20080127,BK-R89B-48,906.98,2,1813.96
20080127,BK-R89B-58,922.38,1,922.38
20080127,BK-R89R-58,1051.06,1,1051.06
20080127,BK-T44U-50,380.45,1,380.45
20080127,BK-T79Y-46,471.51,1,471.51
20080127,BK-T79Y-50,650.58,2,1301.16
20080127,BK-T79Y-60,480.08,1,480.08
20080128,BK-M38S-46,302.62,1,302.62
20080128,BK-M68B-38,703.09,3,2109.27
20080128,BK-M68B-46,633.61,2,1267.22
20080128,BK-M68S-38,724.99,3,2174.9700000000003
20080128,BK-M68S-46,746.24,1,746.24
20080128,BK-R19B-44,201.22,2,402.44
20080128,BK-R19B-58,252.75,2,505.5
20080128,BK-R64Y-40,493.77,2,987.54
20080128,BK-R64Y-42,577.39,1,577.39
20080128,BK-R79Y-40,702.29,1,702.29
20080128,BK-R79Y-48,595.67,1,595.67
20080128,BK-R89B-48,903.98,1,903.98
20080128,BK-R89B-52,941.56,1,941.56
20080128,BK-R89R-58,1050.74,1,1050.74
20080128,BK-T79U-50,685.12,1,685.12
20080128,BK-T79U-54,702.81,1,702.81
20080128,BK-T79U-60,673.94,1,673.94
20080128,BK-T79Y-50,651.75,1,651.75
20080128,BK-T79Y-60,478.59,1,478.59
20080129,BK-M18B-44,204.39,1,204.39
20080129,BK-M18B-52,203.29,1,203.29
20080129,BK-M38S-38,336.58,3,1009.74
20080129,BK-M38S-42,315.54,1,315.54
20080129,BK-M68B-38,702.04,2,1404.08
20080129,BK-M68S-42,713.56,1,713.56
20080129,BK-M68S-46,746.46,2,1492.92
20080129,BK-R19B-48,185.8,2,371.6
20080129,BK-R19B-52,227.48,3,682.4399999999999
20080129,BK-R19B-58,252.01,2,504.02
20080129,BK-R64Y-44,460.42,1,460.42
20080129,BK-R79Y-42,549.32,3,1647.96
20080129,BK-R79Y-48,594.48,1,594.48
20080129,BK-R89B-44,1007.58,1,1007.58
20080129,BK-R89B-58,921.46,1,921.46
20080129,BK-R89R-58,1048.74,1,1048.74
20080129,BK-T44U-54,363.78,1,363.78
20080129,BK-T79Y-50,651.55,1,651.55
20080130,BK-M38S-42,316.3,1,316.3
20080130,BK-M68B-38,699.79,2,1399.58
20080130,BK-M68B-42,743.42,2,1486.84
20080130,BK-M68B-46,634.94,2,1269.88
20080130,BK-M68S-42,717.06,2,1434.12
20080130,BK-R19B-44,202.09,1,202.09
20080130,BK-R19B-48,186.21,1,186.21
20080130,BK-R19B-52,228.46,1,228.46
20080130,BK-R64Y-48,412.62,1,412.62
20080130,BK-R79Y-42,547.45,1,547.45
20080130,BK-T18U-54,171.79,1,171.79
20080130,BK-T18Y-54,167.24,1,167.24
20080130,BK-T44U-54,363.68,1,363.68
20080130,BK-T79U-50,685.45,1,685.45
20080130,BK-T79U-60,677.99,1,677.99
20080130,BK-T79Y-46,468.36,2,936.72
20080130,BK-T79Y-54,647.13,2,1294.26
20080131,BK-M18B-44,203.31,1,203.31
20080131,BK-M18B-48,175.09,1,175.09
20080131,BK-M18S-52,64.77,1,64.77
20080131,BK-M68B-42,740.9,1,740.9
20080131,BK-M68S-38,727.45,2,1454.9
20080131,BK-M68S-46,746.82,1,746.82
20080131,BK-R19B-44,202.17,1,202.17
20080131,BK-R19B-52,229.42,2,458.84
20080131,BK-R64Y-38,420.12,4,1680.48
20080131,BK-R64Y-48,414.64,2,829.28
20080131,BK-R79Y-40,701.03,1,701.03
20080131,BK-R89B-48,901.35,1,901.35
20080131,BK-T18U-50,168.81,1,168.81
20080131,BK-T18U-58,194.47,1,194.47
20080131,BK-T18Y-62,166.0,1,166.0
20080131,BK-T44U-46,409.81,1,409.81
20080131,BK-T79U-50,687.99,1,687.99
20080131,BK-T79Y-60,481.23,2,962.46
20080201,BK-M18B-40,206.37,19,3921.03
20080201,BK-M18B-42,157.85,21,3314.85
20080201,BK-M18B-44,203.84,23,4688.32
20080201,BK-M18B-48,174.99,15,2624.8500000000004
20080201,BK-M18B-52,203.15,17,3453.55
20080201,BK-M18S-40,78.95,22,1736.9
20080201,BK-M18S-42,64.5,22,1419.0
20080201,BK-M18S-44,83.53,26,2171.78
20080201,BK-M18S-48,72.65,29,2106.8500000000004
20080201,BK-M18S-52,64.72,40,2588.8
20080201,BK-M38S-38,336.35,22,7399.700000000001
20080201,BK-M38S-40,262.92,45,11831.400000000001
20080201,BK-M38S-42,316.36,30,9490.800000000001
20080201,BK-M38S-46,301.86,19,5735.34
20080201,BK-M68B-38,701.75,90,63157.5
20080201,BK-M68B-42,742.38,74,54936.12
20080201,BK-M68B-46,636.33,65,41361.450000000004
20080201,BK-M68S-38,729.71,75,54728.25
20080201,BK-M68S-42,717.06,73,52345.38
20080201,BK-M68S-46,748.46,66,49398.36
20080201,BK-R19B-44,202.94,44,8929.36
20080201,BK-R19B-48,185.74,85,15787.900000000001
20080201,BK-R19B-52,230.13,66,15188.58
20080201,BK-R19B-58,252.87,58,14666.460000000001
20080201,BK-R64Y-38,418.14,70,29269.8
20080201,BK-R64Y-40,493.57,54,26652.78
20080201,BK-R64Y-42,578.53,38,21984.14
20080201,BK-R64Y-44,460.83,39,17972.37
20080201,BK-R64Y-48,414.14,65,26919.1
20080201,BK-R79Y-40,701.24,97,68020.28
20080201,BK-R79Y-42,548.22,50,27411.0
20080201,BK-R79Y-44,751.88,44,33082.72
20080201,BK-R79Y-48,598.22,97,58027.340000000004
20080201,BK-R89B-44,1017.08,58,58990.64
20080201,BK-R89B-48,904.5,58,52461.0
20080201,BK-R89B-52,938.83,35,32859.05
20080201,BK-R89B-58,920.34,37,34052.58
20080201,BK-R89R-58,1051.89,38,39971.82000000001
20080201,BK-T18U-44,192.7,7,1348.8999999999999
20080201,BK-T18U-50,168.74,46,7762.040000000001
20080201,BK-T18U-54,170.87,35,5980.45
20080201,BK-T18U-58,194.04,29,5627.16
20080201,BK-T18U-62,204.94,14,2869.16
20080201,BK-T18Y-44,165.21,50,8260.5
20080201,BK-T18Y-50,185.45,48,8901.599999999999
20080201,BK-T18Y-54,167.84,27,4531.68
20080201,BK-T18Y-58,163.48,17,2779.16
20080201,BK-T18Y-62,166.11,38,6312.18
20080201,BK-T44U-46,410.76,38,15608.88
20080201,BK-T44U-50,375.94,10,3759.4
20080201,BK-T44U-54,363.28,69,25066.32
20080201,BK-T44U-60,387.45,46,17822.7
20080201,BK-T79U-46,815.6,64,52198.4
20080201,BK-T79U-50,685.65,31,21255.149999999998
20080201,BK-T79U-54,698.73,13,9083.49
20080201,BK-T79U-60,680.22,74,50336.28
20080201,BK-T79Y-46,468.08,58,27148.64
20080201,BK-T79Y-50,649.21,35,22722.350000000002
20080201,BK-T79Y-54,646.73,13,8407.49
20080201,BK-T79Y-60,479.88,65,31192.2
20080201,FR-M21B-42,70.53,26,1833.78
20080201,FR-M21B-44,75.07,54,4053.7799999999997
20080201,FR-M21S-40,90.66,25,2266.5
20080201,FR-M21S-42,77.73,54,4197.42
20080201,FR-M21S-52,77.76,27,2099.52
20080201,FR-M63S-40,117.26,41,4807.66
20080201,FR-M63S-42,119.83,48,5751.84
20080201,FR-M94B-38,409.34,27,11052.179999999998
20080201,FR-M94B-42,344.23,27,9294.210000000001
20080201,FR-M94S-38,427.22,35,14952.7
20080201,FR-M94S-46,460.6,16,7369.6
20080201,FR-R38B-52,151.72,20,3034.4
20080201,FR-R38B-58,123.47,14,1728.58
20080201,FR-R72Y-38,209.26,19,3975.9399999999996
20080201,FR-R72Y-44,186.84,28,5231.52
20080201,FR-R72Y-48,243.67,15,3655.0499999999997
20080201,FR-T67U-50,108.29,20,2165.8
20080201,FR-T67U-54,125.48,18,2258.64
20080201,FR-T67Y-44,109.43,18,1969.7400000000002
20080201,FR-T67Y-50,103.48,12,1241.76
20080201,FR-T67Y-62,117.09,26,3044.34
20080201,FR-T98U-54,297.02,34,10098.68
20080201,FR-T98U-60,344.89,21,7242.69
20080201,FR-T98Y-54,326.39,24,7833.36
20080201,FR-T98Y-60,291.92,26,7589.92
20080202,BK-M38S-46,301.41,1,301.41
20080202,BK-M68B-38,702.38,2,1404.76
20080202,BK-M68B-46,637.48,1,637.48
20080202,BK-M68S-38,729.34,1,729.34
20080202,BK-M68S-42,720.21,3,2160.63
20080202,BK-M68S-46,749.43,2,1498.86
20080202,BK-R19B-44,201.94,1,201.94
20080202,BK-R19B-48,185.41,2,370.82
20080202,BK-R19B-52,229.14,2,458.28
20080202,BK-R19B-58,253.73,1,253.73
20080202,BK-R64Y-42,580.15,1,580.15
20080202,BK-R64Y-48,414.06,2,828.12
20080202,BK-R79Y-44,751.05,2,1502.1
20080202,BK-R89B-52,934.98,1,934.98
20080202,BK-R89B-58,921.07,1,921.07
20080202,BK-T18Y-44,166.0,1,166.0
20080202,BK-T79U-46,811.69,1,811.69
20080202,BK-T79U-54,700.2,1,700.2
20080202,BK-T79Y-60,481.7,2,963.4
20080203,BK-M18B-44,204.31,1,204.31
20080203,BK-M38S-38,336.17,1,336.17
20080203,BK-M38S-40,262.68,2,525.36
20080203,BK-M68B-42,741.78,1,741.78
20080203,BK-M68B-46,640.22,1,640.22
20080203,BK-M68S-38,731.82,1,731.82
20080203,BK-M68S-42,717.48,3,2152.44
20080203,BK-M68S-46,747.48,5,3737.4
20080203,BK-R19B-48,185.69,2,371.38
20080203,BK-R19B-52,228.25,2,456.5
20080203,BK-R64Y-38,421.41,1,421.41
20080203,BK-R64Y-44,460.22,3,1380.66
20080203,BK-R64Y-48,412.9,2,825.8
20080203,BK-R89B-48,912.66,1,912.66
20080203,BK-T18U-50,168.54,1,168.54
20080203,BK-T44U-54,360.19,1,360.19
20080203,BK-T79U-46,811.2,1,811.2
20080203,BK-T79Y-50,650.31,2,1300.62
20080203,BK-T79Y-54,644.15,2,1288.3
20080204,BK-M18S-40,79.51,1,79.51
20080204,BK-M68B-42,742.45,1,742.45
20080204,BK-M68B-46,637.66,2,1275.32
20080204,BK-M68S-38,733.87,2,1467.74
20080204,BK-R19B-44,203.38,1,203.38
20080204,BK-R19B-52,228.32,1,228.32
20080204,BK-R64Y-48,413.81,1,413.81
20080204,BK-R79Y-40,704.25,2,1408.5
20080204,BK-R79Y-42,551.35,1,551.35
20080204,BK-R79Y-48,594.7,1,594.7
20080204,BK-R89B-44,1018.29,1,1018.29
20080204,BK-R89B-48,915.22,1,915.22
20080204,BK-T44U-60,385.63,1,385.63
20080204,BK-T79U-46,814.37,2,1628.74
20080204,BK-T79U-50,690.94,1,690.94
20080204,BK-T79U-54,699.43,3,2098.29
20080204,BK-T79Y-50,649.47,2,1298.94
20080205,BK-M18B-48,175.7,1,175.7
20080205,BK-M18S-42,64.73,1,64.73
20080205,BK-M38S-38,336.61,1,336.61
20080205,BK-M68B-42,740.15,3,2220.45
20080205,BK-M68B-46,637.4,2,1274.8
20080205,BK-M68S-38,734.61,1,734.61
20080205,BK-M68S-42,720.92,2,1441.84
20080205,BK-M68S-46,749.5,1,749.5
20080205,BK-R19B-44,202.81,1,202.81
20080205,BK-R19B-58,250.9,1,250.9
20080205,BK-R64Y-38,419.51,1,419.51
20080205,BK-R64Y-40,493.46,1,493.46
20080205,BK-R64Y-42,582.82,1,582.82
20080205,BK-R64Y-48,413.15,3,1239.4499999999998
20080205,BK-R79Y-42,551.35,3,1654.0500000000002
20080205,BK-R79Y-44,749.69,1,749.69
20080205,BK-R79Y-48,592.02,2,1184.04
20080205,BK-R89B-48,914.12,1,914.12
20080205,BK-T18U-62,202.98,1,202.98
20080205,BK-T18Y-58,164.96,1,164.96
20080205,BK-T79U-54,699.36,1,699.36
20080205,BK-T79U-60,682.81,1,682.81
20080205,BK-T79Y-46,467.65,1,467.65
20080206,BK-M18B-52,202.49,1,202.49
20080206,BK-M38S-46,303.94,2,607.88
20080206,BK-M68B-42,738.74,2,1477.48
20080206,BK-M68S-38,738.28,1,738.28
20080206,BK-M68S-46,746.21,2,1492.42
20080206,BK-R19B-44,202.53,1,202.53
20080206,BK-R64Y-38,421.03,1,421.03
20080206,BK-R64Y-42,585.44,3,1756.3200000000002
20080206,BK-R64Y-44,463.17,1,463.17
20080206,BK-R64Y-48,414.67,1,414.67
20080206,BK-R79Y-40,704.31,1,704.31
20080206,BK-R79Y-42,552.61,2,1105.22
20080206,BK-R89R-58,1064.35,1,1064.35
20080206,BK-T18U-50,167.64,1,167.64
20080206,BK-T18Y-62,166.54,1,166.54
20080206,BK-T79U-46,809.89,1,809.89
20080206,BK-T79U-50,693.29,1,693.29
20080206,BK-T79U-60,680.49,1,680.49
20080206,BK-T79Y-46,466.67,1,466.67
20080206,BK-T79Y-50,649.01,1,649.01
20080206,BK-T79Y-54,644.4,1,644.4
20080207,BK-M18B-42,159.72,1,159.72
20080207,BK-M38S-42,319.69,1,319.69
20080207,BK-M68B-42,738.22,2,1476.44
20080207,BK-M68B-46,638.42,1,638.42
20080207,BK-M68S-38,737.39,2,1474.78
20080207,BK-M68S-42,724.46,1,724.46
20080207,BK-M68S-46,748.97,4,2995.88
20080207,BK-R19B-44,201.86,1,201.86
20080207,BK-R19B-48,187.29,3,561.87
20080207,BK-R19B-52,227.68,2,455.36
20080207,BK-R64Y-38,419.59,1,419.59
20080207,BK-R64Y-40,497.37,1,497.37
20080207,BK-R64Y-44,462.48,1,462.48
20080207,BK-R79Y-40,707.55,2,1415.1
20080207,BK-R79Y-42,550.79,2,1101.58
20080207,BK-R79Y-44,747.07,2,1494.14
20080207,BK-R79Y-48,595.04,2,1190.08
20080207,BK-R89B-44,1021.35,1,1021.35
20080207,BK-T18U-62,202.31,1,202.31
20080207,BK-T44U-54,361.28,1,361.28
20080207,BK-T44U-60,383.2,1,383.2
20080207,BK-T79U-54,702.65,2,1405.3
20080207,BK-T79Y-46,469.0,1,469.0
20080207,BK-T79Y-50,649.59,2,1299.18
20080207,BK-T79Y-54,646.08,2,1292.16
20080208,BK-M18S-52,64.89,1,64.89
20080208,BK-M38S-38,338.01,2,676.02
20080208,BK-M38S-46,303.33,1,303.33
20080208,BK-M68B-38,708.5,1,708.5
20080208,BK-M68B-42,739.99,2,1479.98
20080208,BK-M68S-38,736.88,2,1473.76
20080208,BK-M68S-46,747.84,1,747.84
20080208,BK-R19B-44,201.39,1,201.39
20080208,BK-R19B-48,187.12,1,187.12
20080208,BK-R19B-52,226.9,1,226.9
20080208,BK-R19B-58,252.74,6,1516.44
20080208,BK-R64Y-40,499.01,1,499.01
20080208,BK-R64Y-42,585.38,1,585.38
20080208,BK-R64Y-48,416.25,1,416.25
20080208,BK-R79Y-42,548.59,1,548.59
20080208,BK-R79Y-44,749.46,2,1498.92
20080208,BK-R79Y-48,595.22,1,595.22
20080208,BK-R89B-48,904.19,1,904.19
20080208,BK-R89B-52,936.54,1,936.54
20080208,BK-R89B-58,921.4,1,921.4
20080208,BK-R89R-58,1060.63,1,1060.63
20080208,BK-T18U-44,197.15,1,197.15
20080208,BK-T79U-46,808.99,2,1617.98
20080208,BK-T79U-50,695.23,1,695.23
20080208,BK-T79U-54,699.42,1,699.42
20080208,BK-T79U-60,683.21,1,683.21
20080208,BK-T79Y-54,647.37,3,1942.1100000000001
20080208,BK-T79Y-60,478.76,1,478.76
20080209,BK-M18B-40,206.37,1,206.37
20080209,BK-M38S-40,263.14,1,263.14
20080209,BK-M68B-38,711.13,1,711.13
20080209,BK-M68S-38,739.6,1,739.6
20080209,BK-M68S-42,730.56,1,730.56
20080209,BK-M68S-46,748.22,1,748.22
20080209,BK-R19B-44,200.77,1,200.77
20080209,BK-R19B-52,227.54,2,455.08
20080209,BK-R19B-58,252.43,1,252.43
20080209,BK-R64Y-38,417.2,1,417.2
20080209,BK-R64Y-40,498.16,1,498.16
20080209,BK-R64Y-48,415.08,1,415.08
20080209,BK-R79Y-40,708.54,2,1417.08
20080209,BK-R79Y-44,752.01,1,752.01
20080209,BK-R89B-48,908.17,2,1816.34
20080209,BK-R89B-52,939.07,1,939.07
20080209,BK-R89R-58,1065.08,1,1065.08
20080209,BK-T18U-44,198.0,1,198.0
20080209,BK-T18U-54,170.62,1,170.62
20080209,BK-T79U-54,702.7,2,1405.4
20080209,BK-T79U-60,680.07,1,680.07
20080210,BK-M18B-40,205.69,1,205.69
20080210,BK-M38S-40,263.12,1,263.12
20080210,BK-M68B-38,711.34,3,2134.02
20080210,BK-M68B-42,742.88,1,742.88
20080210,BK-M68B-46,637.14,2,1274.28
20080210,BK-M68S-38,736.94,1,736.94
20080210,BK-M68S-42,727.42,2,1454.84
20080210,BK-M68S-46,749.86,2,1499.72
20080210,BK-R19B-44,200.13,1,200.13
20080210,BK-R19B-48,186.37,2,372.74
20080210,BK-R19B-58,252.08,1,252.08
20080210,BK-R64Y-44,467.07,1,467.07
20080210,BK-R79Y-40,710.81,1,710.81
20080210,BK-R79Y-42,547.71,1,547.71
20080210,BK-R79Y-48,597.0,1,597.0
20080210,BK-R89B-44,1024.0,1,1024.0
20080210,BK-T18Y-58,163.04,1,163.04
20080210,BK-T44U-46,415.61,1,415.61
20080210,BK-T44U-54,359.9,1,359.9
20080210,BK-T79U-46,804.38,1,804.38
20080210,BK-T79U-60,682.93,1,682.93
20080211,BK-M18B-52,202.49,1,202.49
20080211,BK-M18S-40,80.07,1,80.07
20080211,BK-M38S-38,338.41,1,338.41
20080211,BK-M38S-42,318.91,2,637.82
20080211,BK-M68B-42,744.81,1,744.81
20080211,BK-M68B-46,637.96,1,637.96
20080211,BK-M68S-38,738.78,1,738.78
20080211,BK-M68S-42,730.25,2,1460.5
20080211,BK-M68S-46,752.71,1,752.71
20080211,BK-R19B-44,201.11,1,201.11
20080211,BK-R19B-48,186.15,1,186.15
20080211,BK-R19B-52,229.8,2,459.6
20080211,BK-R19B-58,252.91,1,252.91
20080211,BK-R64Y-48,417.08,1,417.08
20080211,BK-R79Y-42,547.43,2,1094.86
20080211,BK-R89B-48,904.99,1,904.99
20080211,BK-T18U-44,197.94,1,197.94
20080211,BK-T44U-50,377.31,1,377.31
20080211,BK-T79U-46,803.34,1,803.34
20080211,BK-T79U-50,694.32,2,1388.64
20080212,BK-M38S-38,338.68,1,338.68
20080212,BK-M68B-42,745.55,1,745.55
20080212,BK-M68B-46,637.01,1,637.01
20080212,BK-M68S-38,739.96,1,739.96
20080212,BK-M68S-42,732.52,1,732.52
20080212,BK-R19B-44,201.01,1,201.01
20080212,BK-R19B-48,185.61,2,371.22
20080212,BK-R19B-52,230.07,3,690.21
20080212,BK-R19B-58,254.18,1,254.18
20080212,BK-R79Y-42,545.14,1,545.14
20080212,BK-R89B-44,1030.25,2,2060.5
20080212,BK-R89B-52,944.34,1,944.34
20080212,BK-T18Y-50,184.48,1,184.48
20080212,BK-T18Y-58,163.43,1,163.43
20080212,BK-T44U-60,382.47,1,382.47
20080212,BK-T79Y-46,470.88,1,470.88
20080212,BK-T79Y-50,649.78,1,649.78
20080213,BK-M18B-52,202.44,1,202.44
20080213,BK-M18S-42,64.84,1,64.84
20080213,BK-M18S-52,65.21,1,65.21
20080213,BK-M38S-40,262.09,1,262.09
20080213,BK-M68B-38,713.39,2,1426.78
20080213,BK-M68B-42,743.09,1,743.09
20080213,BK-M68S-38,739.52,2,1479.04
20080213,BK-M68S-42,729.66,2,1459.32
20080213,BK-R19B-48,185.37,1,185.37
20080213,BK-R19B-58,254.02,1,254.02
20080213,BK-R64Y-38,419.12,1,419.12
20080213,BK-R64Y-40,497.06,1,497.06
20080213,BK-R79Y-40,711.8,2,1423.6
20080213,BK-R79Y-42,544.75,1,544.75
20080213,BK-R89B-52,941.5,1,941.5
20080213,BK-R89B-58,928.59,1,928.59
20080213,BK-T18U-54,171.09,1,171.09
20080213,BK-T18Y-50,184.35,1,184.35
20080213,BK-T79U-50,696.68,1,696.68
20080213,BK-T79Y-54,648.21,1,648.21
20080214,BK-M38S-38,339.6,2,679.2
20080214,BK-M68B-38,711.53,1,711.53
20080214,BK-M68B-42,743.24,2,1486.48
20080214,BK-M68B-46,640.2,4,2560.8
20080214,BK-M68S-38,741.89,1,741.89
20080214,BK-M68S-46,754.14,2,1508.28
20080214,BK-R19B-44,200.9,3,602.7
20080214,BK-R19B-58,253.18,2,506.36
20080214,BK-R64Y-42,583.44,2,1166.88
20080214,BK-R64Y-44,465.15,1,465.15
20080214,BK-R64Y-48,415.61,1,415.61
20080214,BK-R79Y-40,709.23,2,1418.46
20080214,BK-R79Y-42,542.85,1,542.85
20080214,BK-R79Y-44,754.1,2,1508.2
20080214,BK-R79Y-48,599.81,1,599.81
20080214,BK-T18U-54,170.7,1,170.7
20080214,BK-T18Y-50,184.7,1,184.7
20080214,BK-T44U-54,361.63,1,361.63
20080214,BK-T79U-54,701.85,1,701.85
20080214,BK-T79Y-60,480.14,1,480.14
20080215,BK-M18B-48,173.81,1,173.81
20080215,BK-M18S-40,80.55,1,80.55
20080215,BK-M38S-38,339.09,1,339.09
20080215,BK-M38S-46,304.18,1,304.18
20080215,BK-M68B-38,713.17,1,713.17
20080215,BK-M68B-42,740.94,2,1481.88
20080215,BK-M68B-46,637.19,2,1274.38
20080215,BK-M68S-46,755.04,3,2265.12
20080215,BK-R19B-48,185.4,1,185.4
20080215,BK-R19B-52,232.24,3,696.72
20080215,BK-R19B-58,253.64,2,507.28
20080215,BK-R64Y-38,421.0,1,421.0
20080215,BK-R64Y-42,583.56,1,583.56
20080215,BK-R64Y-48,416.32,1,416.32
20080215,BK-R79Y-44,750.86,1,750.86
20080215,BK-R89B-44,1030.04,1,1030.04
20080215,BK-R89R-58,1067.52,1,1067.52
20080215,BK-T18U-54,170.17,1,170.17
20080215,BK-T18Y-44,165.49,1,165.49
20080215,BK-T18Y-58,164.8,1,164.8
20080215,BK-T79U-46,810.66,3,2431.98
20080215,BK-T79U-60,684.22,2,1368.44
20080215,BK-T79Y-46,473.04,3,1419.1200000000001
20080215,BK-T79Y-50,650.49,1,650.49
20080215,BK-T79Y-54,644.52,2,1289.04
20080216,BK-M68B-38,716.45,1,716.45
20080216,BK-M68S-38,740.55,1,740.55
20080216,BK-M68S-42,727.83,1,727.83
20080216,BK-R19B-48,184.74,2,369.48
20080216,BK-R19B-58,253.64,1,253.64
20080216,BK-R64Y-38,420.84,1,420.84
20080216,BK-R64Y-42,582.68,2,1165.36
20080216,BK-R79Y-40,702.72,1,702.72
20080216,BK-R79Y-42,543.06,1,543.06
20080216,BK-R79Y-48,601.12,1,601.12
20080216,BK-R89B-44,1028.19,2,2056.38
20080216,BK-R89B-48,909.78,1,909.78
20080216,BK-R89B-58,929.7,1,929.7
20080216,BK-T18U-58,193.17,1,193.17
20080216,BK-T18Y-54,167.36,1,167.36
20080216,BK-T79U-46,810.58,1,810.58
20080216,BK-T79Y-46,470.82,1,470.82
20080216,BK-T79Y-50,652.05,1,652.05
20080217,BK-M18S-44,84.08,1,84.08
20080217,BK-M38S-46,305.7,1,305.7
20080217,BK-M68B-38,718.96,4,2875.84
20080217,BK-M68B-42,740.92,2,1481.84
20080217,BK-M68S-42,727.83,4,2911.32
20080217,BK-M68S-46,757.38,2,1514.76
20080217,BK-R19B-44,201.79,1,201.79
20080217,BK-R19B-48,185.35,3,556.05
20080217,BK-R19B-52,231.96,2,463.92
20080217,BK-R64Y-42,585.3,3,1755.8999999999999
20080217,BK-R64Y-48,413.91,1,413.91
20080217,BK-R79Y-42,542.52,1,542.52
20080217,BK-R79Y-44,751.53,1,751.53
20080217,BK-R89B-44,1023.15,1,1023.15
20080217,BK-R89B-48,911.69,1,911.69
20080217,BK-R89R-58,1072.96,1,1072.96
20080217,BK-T44U-46,416.48,2,832.96
20080217,BK-T79U-50,695.48,1,695.48
20080217,BK-T79Y-46,471.62,1,471.62
20080217,BK-T79Y-50,653.23,1,653.23
20080218,BK-M18B-40,207.27,1,207.27
20080218,BK-M18S-40,80.34,1,80.34
20080218,BK-M38S-42,317.51,1,317.51
20080218,BK-M68B-38,718.09,1,718.09
20080218,BK-M68B-42,740.33,3,2220.9900000000002
20080218,BK-M68S-38,740.03,1,740.03
20080218,BK-M68S-42,730.45,1,730.45
20080218,BK-M68S-46,757.91,3,2273.73
20080218,BK-R19B-44,201.31,2,402.62
20080218,BK-R19B-48,184.72,1,184.72
20080218,BK-R19B-52,232.56,2,465.12
20080218,BK-R19B-58,254.55,2,509.1
20080218,BK-R64Y-42,585.83,1,585.83
20080218,BK-R64Y-44,459.41,1,459.41
20080218,BK-R79Y-42,540.02,1,540.02
20080218,BK-R79Y-48,597.64,1,597.64
20080218,BK-R89B-58,926.44,1,926.44
20080218,BK-R89R-58,1070.39,1,1070.39
20080218,BK-T18Y-62,167.31,2,334.62
20080218,BK-T44U-50,381.89,1,381.89
20080218,BK-T44U-54,364.38,1,364.38
20080218,BK-T44U-60,381.09,1,381.09
20080218,BK-T79U-54,699.74,2,1399.48
20080218,BK-T79Y-46,470.21,1,470.21
20080218,BK-T79Y-50,652.83,1,652.83
20080218,BK-T79Y-60,483.66,1,483.66
20080219,BK-M38S-40,264.43,1,264.43
20080219,BK-M68B-38,717.73,1,717.73
20080219,BK-M68B-42,743.36,2,1486.72
20080219,BK-M68B-46,636.66,2,1273.32
20080219,BK-M68S-38,742.85,1,742.85
20080219,BK-M68S-42,730.96,1,730.96
20080219,BK-M68S-46,757.76,1,757.76
20080219,BK-R19B-44,202.25,4,809.0
20080219,BK-R19B-58,255.57,2,511.14
20080219,BK-R64Y-40,496.55,1,496.55
20080219,BK-R64Y-48,413.21,2,826.42
20080219,BK-R79Y-48,599.91,2,1199.82
20080219,BK-R89R-58,1067.6,1,1067.6
20080219,BK-T44U-46,415.19,1,415.19
20080219,BK-T44U-50,380.63,2,761.26
20080219,BK-T44U-60,382.54,1,382.54
20080219,BK-T79U-50,698.19,1,698.19
20080220,BK-M18S-40,79.83,2,159.66
20080220,BK-M18S-42,65.28,1,65.28
20080220,BK-M18S-44,83.93,1,83.93
20080220,BK-M38S-38,338.3,1,338.3
20080220,BK-M38S-46,303.44,1,303.44
20080220,BK-M68B-38,720.68,6,4324.08
20080220,BK-M68B-42,742.92,3,2228.7599999999998
20080220,BK-M68B-46,637.36,2,1274.72
20080220,BK-M68S-42,734.47,2,1468.94
20080220,BK-M68S-46,759.81,2,1519.62
20080220,BK-R19B-48,183.2,1,183.2
20080220,BK-R64Y-38,422.39,2,844.78
20080220,BK-R64Y-42,590.52,2,1181.04
20080220,BK-R64Y-44,457.85,1,457.85
20080220,BK-R79Y-40,705.32,2,1410.64
20080220,BK-R79Y-42,536.57,1,536.57
20080220,BK-R79Y-44,745.08,3,2235.2400000000002
20080220,BK-R79Y-48,599.43,3,1798.29
20080220,BK-R89B-48,916.34,1,916.34
20080220,BK-R89R-58,1068.03,1,1068.03
20080220,BK-T18U-62,200.89,1,200.89
20080220,BK-T79U-46,814.06,2,1628.12
20080220,BK-T79U-50,699.94,1,699.94
20080220,BK-T79U-60,689.98,1,689.98
20080220,BK-T79Y-54,643.74,1,643.74
20080221,BK-M38S-38,339.18,1,339.18
20080221,BK-M38S-40,264.0,1,264.0
20080221,BK-M38S-42,315.29,2,630.58
20080221,BK-M68B-42,742.55,1,742.55
20080221,BK-M68B-46,635.07,4,2540.28
20080221,BK-M68S-38,739.87,1,739.87
20080221,BK-R19B-44,201.52,1,201.52
20080221,BK-R19B-48,183.92,2,367.84
20080221,BK-R19B-58,256.85,2,513.7
20080221,BK-R64Y-38,422.18,1,422.18
20080221,BK-R79Y-40,705.25,1,705.25
20080221,BK-R79Y-42,538.13,2,1076.26
20080221,BK-R79Y-48,601.83,1,601.83
20080221,BK-T18Y-44,165.52,1,165.52
20080221,BK-T18Y-62,166.29,1,166.29
20080221,BK-T44U-50,378.72,2,757.44
20080221,BK-T79U-46,817.15,2,1634.3
20080221,BK-T79U-60,689.63,1,689.63
20080221,BK-T79Y-50,655.38,1,655.38
20080222,BK-M18S-42,65.45,1,65.45
20080222,BK-M38S-40,262.73,1,262.73
20080222,BK-M38S-46,304.84,1,304.84
20080222,BK-M68B-38,722.04,1,722.04
20080222,BK-M68B-46,636.78,3,1910.34
20080222,BK-M68S-38,736.69,4,2946.76
20080222,BK-M68S-46,765.74,1,765.74
20080222,BK-R19B-44,200.86,1,200.86
20080222,BK-R19B-48,183.62,1,183.62
20080222,BK-R19B-52,229.74,1,229.74
20080222,BK-R64Y-42,593.13,1,593.13
20080222,BK-R64Y-44,457.84,1,457.84
20080222,BK-R64Y-48,416.35,1,416.35
20080222,BK-R89R-58,1067.18,1,1067.18
20080222,BK-T18U-54,169.61,1,169.61
20080222,BK-T44U-46,414.8,1,414.8
20080222,BK-T44U-50,376.9,1,376.9
20080222,BK-T79U-50,702.6,1,702.6
20080222,BK-T79U-54,698.33,1,698.33
20080222,BK-T79Y-50,658.06,1,658.06
20080223,BK-M18B-40,205.85,1,205.85
20080223,BK-M18S-44,83.88,1,83.88
20080223,BK-M38S-46,304.9,1,304.9
20080223,BK-M68B-38,718.79,5,3593.95
20080223,BK-M68S-38,735.29,1,735.29
20080223,BK-M68S-42,736.89,1,736.89
20080223,BK-R19B-44,201.32,3,603.96
20080223,BK-R19B-48,183.48,2,366.96
20080223,BK-R19B-52,230.77,1,230.77
20080223,BK-R64Y-42,595.79,2,1191.58
20080223,BK-R79Y-44,744.7,1,744.7
20080223,BK-T18Y-62,166.76,2,333.52
20080223,BK-T44U-46,415.26,1,415.26
20080223,BK-T44U-60,381.35,1,381.35
20080223,BK-T79U-54,698.68,1,698.68
20080223,BK-T79U-60,689.75,4,2759.0
20080223,BK-T79Y-50,656.81,1,656.81
20080224,BK-M18B-48,175.3,1,175.3
20080224,BK-M18S-40,79.45,2,158.9
20080224,BK-M38S-40,263.57,2,527.14
20080224,BK-M38S-46,303.43,1,303.43
20080224,BK-M68B-38,717.71,3,2153.13
20080224,BK-M68B-42,747.68,1,747.68
20080224,BK-M68B-46,636.59,1,636.59
20080224,BK-M68S-38,734.33,1,734.33
20080224,BK-M68S-46,759.1,1,759.1
20080224,BK-R64Y-38,421.37,1,421.37
20080224,BK-R64Y-40,499.38,1,499.38
20080224,BK-R64Y-42,593.83,1,593.83
20080224,BK-R79Y-40,703.06,1,703.06
20080224,BK-R79Y-44,746.11,1,746.11
20080224,BK-R79Y-48,600.13,1,600.13
20080224,BK-R89B-48,907.02,1,907.02
20080224,BK-R89B-52,948.37,1,948.37
20080224,BK-R89R-58,1067.07,2,2134.14
20080224,BK-T18Y-44,166.1,1,166.1
20080224,BK-T44U-54,367.0,1,367.0
20080224,BK-T79U-50,701.33,1,701.33
20080224,BK-T79U-54,700.99,1,700.99
20080224,BK-T79Y-46,464.91,2,929.82
20080224,BK-T79Y-50,654.12,2,1308.24
20080224,BK-T79Y-60,476.97,1,476.97
20080225,BK-M18B-48,174.74,1,174.74
20080225,BK-M18S-48,73.42,1,73.42
20080225,BK-M38S-38,340.33,1,340.33
20080225,BK-M38S-42,316.74,1,316.74
20080225,BK-M38S-46,303.95,1,303.95
20080225,BK-M68B-46,636.14,1,636.14
20080225,BK-M68S-42,733.72,1,733.72
20080225,BK-R19B-52,229.99,1,229.99
20080225,BK-R19B-58,258.34,2,516.68
20080225,BK-R64Y-40,498.43,1,498.43
20080225,BK-R64Y-42,596.8,2,1193.6
20080225,BK-R79Y-48,602.77,1,602.77
20080225,BK-R89B-44,1026.17,1,1026.17
20080225,BK-R89B-48,907.47,1,907.47
20080225,BK-T79U-54,699.03,1,699.03
20080225,BK-T79Y-46,465.57,1,465.57
20080225,BK-T79Y-54,648.63,1,648.63
20080226,BK-M18B-48,175.12,1,175.12
20080226,BK-M18S-48,73.54,1,73.54
20080226,BK-M68B-38,723.47,1,723.47
20080226,BK-M68B-42,753.52,1,753.52
20080226,BK-M68B-46,634.93,1,634.93
20080226,BK-M68S-38,734.47,1,734.47
20080226,BK-M68S-46,760.0,1,760.0
20080226,BK-R19B-44,201.5,2,403.0
20080226,BK-R19B-48,185.26,1,185.26
20080226,BK-R19B-58,257.31,1,257.31
20080226,BK-R64Y-48,418.89,2,837.78
20080226,BK-R79Y-40,704.31,1,704.31
20080226,BK-R79Y-42,537.62,2,1075.24
20080226,BK-R79Y-44,746.71,1,746.71
20080226,BK-R89B-52,946.47,1,946.47
20080226,BK-T18U-62,201.43,2,402.86
20080226,BK-T18Y-50,181.71,1,181.71
20080226,BK-T79Y-50,656.21,1,656.21
20080226,BK-T79Y-60,475.16,1,475.16
20080227,BK-M68B-38,727.08,3,2181.2400000000002
20080227,BK-M68B-42,749.9,2,1499.8
20080227,BK-M68B-46,637.73,1,637.73
20080227,BK-M68S-38,734.76,1,734.76
20080227,BK-M68S-42,736.44,1,736.44
20080227,BK-R19B-44,202.32,1,202.32
20080227,BK-R19B-48,184.74,1,184.74
20080227,BK-R19B-58,257.2,1,257.2
20080227,BK-R64Y-40,498.18,1,498.18
20080227,BK-R64Y-44,456.6,1,456.6
20080227,BK-R79Y-40,706.14,1,706.14
20080227,BK-R79Y-42,539.23,1,539.23
20080227,BK-R79Y-48,603.55,1,603.55
20080227,BK-R89B-52,944.48,1,944.48
20080227,BK-T18Y-44,166.63,1,166.63
20080227,BK-T18Y-54,166.99,1,166.99
20080227,BK-T44U-54,367.33,1,367.33
20080227,BK-T79U-46,819.52,1,819.52
20080227,BK-T79Y-50,656.8,1,656.8
20080227,BK-T79Y-54,652.01,1,652.01
20080227,BK-T79Y-60,473.59,1,473.59
20080228,BK-M18B-40,208.7,2,417.4
20080228,BK-M38S-38,340.83,2,681.66
20080228,BK-M68B-38,724.97,1,724.97
20080228,BK-M68B-42,746.68,1,746.68
20080228,BK-M68S-38,735.57,3,2206.71
20080228,BK-M68S-42,735.63,3,2206.89
20080228,BK-M68S-46,758.02,1,758.02
20080228,BK-R19B-44,201.94,1,201.94
20080228,BK-R19B-48,184.63,2,369.26
20080228,BK-R19B-52,228.84,1,228.84
20080228,BK-R64Y-38,423.86,1,423.86
20080228,BK-R64Y-40,495.84,2,991.68
20080228,BK-R64Y-42,597.93,1,597.93
20080228,BK-R64Y-44,454.96,2,909.92
20080228,BK-R79Y-44,741.04,1,741.04
20080228,BK-R89B-48,906.38,1,906.38
20080228,BK-R89R-58,1078.21,2,2156.42
20080228,BK-T18U-62,202.39,1,202.39
20080228,BK-T79U-46,817.71,2,1635.42
20080228,BK-T79U-50,705.33,2,1410.66
20080228,BK-T79U-60,690.35,2,1380.7
20080229,BK-M18S-52,65.78,1,65.78
20080229,BK-M38S-42,317.5,1,317.5
20080229,BK-M68B-38,722.15,4,2888.6
20080229,BK-M68S-38,737.78,1,737.78
20080229,BK-M68S-42,736.36,1,736.36
20080229,BK-M68S-46,758.47,1,758.47
20080229,BK-R64Y-40,497.72,1,497.72
20080229,BK-R64Y-44,455.23,1,455.23
20080229,BK-R79Y-40,706.42,1,706.42
20080229,BK-R79Y-42,541.55,2,1083.1
20080229,BK-R79Y-48,604.69,1,604.69
20080229,BK-R89B-52,948.92,1,948.92
20080229,BK-R89R-58,1078.96,1,1078.96
20080229,BK-T18U-58,194.67,1,194.67
20080229,BK-T44U-60,381.11,1,381.11
20080229,BK-T79U-46,818.78,1,818.78
20080229,BK-T79U-50,708.5,1,708.5
20080229,BK-T79U-60,687.24,1,687.24
20080229,BK-T79Y-46,463.05,2,926.1
20080229,BK-T79Y-60,476.58,1,476.58
20080301,BK-M18B-40,209.43,18,3769.7400000000002
20080301,BK-M18B-42,161.82,22,3560.04
20080301,BK-M18B-44,202.25,20,4045.0
20080301,BK-M18B-48,174.39,23,4010.97
20080301,BK-M18B-52,200.61,25,5015.25
20080301,BK-M18S-40,79.31,24,1903.44
20080301,BK-M18S-42,65.56,22,1442.3200000000002
20080301,BK-M18S-44,83.94,20,1678.8
20080301,BK-M18S-48,73.25,15,1098.75
20080301,BK-M18S-52,65.52,31,2031.12
20080301,BK-M38S-38,341.85,24,8204.400000000001
20080301,BK-M38S-40,266.94,22,5872.68
20080301,BK-M38S-42,319.05,23,7338.150000000001
20080301,BK-M38S-46,299.15,33,9871.949999999999
20080301,BK-M68B-38,722.22,108,77999.76000000001
20080301,BK-M68B-42,744.81,65,48412.649999999994
20080301,BK-M68B-46,639.25,59,37715.75
20080301,BK-M68S-38,736.15,64,47113.6
20080301,BK-M68S-42,738.06,53,39117.18
20080301,BK-M68S-46,761.81,54,41137.74
20080301,BK-R19B-44,202.02,14,2828.28
20080301,BK-R19B-48,184.61,101,18645.61
20080301,BK-R19B-52,229.46,69,15832.74
20080301,BK-R19B-58,257.28,39,10033.919999999998
20080301,BK-R64Y-38,420.9,51,21465.899999999998
20080301,BK-R64Y-40,497.47,28,13929.16
20080301,BK-R64Y-42,594.11,20,11882.2
20080301,BK-R64Y-44,456.6,25,11415.0
20080301,BK-R64Y-48,418.01,40,16720.4
20080301,BK-R79Y-40,709.67,90,63870.299999999996
20080301,BK-R79Y-42,541.5,58,31407.0
20080301,BK-R79Y-44,745.27,22,16395.94
20080301,BK-R79Y-48,603.42,112,67583.04
20080301,BK-R89B-44,1019.0,54,55026.0
20080301,BK-R89B-48,908.72,36,32713.920000000002
20080301,BK-R89B-52,947.12,21,19889.52
20080301,BK-R89B-58,934.11,25,23352.75
20080301,BK-R89R-58,1079.07,25,26976.75
20080301,BK-T18U-44,204.54,38,7772.5199999999995
20080301,BK-T18U-50,165.38,77,12734.26
20080301,BK-T18U-54,170.18,59,10040.62
20080301,BK-T18U-58,195.18,38,7416.84
20080301,BK-T18U-62,202.27,33,6674.910000000001
20080301,BK-T18Y-44,165.09,81,13372.29
20080301,BK-T18Y-50,181.4,51,9251.4
20080301,BK-T18Y-54,167.82,46,7719.719999999999
20080301,BK-T18Y-58,164.83,32,5274.56
20080301,BK-T18Y-62,166.11,90,14949.900000000001
20080301,BK-T44U-46,416.95,44,18345.8
20080301,BK-T44U-50,378.4,31,11730.4
20080301,BK-T44U-54,368.83,72,26555.76
20080301,BK-T44U-60,380.15,78,29651.699999999997
20080301,BK-T79U-46,821.07,66,54190.62
20080301,BK-T79U-50,710.7,48,34113.600000000006
20080301,BK-T79U-54,696.29,30,20888.699999999997
20080301,BK-T79U-60,689.58,82,56545.560000000005
20080301,BK-T79Y-46,461.66,74,34162.840000000004
20080301,BK-T79Y-50,651.94,51,33248.94
20080301,BK-T79Y-54,655.4,38,24905.2
20080301,BK-T79Y-60,474.34,90,42690.6
20080301,FR-M21B-42,71.4,27,1927.8000000000002
20080301,FR-M21B-44,75.34,41,3088.94
20080301,FR-M21S-40,94.07,33,3104.31
20080301,FR-M21S-42,77.28,54,4173.12
20080301,FR-M21S-52,77.9,26,2025.4
20080301,FR-M63S-40,119.14,64,7624.96
20080301,FR-M63S-42,119.83,55,6590.65
20080301,FR-M94B-38,407.11,13,5292.43
20080301,FR-M94B-42,338.75,23,7791.25
20080301,FR-M94S-38,433.15,21,9096.15
20080301,FR-M94S-46,458.7,18,8256.6
20080301,FR-R38B-52,154.11,29,4469.1900000000005
20080301,FR-R38B-58,124.12,10,1241.2
20080301,FR-R72Y-38,208.65,15,3129.75
20080301,FR-R72Y-44,190.99,16,3055.84
20080301,FR-R72Y-48,244.72,16,3915.52
20080301,FR-T67U-50,106.84,15,1602.6000000000001
20080301,FR-T67U-54,125.04,16,2000.64
20080301,FR-T67Y-44,107.05,22,2355.1
20080301,FR-T67Y-50,104.78,18,1886.04
20080301,FR-T67Y-62,115.2,17,1958.4
20080301,FR-T98U-54,299.07,9,2691.63
20080301,FR-T98U-60,339.72,19,6454.68
20080301,FR-T98Y-54,326.08,18,5869.44
20080301,FR-T98Y-60,283.01,15,4245.15
20080302,BK-M38S-40,267.76,1,267.76
20080302,BK-M68B-42,745.1,2,1490.2
20080302,BK-M68B-46,642.26,1,642.26
20080302,BK-M68S-42,735.47,1,735.47
20080302,BK-M68S-46,759.22,2,1518.44
20080302,BK-R19B-44,202.46,1,202.46
20080302,BK-R19B-52,229.85,1,229.85
20080302,BK-R19B-58,256.3,3,768.9000000000001
20080302,BK-R64Y-38,421.78,1,421.78
20080302,BK-R64Y-40,499.51,2,999.02
20080302,BK-R64Y-42,596.19,1,596.19
20080302,BK-R64Y-48,416.84,1,416.84
20080302,BK-R79Y-40,709.17,1,709.17
20080302,BK-R79Y-44,747.36,1,747.36
20080302,BK-R89B-48,912.27,1,912.27
20080302,BK-T18Y-50,181.76,1,181.76
20080302,BK-T44U-54,369.24,1,369.24
20080302,BK-T79U-46,823.29,1,823.29
20080302,BK-T79Y-46,462.9,2,925.8
20080303,BK-M18B-42,161.04,1,161.04
20080303,BK-M18S-48,72.9,1,72.9
20080303,BK-M18S-52,65.15,1,65.15
20080303,BK-M38S-40,267.39,1,267.39
20080303,BK-M68B-42,745.7,1,745.7
20080303,BK-M68B-46,645.08,1,645.08
20080303,BK-M68S-38,734.17,1,734.17
20080303,BK-M68S-42,737.39,1,737.39
20080303,BK-M68S-46,759.6,1,759.6
20080303,BK-R19B-44,203.35,2,406.7
20080303,BK-R19B-58,255.22,1,255.22
20080303,BK-R64Y-40,501.61,1,501.61
20080303,BK-R79Y-40,707.76,1,707.76
20080303,BK-R79Y-42,540.42,1,540.42
20080303,BK-R79Y-44,748.93,1,748.93
20080303,BK-R79Y-48,604.92,1,604.92
20080303,BK-R89B-48,916.55,1,916.55
20080303,BK-T18U-62,201.36,1,201.36
20080303,BK-T79Y-54,651.93,2,1303.86
20080303,BK-T79Y-60,471.68,1,471.68
20080304,BK-M18S-44,83.69,1,83.69
20080304,BK-M18S-48,72.96,1,72.96
20080304,BK-M38S-38,339.63,2,679.26
20080304,BK-M68B-38,725.4,1,725.4
20080304,BK-M68S-42,734.58,2,1469.16
20080304,BK-R19B-44,203.44,1,203.44
20080304,BK-R19B-48,185.77,1,185.77
20080304,BK-R19B-52,229.66,2,459.32
20080304,BK-R19B-58,254.69,1,254.69
20080304,BK-R64Y-44,456.46,2,912.92
20080304,BK-R64Y-48,415.13,1,415.13
20080304,BK-R79Y-42,540.96,1,540.96
20080304,BK-R79Y-44,750.95,2,1501.9
20080304,BK-R79Y-48,602.99,1,602.99
20080304,BK-T18U-62,201.58,1,201.58
20080304,BK-T18Y-44,165.95,1,165.95
20080304,BK-T79U-46,821.15,1,821.15
20080304,BK-T79U-54,692.19,1,692.19
20080304,BK-T79Y-46,461.38,1,461.38
20080304,BK-T79Y-54,652.13,1,652.13
20080305,BK-M38S-40,268.06,1,268.06
20080305,BK-M68B-38,728.3,1,728.3
20080305,BK-M68B-42,743.61,3,2230.83
20080305,BK-M68S-42,732.82,5,3664.1000000000004
20080305,BK-M68S-46,763.63,1,763.63
20080305,BK-R19B-48,186.16,2,372.32
20080305,BK-R64Y-42,594.04,1,594.04
20080305,BK-R79Y-40,703.23,2,1406.46
20080305,BK-R79Y-42,540.09,1,540.09
20080305,BK-R79Y-48,602.75,1,602.75
20080305,BK-R89B-58,926.55,1,926.55
20080305,BK-T18U-62,201.2,1,201.2
20080305,BK-T18Y-62,165.16,1,165.16
20080305,BK-T44U-60,378.86,1,378.86
20080305,BK-T79U-46,817.78,1,817.78
20080305,BK-T79U-50,710.04,1,710.04
20080305,BK-T79U-60,687.43,1,687.43
20080305,BK-T79Y-46,460.41,3,1381.23
20080305,BK-T79Y-60,473.38,1,473.38
20080306,BK-M18B-42,161.86,1,161.86
20080306,BK-M18B-52,201.25,1,201.25
20080306,BK-M38S-40,267.44,3,802.3199999999999
20080306,BK-M68B-46,641.15,1,641.15
20080306,BK-M68S-42,732.38,1,732.38
20080306,BK-M68S-46,766.53,2,1533.06
20080306,BK-R19B-48,186.48,2,372.96
20080306,BK-R19B-52,229.29,4,917.16
20080306,BK-R79Y-42,540.58,1,540.58
20080306,BK-R79Y-48,605.58,1,605.58
20080306,BK-R89B-48,925.01,1,925.01
20080306,BK-R89B-58,931.0,1,931.0
20080306,BK-T18U-54,169.87,1,169.87
20080306,BK-T79Y-46,460.22,1,460.22
20080307,BK-M18B-48,176.7,1,176.7
20080307,BK-M38S-42,321.58,1,321.58
20080307,BK-M68B-42,743.16,2,1486.32
20080307,BK-M68S-38,733.26,1,733.26
20080307,BK-M68S-42,735.24,1,735.24
20080307,BK-M68S-46,763.31,2,1526.62
20080307,BK-R19B-44,202.83,2,405.66
20080307,BK-R19B-52,230.0,1,230.0
20080307,BK-R19B-58,254.15,2,508.3
20080307,BK-R64Y-38,426.22,2,852.44
20080307,BK-R79Y-40,705.77,2,1411.54
20080307,BK-R79Y-42,542.58,1,542.58
20080307,BK-R89B-48,921.87,1,921.87
20080307,BK-R89B-52,949.46,2,1898.92
20080307,BK-T44U-46,413.24,1,413.24
20080307,BK-T44U-60,380.45,1,380.45
20080307,BK-T79U-46,812.39,1,812.39
20080307,BK-T79U-54,687.97,1,687.97
20080307,BK-T79Y-46,459.03,2,918.06
20080307,BK-T79Y-54,658.01,1,658.01
20080308,BK-M18S-48,72.53,1,72.53
20080308,BK-M38S-46,302.3,1,302.3
20080308,BK-M68B-42,739.59,2,1479.18
20080308,BK-M68B-46,639.16,1,639.16
20080308,BK-M68S-38,731.72,2,1463.44
20080308,BK-M68S-42,734.58,2,1469.16
20080308,BK-M68S-46,759.8,2,1519.6
20080308,BK-R19B-44,203.27,3,609.8100000000001
20080308,BK-R19B-48,187.0,6,1122.0
20080308,BK-R19B-52,229.75,4,919.0
20080308,BK-R19B-58,254.07,1,254.07
20080308,BK-R64Y-38,426.05,1,426.05
20080308,BK-R64Y-40,510.6,1,510.6
20080308,BK-R89B-44,1027.57,1,1027.57
20080308,BK-T44U-46,413.37,2,826.74
20080308,BK-T44U-60,378.74,1,378.74
20080308,BK-T79U-46,816.45,1,816.45
20080308,BK-T79U-50,704.87,1,704.87
20080308,BK-T79U-60,687.09,1,687.09
20080308,BK-T79Y-50,652.25,1,652.25
20080309,BK-M38S-38,340.55,1,340.55
20080309,BK-M38S-42,323.22,1,323.22
20080309,BK-M38S-46,301.42,1,301.42
20080309,BK-M68S-38,728.43,4,2913.72
20080309,BK-M68S-42,735.68,1,735.68
20080309,BK-M68S-46,762.84,2,1525.68
20080309,BK-R19B-48,186.95,3,560.8499999999999
20080309,BK-R19B-52,229.36,1,229.36
20080309,BK-R64Y-38,427.97,1,427.97
20080309,BK-R64Y-40,512.13,2,1024.26
20080309,BK-R64Y-48,416.99,1,416.99
20080309,BK-R79Y-40,704.21,4,2816.84
20080309,BK-R79Y-42,546.65,1,546.65
20080309,BK-R79Y-44,745.61,2,1491.22
20080309,BK-R79Y-48,611.41,1,611.41
20080309,BK-R89R-58,1093.81,2,2187.62
20080309,BK-T18U-44,205.06,1,205.06
20080309,BK-T18U-62,198.75,1,198.75
20080309,BK-T44U-46,413.78,1,413.78
20080309,BK-T44U-54,367.83,1,367.83
20080309,BK-T79U-50,707.2,1,707.2
20080309,BK-T79U-54,688.24,1,688.24
20080309,BK-T79Y-60,474.22,1,474.22
20080310,BK-M18B-42,161.13,1,161.13
20080310,BK-M18B-52,199.35,1,199.35
20080310,BK-M38S-42,324.06,1,324.06
20080310,BK-M68B-38,733.47,1,733.47
20080310,BK-M68B-46,640.63,3,1921.8899999999999
20080310,BK-R64Y-40,511.47,1,511.47
20080310,BK-R64Y-42,597.48,2,1194.96
20080310,BK-R64Y-48,418.45,1,418.45
20080310,BK-R79Y-42,546.16,3,1638.48
20080310,BK-R79Y-44,744.65,2,1489.3
20080310,BK-R89B-44,1027.56,1,1027.56
20080310,BK-R89B-48,917.99,1,917.99
20080310,BK-R89B-58,933.33,1,933.33
20080310,BK-R89R-58,1089.33,1,1089.33
20080310,BK-T18U-54,168.92,1,168.92
20080310,BK-T18Y-62,163.96,1,163.96
20080310,BK-T44U-50,373.35,1,373.35
20080310,BK-T79U-54,685.49,1,685.49
20080310,BK-T79Y-50,655.97,1,655.97
20080310,BK-T79Y-60,474.98,1,474.98
20080311,BK-M18B-40,212.05,1,212.05
20080311,BK-M38S-38,337.32,1,337.32
20080311,BK-M38S-40,268.88,1,268.88
20080311,BK-M38S-46,303.38,1,303.38
20080311,BK-M68B-38,730.02,2,1460.04
20080311,BK-M68B-42,741.96,3,2225.88
20080311,BK-M68S-38,729.6,1,729.6
20080311,BK-M68S-46,766.96,5,3834.8
20080311,BK-R19B-44,201.87,1,201.87
20080311,BK-R19B-48,186.29,1,186.29
20080311,BK-R19B-52,231.01,2,462.02
20080311,BK-R79Y-48,612.81,1,612.81
20080311,BK-T18U-58,198.66,1,198.66
20080311,BK-T18Y-44,164.98,1,164.98
20080311,BK-T79U-50,705.78,1,705.78
20080311,BK-T79U-60,691.29,2,1382.58
20080311,BK-T79Y-46,459.11,1,459.11
20080312,BK-M38S-42,322.54,1,322.54
20080312,BK-M68B-38,729.51,2,1459.02
20080312,BK-M68B-42,739.29,3,2217.87
20080312,BK-M68B-46,640.24,3,1920.72
20080312,BK-M68S-38,732.81,3,2198.43
20080312,BK-M68S-42,734.06,4,2936.24
20080312,BK-M68S-46,770.64,2,1541.28
20080312,BK-R19B-48,186.33,1,186.33
20080312,BK-R64Y-38,428.09,1,428.09
20080312,BK-R64Y-44,463.71,3,1391.1299999999999
20080312,BK-R79Y-40,709.93,1,709.93
20080312,BK-R79Y-42,547.31,3,1641.9299999999998
20080312,BK-R79Y-44,740.85,1,740.85
20080312,BK-R89B-44,1029.1,1,1029.1
20080312,BK-T18U-58,197.94,1,197.94
20080312,BK-T18Y-50,180.44,1,180.44
20080312,BK-T18Y-62,164.0,1,164.0
20080312,BK-T44U-46,412.83,1,412.83
20080312,BK-T79U-50,704.08,1,704.08
20080312,BK-T79U-54,683.77,1,683.77
20080312,BK-T79Y-46,457.64,1,457.64
20080312,BK-T79Y-50,657.61,1,657.61
20080312,BK-T79Y-54,661.56,2,1323.12
20080313,BK-M18B-48,178.83,1,178.83
20080313,BK-M38S-40,270.14,1,270.14
20080313,BK-M38S-42,321.57,1,321.57
20080313,BK-M68B-38,731.92,3,2195.7599999999998
20080313,BK-M68B-42,740.69,1,740.69
20080313,BK-M68B-46,638.19,1,638.19
20080313,BK-M68S-38,735.81,2,1471.62
20080313,BK-M68S-42,737.65,2,1475.3
20080313,BK-R19B-52,232.14,2,464.28
20080313,BK-R19B-58,255.75,1,255.75
20080313,BK-R64Y-38,429.21,1,429.21
20080313,BK-R64Y-40,511.67,3,1535.01
20080313,BK-R64Y-48,418.61,1,418.61
20080313,BK-R79Y-44,740.4,1,740.4
20080313,BK-R89B-52,950.1,1,950.1
20080313,BK-R89R-58,1092.81,1,1092.81
20080313,BK-T18Y-58,162.88,1,162.88
20080313,BK-T44U-46,413.03,1,413.03
20080313,BK-T79U-46,816.52,1,816.52
20080313,BK-T79U-54,683.83,1,683.83
20080313,BK-T79U-60,691.77,2,1383.54
20080313,BK-T79Y-46,456.18,1,456.18
20080313,BK-T79Y-50,656.23,2,1312.46
20080314,BK-M18B-48,179.47,1,179.47
20080314,BK-M18S-44,83.77,1,83.77
20080314,BK-M38S-42,321.44,1,321.44
20080314,BK-M68B-38,731.7,2,1463.4
20080314,BK-M68B-42,737.51,1,737.51
20080314,BK-M68B-46,640.3,2,1280.6
20080314,BK-M68S-38,732.35,1,732.35
20080314,BK-M68S-46,773.42,1,773.42
20080314,BK-R19B-52,232.72,1,232.72
20080314,BK-R19B-58,255.01,2,510.02
20080314,BK-R64Y-38,430.19,1,430.19
20080314,BK-R64Y-40,510.39,2,1020.78
20080314,BK-R79Y-40,709.78,1,709.78
20080314,BK-R79Y-42,545.01,1,545.01
20080314,BK-R79Y-44,743.22,1,743.22
20080314,BK-R79Y-48,613.67,1,613.67
20080314,BK-T18Y-44,164.75,1,164.75
20080314,BK-T44U-50,370.96,1,370.96
20080314,BK-T44U-54,366.21,1,366.21
20080314,BK-T79Y-50,656.03,1,656.03
20080314,BK-T79Y-60,475.59,1,475.59
20080315,BK-M18B-48,179.76,1,179.76
20080315,BK-M18S-48,72.84,1,72.84
20080315,BK-M38S-40,270.39,1,270.39
20080315,BK-M68B-42,736.62,2,1473.24
20080315,BK-M68S-38,733.38,1,733.38
20080315,BK-R19B-52,232.0,2,464.0
20080315,BK-R19B-58,256.28,1,256.28
20080315,BK-R64Y-38,429.42,1,429.42
20080315,BK-R79Y-40,711.27,1,711.27
20080315,BK-R79Y-42,544.14,1,544.14
20080315,BK-R79Y-44,741.36,1,741.36
20080315,BK-R79Y-48,610.72,1,610.72
20080315,BK-R89B-58,944.11,1,944.11
20080315,BK-T18Y-44,165.13,1,165.13
20080315,BK-T44U-46,413.98,1,413.98
20080315,BK-T44U-50,371.0,1,371.0
20080315,BK-T44U-60,378.36,1,378.36
20080315,BK-T79U-50,699.86,1,699.86
20080315,BK-T79U-54,682.88,1,682.88
20080315,BK-T79U-60,692.59,1,692.59
20080315,BK-T79Y-50,656.03,1,656.03
20080316,BK-M38S-38,335.69,2,671.38
20080316,BK-M38S-42,322.5,1,322.5
20080316,BK-M68B-38,732.65,1,732.65
20080316,BK-M68B-46,638.83,1,638.83
20080316,BK-M68S-42,740.82,1,740.82
20080316,BK-R19B-44,201.42,1,201.42
20080316,BK-R19B-48,185.55,3,556.6500000000001
20080316,BK-R19B-52,233.02,2,466.04
20080316,BK-R19B-58,257.46,1,257.46
20080316,BK-R64Y-38,429.42,2,858.84
20080316,BK-R64Y-42,590.93,1,590.93
20080316,BK-R64Y-44,460.51,1,460.51
20080316,BK-R64Y-48,421.38,1,421.38
20080316,BK-R79Y-42,543.7,2,1087.4
20080316,BK-R89B-48,922.86,1,922.86
20080316,BK-T18U-44,203.53,1,203.53
20080316,BK-T18Y-58,162.01,1,162.01
20080317,BK-M18B-40,212.62,1,212.62
20080317,BK-M18B-42,160.18,1,160.18
20080317,BK-M18S-42,63.9,1,63.9
20080317,BK-M38S-40,272.36,2,544.72
20080317,BK-M38S-46,301.95,1,301.95
20080317,BK-M68B-38,731.48,1,731.48
20080317,BK-M68B-46,641.89,1,641.89
20080317,BK-M68S-38,733.89,2,1467.78
20080317,BK-M68S-42,740.16,1,740.16
20080317,BK-M68S-46,771.01,1,771.01
20080317,BK-R19B-58,258.08,2,516.16
20080317,BK-R64Y-44,458.67,1,458.67
20080317,BK-R79Y-40,705.59,1,705.59
20080317,BK-R79Y-48,613.78,1,613.78
20080317,BK-R89B-48,918.34,1,918.34
20080317,BK-R89R-58,1082.78,1,1082.78
20080317,BK-T18U-58,197.74,1,197.74
20080317,BK-T18Y-54,167.69,1,167.69
20080317,BK-T18Y-58,161.54,1,161.54
20080317,BK-T44U-54,362.37,1,362.37
20080317,BK-T79U-50,700.69,1,700.69
20080317,BK-T79U-60,689.19,1,689.19
20080317,BK-T79Y-50,658.86,1,658.86
20080317,BK-T79Y-54,662.93,1,662.93
20080317,BK-T79Y-60,472.83,1,472.83
20080318,BK-M38S-38,336.94,1,336.94
20080318,BK-M38S-40,271.38,1,271.38
20080318,BK-M38S-42,321.18,1,321.18
20080318,BK-M68B-42,735.52,1,735.52
20080318,BK-M68S-38,731.61,2,1463.22
20080318,BK-M68S-46,769.77,4,3079.08
20080318,BK-R19B-44,200.78,3,602.34
20080318,BK-R19B-48,184.23,1,184.23
20080318,BK-R19B-58,257.38,1,257.38
20080318,BK-R64Y-42,593.23,1,593.23
20080318,BK-R64Y-44,458.58,2,917.16
20080318,BK-R79Y-40,706.72,1,706.72
20080318,BK-R79Y-44,743.13,2,1486.26
20080318,BK-R89B-52,959.92,1,959.92
20080318,BK-R89B-58,942.87,1,942.87
20080318,BK-R89R-58,1077.58,1,1077.58
20080318,BK-T18U-58,198.73,1,198.73
20080318,BK-T18U-62,199.5,1,199.5
20080318,BK-T18Y-44,164.25,1,164.25
20080318,BK-T44U-54,360.92,1,360.92
20080318,BK-T79U-50,697.33,1,697.33
20080318,BK-T79U-54,677.77,1,677.77
20080318,BK-T79U-60,690.02,1,690.02
20080318,BK-T79Y-50,661.96,1,661.96
20080318,BK-T79Y-54,662.67,1,662.67
20080318,BK-T79Y-60,475.01,1,475.01
20080319,BK-M18B-40,211.66,1,211.66
20080319,BK-M18B-52,197.2,1,197.2
20080319,BK-M38S-40,270.43,1,270.43
20080319,BK-M38S-42,319.93,1,319.93
20080319,BK-M68B-46,640.86,3,1922.58
20080319,BK-M68S-38,733.15,2,1466.3
20080319,BK-M68S-42,733.51,3,2200.5299999999997
20080319,BK-R19B-48,184.93,1,184.93
20080319,BK-R19B-52,233.09,1,233.09
20080319,BK-R19B-58,257.0,1,257.0
20080319,BK-R64Y-42,591.75,1,591.75
20080319,BK-R64Y-44,457.07,1,457.07
20080319,BK-R64Y-48,422.39,2,844.78
20080319,BK-R79Y-42,543.92,2,1087.84
20080319,BK-R79Y-44,740.01,1,740.01
20080319,BK-R79Y-48,611.75,1,611.75
20080319,BK-R89B-48,920.71,1,920.71
20080319,BK-R89R-58,1078.76,1,1078.76
20080319,BK-T44U-54,361.14,1,361.14
20080319,BK-T79U-46,812.35,3,2437.05
20080319,BK-T79U-60,686.78,1,686.78
20080319,BK-T79Y-46,457.08,1,457.08
20080319,BK-T79Y-50,658.91,1,658.91
20080320,BK-M18S-48,73.36,1,73.36
20080320,BK-M38S-46,299.27,1,299.27
20080320,BK-M68B-38,734.91,1,734.91
20080320,BK-M68B-42,738.46,3,2215.38
20080320,BK-M68S-38,734.76,1,734.76
20080320,BK-M68S-46,766.85,1,766.85
20080320,BK-R19B-48,185.73,2,371.46
20080320,BK-R19B-52,233.14,3,699.42
20080320,BK-R19B-58,258.23,2,516.46
20080320,BK-R64Y-40,513.5,1,513.5
20080320,BK-R64Y-42,594.18,2,1188.36
20080320,BK-R79Y-40,710.96,1,710.96
20080320,BK-R79Y-44,742.0,2,1484.0
20080320,BK-R79Y-48,614.57,1,614.57
20080320,BK-R89B-44,1035.25,1,1035.25
20080320,BK-R89B-48,922.1,1,922.1
20080320,BK-R89B-52,952.92,1,952.92
20080320,BK-T18Y-58,160.49,1,160.49
20080320,BK-T44U-50,369.22,1,369.22
20080320,BK-T79U-46,811.7,2,1623.4
20080320,BK-T79U-50,697.31,1,697.31
20080320,BK-T79U-54,681.77,1,681.77
20080320,BK-T79Y-60,471.78,1,471.78
20080321,BK-M18B-52,196.8,1,196.8
20080321,BK-M18S-40,80.92,1,80.92
20080321,BK-M38S-38,335.29,1,335.29
20080321,BK-M68B-38,736.53,1,736.53
20080321,BK-M68B-46,642.01,1,642.01
20080321,BK-M68S-46,768.46,1,768.46
20080321,BK-R19B-44,201.38,3,604.14
20080321,BK-R19B-48,185.28,3,555.84
20080321,BK-R19B-58,258.75,2,517.5
20080321,BK-R64Y-40,511.03,1,511.03
20080321,BK-R64Y-42,595.36,1,595.36
20080321,BK-R79Y-40,713.1,2,1426.2
20080321,BK-R79Y-42,540.28,1,540.28
20080321,BK-R89B-48,923.66,1,923.66
20080321,BK-R89B-52,956.26,1,956.26
20080321,BK-T18U-58,199.02,1,199.02
20080321,BK-T18Y-54,169.56,1,169.56
20080321,BK-T44U-54,363.78,1,363.78
20080321,BK-T44U-60,383.56,1,383.56
20080321,BK-T79U-46,808.86,2,1617.72
20080321,BK-T79U-50,694.32,1,694.32
20080321,BK-T79U-54,683.07,1,683.07
20080321,BK-T79Y-54,656.66,1,656.66
20080322,BK-M18B-52,197.41,1,197.41
20080322,BK-M18S-52,65.43,2,130.86
20080322,BK-M38S-38,336.53,1,336.53
20080322,BK-M38S-40,268.41,1,268.41
20080322,BK-M38S-46,296.94,1,296.94
20080322,BK-M68B-38,734.98,1,734.98
20080322,BK-M68B-42,742.01,2,1484.02
20080322,BK-M68S-42,731.82,1,731.82
20080322,BK-R19B-52,234.07,1,234.07
20080322,BK-R64Y-38,429.28,2,858.56
20080322,BK-R64Y-48,420.7,1,420.7
20080322,BK-R79Y-40,715.23,1,715.23
20080322,BK-R79Y-42,539.47,1,539.47
20080322,BK-R79Y-44,742.97,1,742.97
20080322,BK-T18Y-50,178.52,1,178.52
20080322,BK-T44U-54,364.91,1,364.91
20080322,BK-T79U-60,687.32,1,687.32
20080322,BK-T79Y-46,459.09,1,459.09
20080322,BK-T79Y-50,661.09,1,661.09
20080322,BK-T79Y-60,469.71,1,469.71
20080323,BK-M18B-44,198.65,1,198.65
20080323,BK-M18B-48,178.5,1,178.5
20080323,BK-M18B-52,197.81,1,197.81
20080323,BK-M18S-40,80.77,1,80.77
20080323,BK-M18S-48,73.0,1,73.0
20080323,BK-M38S-38,335.15,2,670.3
20080323,BK-M38S-42,319.35,1,319.35
20080323,BK-M68B-38,731.52,1,731.52
20080323,BK-M68B-42,741.27,4,2965.08
20080323,BK-M68B-46,639.12,1,639.12
20080323,BK-M68S-42,734.45,1,734.45
20080323,BK-R19B-44,202.03,1,202.03
20080323,BK-R19B-48,186.13,1,186.13
20080323,BK-R19B-52,235.17,4,940.68
20080323,BK-R19B-58,261.18,1,261.18
20080323,BK-R64Y-44,453.06,1,453.06
20080323,BK-R64Y-48,421.92,1,421.92
20080323,BK-R79Y-42,541.74,1,541.74
20080323,BK-R79Y-44,745.2,1,745.2
20080323,BK-R89B-58,941.63,1,941.63
20080323,BK-R89R-58,1082.42,1,1082.42
20080323,BK-T18U-54,169.34,1,169.34
20080323,BK-T18Y-44,164.15,1,164.15
20080323,BK-T18Y-50,179.25,1,179.25
20080323,BK-T44U-50,366.49,1,366.49
20080323,BK-T79U-54,682.04,1,682.04
20080323,BK-T79Y-50,661.15,1,661.15
20080323,BK-T79Y-54,656.59,1,656.59
20080323,BK-T79Y-60,471.26,1,471.26
20080324,BK-M18B-44,198.31,1,198.31
20080324,BK-M18S-42,64.27,1,64.27
20080324,BK-M38S-38,336.09,1,336.09
20080324,BK-M38S-40,267.44,1,267.44
20080324,BK-M68B-38,732.26,2,1464.52
20080324,BK-M68B-42,740.89,3,2222.67
20080324,BK-M68S-38,734.83,3,2204.4900000000002
20080324,BK-M68S-42,731.22,1,731.22
20080324,BK-M68S-46,770.3,1,770.3
20080324,BK-R19B-44,202.63,2,405.26
20080324,BK-R19B-52,235.85,1,235.85
20080324,BK-R19B-58,260.04,1,260.04
20080324,BK-R64Y-42,593.93,1,593.93
20080324,BK-R64Y-48,421.33,1,421.33
20080324,BK-R79Y-44,743.93,1,743.93
20080324,BK-R89B-52,954.15,1,954.15
20080324,BK-R89R-58,1084.26,1,1084.26
20080324,BK-T18U-54,168.61,1,168.61
20080324,BK-T44U-50,368.29,1,368.29
20080324,BK-T79U-46,804.41,2,1608.82
20080324,BK-T79Y-50,659.9,1,659.9
20080325,BK-M18S-42,64.36,1,64.36
20080325,BK-M38S-38,335.25,1,335.25
20080325,BK-M68B-46,637.65,1,637.65
20080325,BK-M68S-38,737.84,1,737.84
20080325,BK-R19B-44,203.14,1,203.14
20080325,BK-R19B-48,186.43,3,559.29
20080325,BK-R19B-52,235.64,2,471.28
20080325,BK-R19B-58,258.92,2,517.84
20080325,BK-R64Y-40,510.62,1,510.62
20080325,BK-R64Y-42,593.64,1,593.64
20080325,BK-R64Y-44,450.84,1,450.84
20080325,BK-R79Y-40,716.16,1,716.16
20080325,BK-R89B-44,1049.69,1,1049.69
20080325,BK-R89B-48,926.25,2,1852.5
20080325,BK-T18U-54,167.94,1,167.94
20080325,BK-T18Y-62,167.16,1,167.16
20080325,BK-T79Y-46,457.8,1,457.8
20080325,BK-T79Y-54,650.56,1,650.56
20080325,BK-T79Y-60,468.76,1,468.76
20080326,BK-M18S-40,80.93,1,80.93
20080326,BK-M18S-42,64.05,1,64.05
20080326,BK-M38S-42,319.19,1,319.19
20080326,BK-M38S-46,295.58,2,591.16
20080326,BK-M68B-38,731.59,2,1463.18
20080326,BK-M68B-46,637.71,1,637.71
20080326,BK-R19B-44,202.75,4,811.0
20080326,BK-R19B-48,186.0,2,372.0
20080326,BK-R19B-52,235.71,1,235.71
20080326,BK-R64Y-38,424.45,1,424.45
20080326,BK-R64Y-48,419.77,1,419.77
20080326,BK-R79Y-42,537.79,1,537.79
20080326,BK-R79Y-44,738.29,2,1476.58
20080326,BK-R89B-58,939.18,2,1878.36
20080326,BK-T18U-50,165.95,1,165.95
20080326,BK-T79U-46,801.43,1,801.43
20080326,BK-T79U-54,685.11,1,685.11
20080326,BK-T79Y-50,654.04,1,654.04
20080326,BK-T79Y-54,652.38,3,1957.1399999999999
20080327,BK-M18S-44,84.9,1,84.9
20080327,BK-M18S-48,73.63,1,73.63
20080327,BK-M38S-38,337.77,1,337.77
20080327,BK-M38S-42,319.99,1,319.99
20080327,BK-M68B-38,728.59,3,2185.77
20080327,BK-M68B-42,738.74,3,2216.2200000000003
20080327,BK-M68B-46,635.8,3,1907.3999999999999
20080327,BK-M68S-42,734.66,1,734.66
20080327,BK-M68S-46,772.29,4,3089.16
20080327,BK-R19B-44,202.0,2,404.0
20080327,BK-R19B-48,186.11,1,186.11
20080327,BK-R19B-52,236.79,1,236.79
20080327,BK-R64Y-38,423.51,1,423.51
20080327,BK-R64Y-40,510.72,1,510.72
20080327,BK-R64Y-44,449.04,1,449.04
20080327,BK-R79Y-40,716.44,1,716.44
20080327,BK-R89B-48,921.98,1,921.98
20080327,BK-R89B-58,937.77,1,937.77
20080327,BK-T18U-54,168.24,2,336.48
20080327,BK-T18U-62,199.65,1,199.65
20080327,BK-T18Y-58,162.48,1,162.48
20080327,BK-T44U-46,416.46,1,416.46
20080327,BK-T79Y-50,657.31,1,657.31
20080327,BK-T79Y-54,653.1,1,653.1
20080327,BK-T79Y-60,465.95,1,465.95
20080328,BK-M18B-40,211.82,1,211.82
20080328,BK-M18S-42,64.63,1,64.63
20080328,BK-M68B-38,729.31,3,2187.93
20080328,BK-M68B-42,742.36,1,742.36
20080328,BK-M68B-46,634.53,3,1903.59
20080328,BK-M68S-38,730.34,3,2191.02
20080328,BK-R19B-52,237.86,1,237.86
20080328,BK-R64Y-38,425.25,1,425.25
20080328,BK-R64Y-40,511.64,1,511.64
20080328,BK-R64Y-44,447.96,1,447.96
20080328,BK-R89B-44,1057.16,2,2114.32
20080328,BK-T44U-50,370.47,1,370.47
20080328,BK-T44U-60,386.17,1,386.17
20080328,BK-T79U-46,807.85,1,807.85
20080328,BK-T79U-60,679.92,1,679.92
20080328,BK-T79Y-54,652.84,1,652.84
20080329,BK-M18B-40,211.06,1,211.06
20080329,BK-M38S-46,293.72,1,293.72
20080329,BK-M68B-38,730.55,2,1461.1
20080329,BK-M68B-46,635.35,2,1270.7
20080329,BK-M68S-38,731.88,2,1463.76
20080329,BK-R19B-44,202.3,1,202.3
20080329,BK-R19B-48,185.2,1,185.2
20080329,BK-R19B-52,238.43,1,238.43
20080329,BK-R64Y-38,426.1,1,426.1
20080329,BK-R64Y-40,513.84,1,513.84
20080329,BK-R64Y-42,591.79,1,591.79
20080329,BK-R64Y-48,421.32,1,421.32
20080329,BK-R79Y-40,715.72,1,715.72
20080329,BK-R79Y-48,612.4,1,612.4
20080329,BK-T18Y-58,163.05,1,163.05
20080329,BK-T79Y-50,656.78,1,656.78
20080329,BK-T79Y-60,465.11,1,465.11
20080330,BK-M18S-44,85.67,1,85.67
20080330,BK-M68B-38,734.06,1,734.06
20080330,BK-M68B-42,738.43,4,2953.72
20080330,BK-M68B-46,635.74,2,1271.48
20080330,BK-M68S-38,734.73,1,734.73
20080330,BK-M68S-42,733.03,1,733.03
20080330,BK-M68S-46,768.51,1,768.51
20080330,BK-R19B-48,184.46,1,184.46
20080330,BK-R79Y-40,712.86,1,712.86
20080330,BK-R79Y-42,538.92,1,538.92
20080330,BK-R79Y-48,612.89,2,1225.78
20080330,BK-R89B-44,1058.95,1,1058.95
20080330,BK-T18U-58,198.4,1,198.4
20080330,BK-T18U-62,200.99,1,200.99
20080330,BK-T18Y-54,169.66,1,169.66
20080330,BK-T44U-50,372.21,1,372.21
20080330,BK-T44U-60,386.63,1,386.63
20080330,BK-T79U-54,684.82,2,1369.64
20080330,BK-T79U-60,674.69,2,1349.38
20080330,BK-T79Y-50,653.95,1,653.95
20080331,BK-M18B-44,199.31,1,199.31
20080331,BK-M38S-40,267.78,2,535.56
20080331,BK-M38S-42,323.39,1,323.39
20080331,BK-M38S-46,296.16,1,296.16
20080331,BK-M68B-38,733.55,1,733.55
20080331,BK-M68B-42,740.35,2,1480.7
20080331,BK-M68B-46,636.5,1,636.5
20080331,BK-M68S-42,734.72,3,2204.16
20080331,BK-M68S-46,771.27,2,1542.54
20080331,BK-R19B-48,184.57,1,184.57
20080331,BK-R19B-52,239.21,1,239.21
20080331,BK-R19B-58,256.82,1,256.82
20080331,BK-R64Y-38,426.01,1,426.01
20080331,BK-R64Y-44,452.5,2,905.0
20080331,BK-R64Y-48,422.25,1,422.25
20080331,BK-R79Y-44,744.05,1,744.05
20080331,BK-R89B-44,1058.85,2,2117.7
20080331,BK-T79U-60,675.77,1,675.77
20080331,BK-T79Y-46,460.5,1,460.5
20080331,BK-T79Y-54,657.42,1,657.42
20080331,BK-T79Y-60,464.92,2,929.84
20080331,FR-R72Y-38,211.99,4,847.96
20080331,FR-R72Y-44,190.83,1,190.83
20080331,FR-R72Y-48,252.0,1,252.0
20080401,BK-M18B-40,209.63,26,5450.38
20080401,BK-M18B-42,159.4,15,2391.0
20080401,BK-M18B-44,199.51,21,4189.71
20080401,BK-M18B-48,178.35,34,6063.9
20080401,BK-M18B-52,197.98,19,3761.62
20080401,BK-M18S-40,80.17,18,1443.06
20080401,BK-M18S-42,65.1,23,1497.3
20080401,BK-M18S-44,85.6,19,1626.3999999999999
20080401,BK-M18S-48,74.19,16,1187.04
20080401,BK-M18S-52,64.82,24,1555.6799999999998
20080401,BK-M38S-38,337.15,23,7754.45
20080401,BK-M38S-40,268.88,29,7797.5199999999995
20080401,BK-M38S-42,323.07,12,3876.84
20080401,BK-M38S-46,295.8,16,4732.8
20080401,BK-M68B-38,735.23,63,46319.49
20080401,BK-M68B-42,739.31,56,41401.36
20080401,BK-M68B-46,635.93,52,33068.36
20080401,BK-M68S-38,735.1,59,43370.9
20080401,BK-M68S-42,736.92,52,38319.84
20080401,BK-M68S-46,771.89,42,32419.38
20080401,BK-R19B-44,202.22,15,3033.3
20080401,BK-R19B-48,184.92,96,17752.32
20080401,BK-R19B-52,239.17,80,19133.6
20080401,BK-R19B-58,256.26,29,7431.54
20080401,BK-R64Y-38,426.05,40,17042.0
20080401,BK-R64Y-40,515.12,40,20604.8
20080401,BK-R64Y-42,593.15,33,19573.95
20080401,BK-R64Y-44,454.63,13,5910.19
20080401,BK-R64Y-48,420.44,59,24805.96
20080401,BK-R79Y-40,712.5,110,78375.0
20080401,BK-R79Y-42,539.83,53,28610.99
20080401,BK-R79Y-44,745.17,16,11922.72
20080401,BK-R79Y-48,614.79,97,59634.63
20080401,BK-R89B-44,1055.35,43,45380.049999999996
20080401,BK-R89B-48,927.88,42,38970.96
20080401,BK-R89B-52,952.22,19,18092.18
20080401,BK-R89B-58,939.72,18,16914.96
20080401,BK-R89R-58,1081.08,13,14054.039999999999
20080401,BK-T18U-44,202.66,13,2634.58
20080401,BK-T18U-50,165.17,55,9084.349999999999
20080401,BK-T18U-54,168.99,41,6928.59
20080401,BK-T18U-58,200.05,18,3600.9
20080401,BK-T18U-62,200.87,9,1807.83
20080401,BK-T18Y-44,162.93,30,4887.900000000001
20080401,BK-T18Y-50,182.17,39,7104.629999999999
20080401,BK-T18Y-54,169.17,13,2199.21
20080401,BK-T18Y-58,163.07,5,815.3499999999999
20080401,BK-T18Y-62,167.1,40,6684.0
20080401,BK-T44U-46,415.09,22,9131.98
20080401,BK-T44U-50,372.27,13,4839.51
20080401,BK-T44U-54,364.38,43,15668.34
20080401,BK-T44U-60,387.32,42,16267.44
20080401,BK-T79U-46,807.26,51,41170.26
20080401,BK-T79U-50,687.31,30,20619.3
20080401,BK-T79U-54,688.52,12,8262.24
20080401,BK-T79U-60,673.34,72,48480.48
20080401,BK-T79Y-46,460.41,38,17495.58
20080401,BK-T79Y-50,657.22,25,16430.5
20080401,BK-T79Y-54,658.47,9,5926.2300000000005
20080401,BK-T79Y-60,463.34,42,19460.28
20080401,FR-M21B-42,71.62,18,1289.16
20080401,FR-M21B-44,76.51,39,2983.8900000000003
20080401,FR-M21B-48,95.68,38,3635.84
20080401,FR-M21S-40,93.43,18,1681.7400000000002
20080401,FR-M21S-42,75.95,32,2430.4
20080401,FR-M21S-44,96.97,27,2618.19
20080401,FR-M21S-52,78.1,18,1405.8
20080401,FR-M63S-40,120.7,57,6879.900000000001
20080401,FR-M63S-42,123.6,30,3708.0
20080401,FR-M63S-46,126.16,10,1261.6
20080401,FR-M94B-38,400.03,17,6800.509999999999
20080401,FR-M94B-42,334.61,39,13049.79
20080401,FR-M94S-38,444.27,34,15105.18
20080401,FR-M94S-42,404.32,6,2425.92
20080401,FR-M94S-46,453.68,15,6805.2
20080401,FR-R38B-44,123.55,2,247.1
20080401,FR-R38B-52,155.56,29,4511.24
20080401,FR-R38B-58,123.84,24,2972.16
20080401,FR-R72Y-38,212.86,33,7024.38
20080401,FR-R72Y-44,190.24,28,5326.72
20080401,FR-R72Y-48,253.18,30,7595.400000000001
20080401,FR-R92B-44,549.72,9,4947.4800000000005
20080401,FR-R92R-44,499.66,9,4496.9400000000005
20080401,FR-R92R-62,461.64,11,5078.04
20080401,FR-T67U-50,109.95,18,1979.1000000000001
20080401,FR-T67U-54,126.38,16,2022.08
20080401,FR-T67Y-44,109.31,12,1311.72
20080401,FR-T67Y-50,108.2,12,1298.4
20080401,FR-T67Y-62,115.77,26,3010.02
20080401,FR-T98U-46,344.61,4,1378.44
20080401,FR-T98U-50,322.38,4,1289.52
20080401,FR-T98U-54,294.34,37,10890.58
20080401,FR-T98U-60,346.95,16,5551.2
20080401,FR-T98Y-46,336.08,1,336.08
20080401,FR-T98Y-54,325.42,30,9762.6
20080401,FR-T98Y-60,283.31,17,4816.27
20080402,BK-M18B-42,160.05,1,160.05
20080402,BK-M18B-44,199.51,2,399.02
20080402,BK-M38S-40,269.8,1,269.8
20080402,BK-M68B-42,740.79,2,1481.58
20080402,BK-M68B-46,635.74,2,1271.48
20080402,BK-M68S-38,736.05,2,1472.1
20080402,BK-M68S-46,773.13,1,773.13
20080402,BK-R19B-48,184.13,1,184.13
20080402,BK-R19B-52,240.36,3,721.08
20080402,BK-R19B-58,256.36,2,512.72
20080402,BK-R64Y-38,424.86,1,424.86
20080402,BK-R64Y-44,456.85,1,456.85
20080402,BK-R79Y-40,712.64,1,712.64
20080402,BK-R79Y-48,617.86,1,617.86
20080402,BK-R89B-44,1058.52,1,1058.52
20080402,BK-R89R-58,1084.43,1,1084.43
20080402,BK-T18U-44,202.81,1,202.81
20080402,BK-T18U-54,169.26,1,169.26
20080402,BK-T18Y-58,162.35,1,162.35
20080402,BK-T18Y-62,167.21,1,167.21
20080402,BK-T44U-46,414.96,2,829.92
20080402,BK-T44U-54,363.65,1,363.65
20080402,BK-T79U-46,808.8,1,808.8
20080402,BK-T79U-50,690.54,2,1381.08
20080402,BK-T79Y-54,658.93,1,658.93
20080402,BK-T79Y-60,463.34,1,463.34
20080403,BK-M18B-42,159.81,1,159.81
20080403,BK-M18S-40,80.11,1,80.11
20080403,BK-M38S-38,334.49,2,668.98
20080403,BK-M38S-40,269.96,2,539.92
20080403,BK-M38S-46,294.38,1,294.38
20080403,BK-M68B-38,734.2,1,734.2
20080403,BK-M68B-42,739.98,1,739.98
20080403,BK-M68S-38,734.29,2,1468.58
20080403,BK-M68S-42,740.61,1,740.61
20080403,BK-M68S-46,775.99,1,775.99
20080403,BK-R19B-44,201.9,3,605.7
20080403,BK-R19B-48,183.28,2,366.56
20080403,BK-R19B-52,240.75,3,722.25
20080403,BK-R19B-58,257.03,2,514.06
20080403,BK-R64Y-42,591.55,1,591.55
20080403,BK-R64Y-44,458.13,1,458.13
20080403,BK-R79Y-40,712.07,1,712.07
20080403,BK-R79Y-42,541.94,2,1083.88
20080403,BK-R79Y-48,619.22,1,619.22
20080403,BK-R89B-52,945.38,2,1890.76
20080403,BK-T18U-58,199.41,1,199.41
20080403,BK-T18U-62,199.94,1,199.94
20080403,BK-T18Y-58,163.08,1,163.08
20080403,BK-T44U-46,416.87,1,416.87
20080403,BK-T79U-50,693.58,1,693.58
20080403,BK-T79U-54,691.63,2,1383.26
20080403,BK-T79Y-54,657.88,4,2631.52
20080403,BK-T79Y-60,463.16,1,463.16
20080404,BK-M38S-40,270.79,2,541.58
20080404,BK-M38S-46,293.27,1,293.27
20080404,BK-M68B-38,732.22,1,732.22
20080404,BK-M68B-42,737.31,4,2949.24
20080404,BK-M68S-38,735.83,2,1471.66
20080404,BK-M68S-42,741.5,1,741.5
20080404,BK-R19B-44,202.36,1,202.36
20080404,BK-R19B-48,183.57,2,367.14
20080404,BK-R19B-52,241.08,1,241.08
20080404,BK-R19B-58,257.39,2,514.78
20080404,BK-R64Y-42,592.32,1,592.32
20080404,BK-R64Y-44,456.44,1,456.44
20080404,BK-R79Y-40,711.0,2,1422.0
20080404,BK-R79Y-42,539.45,2,1078.9
20080404,BK-R79Y-44,750.46,1,750.46
20080404,BK-R79Y-48,619.1,1,619.1
20080404,BK-R89R-58,1085.3,1,1085.3
20080404,BK-T18U-50,166.01,1,166.01
20080404,BK-T18Y-50,180.12,1,180.12
20080404,BK-T44U-50,372.46,1,372.46
20080404,BK-T79U-54,689.69,1,689.69
20080404,BK-T79U-60,670.92,1,670.92
20080404,BK-T79Y-46,458.15,1,458.15
20080404,BK-T79Y-50,657.75,1,657.75
20080404,BK-T79Y-54,655.77,1,655.77
20080404,BK-T79Y-60,461.58,1,461.58
20080405,BK-M68S-38,733.7,1,733.7
20080405,BK-M68S-46,776.12,1,776.12
20080405,BK-R19B-48,183.1,1,183.1
20080405,BK-R79Y-42,539.39,1,539.39
20080405,BK-R89B-44,1060.31,1,1060.31
20080405,BK-R89B-52,943.57,2,1887.14
20080405,BK-T18U-58,199.91,1,199.91
20080405,BK-T18Y-62,167.59,1,167.59
20080405,BK-T44U-50,373.61,1,373.61
20080405,BK-T79U-50,694.82,1,694.82
20080405,BK-T79U-54,689.69,1,689.69
20080405,BK-T79U-60,667.76,1,667.76
20080405,BK-T79Y-50,658.86,1,658.86
20080406,BK-M38S-38,334.53,1,334.53
20080406,BK-M38S-46,291.33,1,291.33
20080406,BK-M68B-38,728.34,1,728.34
20080406,BK-M68B-42,738.49,3,2215.4700000000003
20080406,BK-M68B-46,634.01,3,1902.03
20080406,BK-M68S-42,745.28,1,745.28
20080406,BK-M68S-46,775.97,4,3103.88
20080406,BK-R19B-44,202.18,2,404.36
20080406,BK-R19B-48,183.98,2,367.96
20080406,BK-R19B-58,258.03,2,516.06
20080406,BK-R64Y-42,593.08,5,2965.4
20080406,BK-R64Y-44,457.72,1,457.72
20080406,BK-R79Y-42,541.01,1,541.01
20080406,BK-R79Y-44,744.47,1,744.47
20080406,BK-R89B-58,937.25,1,937.25
20080406,BK-T44U-50,374.99,1,374.99
20080406,BK-T44U-60,387.98,1,387.98
20080406,BK-T79U-46,807.4,1,807.4
20080406,BK-T79U-50,695.8,2,1391.6
20080406,BK-T79Y-54,653.35,1,653.35
20080406,BK-T79Y-60,463.2,1,463.2
20080407,BK-M18S-42,65.09,1,65.09
20080407,BK-M38S-40,269.84,2,539.68
20080407,BK-M38S-46,292.47,1,292.47
20080407,BK-M68B-38,725.72,1,725.72
20080407,BK-M68B-42,735.09,1,735.09
20080407,BK-M68B-46,631.1,1,631.1
20080407,BK-M68S-38,733.69,1,733.69
20080407,BK-M68S-46,779.38,2,1558.76
20080407,BK-R19B-44,202.79,1,202.79
20080407,BK-R19B-52,243.58,2,487.16
20080407,BK-R64Y-40,516.4,1,516.4
20080407,BK-R64Y-44,455.89,1,455.89
20080407,BK-R79Y-40,712.42,1,712.42
20080407,BK-R79Y-42,540.52,2,1081.04
20080407,BK-R79Y-48,617.18,2,1234.36
20080407,BK-R89B-58,935.38,1,935.38
20080407,BK-T18U-62,199.96,2,399.92
20080407,BK-T18Y-44,162.82,2,325.64
20080407,BK-T18Y-54,168.47,1,168.47
20080407,BK-T44U-46,412.67,1,412.67
20080407,BK-T44U-50,374.39,1,374.39
20080407,BK-T79Y-46,458.47,1,458.47
20080407,BK-T79Y-54,651.32,1,651.32
20080408,BK-M18B-48,178.7,1,178.7
20080408,BK-M38S-46,291.65,1,291.65
20080408,BK-M68B-46,632.42,1,632.42
20080408,BK-M68S-42,739.41,4,2957.64
20080408,BK-M68S-46,778.37,3,2335.11
20080408,BK-R19B-48,184.34,2,368.68
20080408,BK-R19B-52,243.21,3,729.63
20080408,BK-R64Y-38,425.32,1,425.32
20080408,BK-R64Y-42,589.64,1,589.64
20080408,BK-R79Y-40,712.92,1,712.92
20080408,BK-R79Y-42,541.28,1,541.28
20080408,BK-R79Y-44,748.79,2,1497.58
20080408,BK-R79Y-48,614.9,1,614.9
20080408,BK-R89B-48,928.03,1,928.03
20080408,BK-R89R-58,1093.65,1,1093.65
20080408,BK-T18U-54,168.62,1,168.62
20080408,BK-T44U-54,364.41,1,364.41
20080408,BK-T79U-50,693.78,1,693.78
20080408,BK-T79Y-54,653.67,1,653.67
20080409,BK-M68B-46,633.25,3,1899.75
20080409,BK-M68S-38,729.44,2,1458.88
20080409,BK-M68S-42,739.19,1,739.19
20080409,BK-R19B-44,202.3,2,404.6
20080409,BK-R19B-48,183.73,1,183.73
20080409,BK-R19B-52,242.97,2,485.94
20080409,BK-R19B-58,258.0,2,516.0
20080409,BK-R64Y-42,590.77,2,1181.54
20080409,BK-R79Y-40,711.21,1,711.21
20080409,BK-R79Y-42,540.52,1,540.52
20080409,BK-R79Y-44,746.32,2,1492.64
20080409,BK-R79Y-48,617.11,2,1234.22
20080409,BK-R89B-48,924.79,1,924.79
20080409,BK-R89B-52,945.54,1,945.54
20080409,BK-R89R-58,1092.11,1,1092.11
20080409,BK-T18Y-50,179.04,1,179.04
20080409,BK-T79U-46,806.92,1,806.92
20080409,BK-T79U-50,691.28,1,691.28
20080409,BK-T79Y-50,651.45,1,651.45
20080409,BK-T79Y-54,652.69,1,652.69
20080409,BK-T79Y-60,466.59,1,466.59
20080410,BK-M68B-38,726.14,1,726.14
20080410,BK-M68B-42,737.21,3,2211.63
20080410,BK-M68B-46,631.79,1,631.79
20080410,BK-M68S-42,736.75,1,736.75
20080410,BK-R19B-48,182.87,3,548.61
20080410,BK-R19B-52,243.82,4,975.28
20080410,BK-R19B-58,257.77,1,257.77
20080410,BK-R64Y-38,426.77,1,426.77
20080410,BK-R64Y-40,518.41,2,1036.82
20080410,BK-R64Y-48,413.91,1,413.91
20080410,BK-R89B-44,1062.52,1,1062.52
20080410,BK-R89R-58,1087.75,3,3263.25
20080410,BK-T18U-58,198.33,1,198.33
20080410,BK-T18Y-54,167.58,1,167.58
20080410,BK-T44U-60,384.8,1,384.8
20080410,BK-T79U-46,807.4,1,807.4
20080410,BK-T79U-50,693.28,1,693.28
20080410,BK-T79U-54,677.57,1,677.57
20080410,BK-T79U-60,664.83,1,664.83
20080410,BK-T79Y-46,458.73,1,458.73
20080411,BK-M38S-38,333.12,1,333.12
20080411,BK-M38S-40,271.6,1,271.6
20080411,BK-M38S-46,293.81,1,293.81
20080411,BK-M68B-42,735.22,1,735.22
20080411,BK-M68B-46,633.62,2,1267.24
20080411,BK-R19B-44,200.97,3,602.91
20080411,BK-R19B-48,182.48,1,182.48
20080411,BK-R19B-52,243.57,1,243.57
20080411,BK-R19B-58,258.44,3,775.3199999999999
20080411,BK-R64Y-40,517.79,2,1035.58
20080411,BK-R64Y-42,590.47,1,590.47
20080411,BK-R64Y-44,450.93,1,450.93
20080411,BK-R79Y-44,739.84,1,739.84
20080411,BK-R79Y-48,618.4,1,618.4
20080411,BK-R89B-48,926.26,1,926.26
20080411,BK-T18U-50,167.59,1,167.59
20080411,BK-T18U-62,201.32,1,201.32
20080411,BK-T79U-46,808.05,2,1616.1
20080411,BK-T79U-50,690.72,1,690.72
20080411,BK-T79Y-46,458.82,1,458.82
20080411,BK-T79Y-50,646.96,1,646.96
20080411,BK-T79Y-54,657.2,1,657.2
20080412,BK-M18S-48,74.81,1,74.81
20080412,BK-M18S-52,65.18,1,65.18
20080412,BK-M38S-38,333.52,2,667.04
20080412,BK-M38S-40,272.01,1,272.01
20080412,BK-M68B-38,726.0,1,726.0
20080412,BK-M68B-42,733.38,1,733.38
20080412,BK-M68S-38,728.34,2,1456.68
20080412,BK-M68S-42,737.41,3,2212.23
20080412,BK-M68S-46,784.14,1,784.14
20080412,BK-R19B-52,242.48,2,484.96
20080412,BK-R19B-58,258.85,3,776.5500000000001
20080412,BK-R64Y-48,412.95,1,412.95
20080412,BK-R79Y-40,716.13,2,1432.26
20080412,BK-R79Y-42,537.28,1,537.28
20080412,BK-R79Y-48,619.45,1,619.45
20080412,BK-T18U-62,200.48,1,200.48
20080412,BK-T44U-46,412.09,1,412.09
20080412,BK-T44U-60,384.03,1,384.03
20080412,BK-T79U-50,690.44,1,690.44
20080412,BK-T79U-54,676.28,1,676.28
20080412,BK-T79U-60,662.17,2,1324.34
20080413,BK-M18B-40,208.82,1,208.82
20080413,BK-M18B-52,194.71,1,194.71
20080413,BK-M18S-44,85.18,1,85.18
20080413,BK-M38S-38,332.35,1,332.35
20080413,BK-M38S-42,322.05,1,322.05
20080413,BK-M68B-46,635.52,2,1271.04
20080413,BK-R19B-48,182.72,1,182.72
20080413,BK-R64Y-38,423.07,1,423.07
20080413,BK-R64Y-42,591.23,1,591.23
20080413,BK-R79Y-40,717.34,1,717.34
20080413,BK-R79Y-42,538.73,1,538.73
20080413,BK-R79Y-48,617.29,2,1234.58
20080413,BK-T18U-62,201.46,2,402.92
20080413,BK-T18Y-58,161.92,1,161.92
20080413,BK-T79Y-46,456.85,1,456.85
20080414,BK-M18B-40,209.53,1,209.53
20080414,BK-M38S-38,330.89,1,330.89
20080414,BK-M38S-40,273.1,1,273.1
20080414,BK-M38S-42,321.67,1,321.67
20080414,BK-M38S-46,291.58,2,583.16
20080414,BK-M68B-38,727.81,4,2911.24
20080414,BK-M68B-42,728.18,3,2184.54
20080414,BK-M68S-38,727.97,1,727.97
20080414,BK-M68S-46,787.91,2,1575.82
20080414,BK-R19B-44,200.62,1,200.62
20080414,BK-R19B-48,183.03,1,183.03
20080414,BK-R19B-58,259.06,2,518.12
20080414,BK-R64Y-42,593.19,1,593.19
20080414,BK-R64Y-44,449.58,1,449.58
20080414,BK-R79Y-40,720.5,1,720.5
20080414,BK-R79Y-48,618.52,2,1237.04
20080414,BK-R89B-44,1072.11,1,1072.11
20080414,BK-T44U-50,372.82,2,745.64
20080414,BK-T79U-46,807.79,1,807.79
20080414,BK-T79U-54,673.23,1,673.23
20080414,BK-T79Y-60,467.99,1,467.99
20080415,BK-M18B-40,209.72,1,209.72
20080415,BK-M18B-48,178.0,1,178.0
20080415,BK-M18S-52,65.4,1,65.4
20080415,BK-M38S-38,329.6,1,329.6
20080415,BK-M38S-42,321.99,1,321.99
20080415,BK-M68B-38,730.72,2,1461.44
20080415,BK-M68B-46,638.13,5,3190.65
20080415,BK-M68S-38,725.42,1,725.42
20080415,BK-M68S-46,784.36,2,1568.72
20080415,BK-R19B-48,182.7,1,182.7
20080415,BK-R64Y-38,421.04,1,421.04
20080415,BK-R64Y-40,524.92,3,1574.7599999999998
20080415,BK-R64Y-42,590.52,1,590.52
20080415,BK-R64Y-44,447.87,1,447.87
20080415,BK-R79Y-44,730.64,2,1461.28
20080415,BK-R79Y-48,619.88,1,619.88
20080415,BK-T18Y-44,160.9,1,160.9
20080415,BK-T18Y-58,161.51,1,161.51
20080415,BK-T79U-50,694.86,1,694.86
20080415,BK-T79U-60,659.71,1,659.71
20080416,BK-M18B-52,194.01,1,194.01
20080416,BK-M38S-38,328.45,1,328.45
20080416,BK-M38S-42,322.96,1,322.96
20080416,BK-M68B-38,733.57,1,733.57
20080416,BK-M68B-42,724.62,2,1449.24
20080416,BK-M68B-46,636.15,1,636.15
20080416,BK-M68S-38,723.9,1,723.9
20080416,BK-M68S-42,739.54,1,739.54
20080416,BK-M68S-46,781.3,1,781.3
20080416,BK-R19B-44,200.98,1,200.98
20080416,BK-R19B-58,259.94,2,519.88
20080416,BK-R64Y-42,588.98,1,588.98
20080416,BK-R64Y-48,410.07,1,410.07
20080416,BK-R79Y-40,719.92,2,1439.84
20080416,BK-R79Y-42,535.77,3,1607.31
20080416,BK-R79Y-44,727.13,1,727.13
20080416,BK-R89B-58,944.35,1,944.35
20080416,BK-T18Y-50,177.82,1,177.82
20080416,BK-T18Y-54,168.74,1,168.74
20080416,BK-T18Y-62,168.89,1,168.89
20080416,BK-T44U-50,375.09,1,375.09
20080416,BK-T79U-46,809.48,2,1618.96
20080416,BK-T79Y-54,657.57,1,657.57
20080417,BK-M18B-42,159.61,1,159.61
20080417,BK-M18B-44,198.05,1,198.05
20080417,BK-M18B-52,193.17,1,193.17
20080417,BK-M38S-46,292.63,2,585.26
20080417,BK-M68B-42,723.02,1,723.02
20080417,BK-M68S-38,722.95,3,2168.8500000000004
20080417,BK-M68S-42,743.02,1,743.02
20080417,BK-R19B-44,201.55,2,403.1
20080417,BK-R19B-48,183.52,3,550.5600000000001
20080417,BK-R19B-52,239.08,2,478.16
20080417,BK-R19B-58,258.69,1,258.69
20080417,BK-R64Y-40,523.4,1,523.4
20080417,BK-R64Y-42,590.28,2,1180.56
20080417,BK-R64Y-48,410.19,2,820.38
20080417,BK-R79Y-40,719.92,1,719.92
20080417,BK-T18U-54,168.71,1,168.71
20080417,BK-T18U-62,202.99,1,202.99
20080417,BK-T44U-46,412.17,2,824.34
20080417,BK-T79U-46,810.54,1,810.54
20080417,BK-T79U-60,657.41,1,657.41
20080417,BK-T79Y-54,660.73,1,660.73
20080417,BK-T79Y-60,469.1,2,938.2
20080418,BK-M18B-48,177.43,1,177.43
20080418,BK-M38S-40,272.93,1,272.93
20080418,BK-M38S-42,321.5,2,643.0
20080418,BK-M38S-46,293.3,2,586.6
20080418,BK-M68B-38,737.61,2,1475.22
20080418,BK-M68B-42,721.36,1,721.36
20080418,BK-M68S-38,720.64,3,2161.92
20080418,BK-R19B-44,201.35,1,201.35
20080418,BK-R19B-48,182.88,2,365.76
20080418,BK-R19B-52,239.91,1,239.91
20080418,BK-R64Y-38,422.17,1,422.17
20080418,BK-R64Y-40,523.61,2,1047.22
20080418,BK-R64Y-42,590.63,3,1771.8899999999999
20080418,BK-R79Y-44,723.43,2,1446.86
20080418,BK-R79Y-48,622.05,2,1244.1
20080418,BK-R89B-48,923.74,1,923.74
20080418,BK-R89R-58,1072.89,1,1072.89
20080418,BK-T44U-46,410.15,1,410.15
20080418,BK-T79U-46,810.13,2,1620.26
20080418,BK-T79U-50,691.52,1,691.52
20080418,BK-T79U-54,666.38,1,666.38
20080418,BK-T79U-60,655.3,2,1310.6
20080418,BK-T79Y-46,459.5,3,1378.5
20080418,BK-T79Y-50,650.05,1,650.05
20080419,BK-M18S-40,79.77,2,159.54
20080419,BK-M18S-42,65.83,1,65.83
20080419,BK-M18S-48,74.84,1,74.84
20080419,BK-M18S-52,65.64,1,65.64
20080419,BK-M38S-46,292.19,1,292.19
20080419,BK-M68B-38,737.98,2,1475.96
20080419,BK-M68B-42,721.0,2,1442.0
20080419,BK-M68B-46,640.93,1,640.93
20080419,BK-M68S-38,721.07,3,2163.21
20080419,BK-M68S-42,742.35,3,2227.05
20080419,BK-R19B-48,183.45,1,183.45
20080419,BK-R19B-58,258.82,2,517.64
20080419,BK-R64Y-40,524.76,1,524.76
20080419,BK-R64Y-42,589.09,1,589.09
20080419,BK-R79Y-40,717.19,2,1434.38
20080419,BK-R79Y-44,723.93,2,1447.86
20080419,BK-R79Y-48,624.47,2,1248.94
20080419,BK-R89B-44,1067.49,1,1067.49
20080419,BK-R89B-48,921.16,1,921.16
20080419,BK-T18U-58,198.44,1,198.44
20080419,BK-T18Y-44,160.7,1,160.7
20080419,BK-T18Y-50,176.9,2,353.8
20080419,BK-T44U-46,409.41,1,409.41
20080419,BK-T44U-50,378.71,1,378.71
20080419,BK-T79U-46,806.32,2,1612.64
20080419,BK-T79U-50,689.31,1,689.31
20080419,BK-T79Y-46,457.38,1,457.38
20080419,BK-T79Y-54,659.87,1,659.87
20080420,BK-M18B-42,159.04,1,159.04
20080420,BK-M18S-42,66.14,1,66.14
20080420,BK-M38S-38,332.6,2,665.2
20080420,BK-M38S-40,274.13,1,274.13
20080420,BK-M68B-38,736.21,3,2208.63
20080420,BK-M68B-46,643.56,1,643.56
20080420,BK-M68S-46,779.41,1,779.41
20080420,BK-R19B-44,200.0,1,200.0
20080420,BK-R19B-48,184.31,3,552.9300000000001
20080420,BK-R19B-52,239.63,2,479.26
20080420,BK-R64Y-40,522.87,2,1045.74
20080420,BK-R64Y-44,443.32,1,443.32
20080420,BK-R79Y-42,542.55,1,542.55
20080420,BK-R79Y-48,623.41,3,1870.23
20080420,BK-R89B-58,946.89,1,946.89
20080420,BK-T18Y-50,177.78,1,177.78
20080420,BK-T18Y-62,168.62,1,168.62
20080420,BK-T44U-50,378.44,1,378.44
20080420,BK-T79U-46,803.42,2,1606.84
20080420,BK-T79U-60,655.76,1,655.76
20080420,BK-T79Y-46,456.24,1,456.24
20080420,BK-T79Y-60,471.07,2,942.14
20080421,BK-M18B-52,194.14,1,194.14
20080421,BK-M18S-42,66.02,1,66.02
20080421,BK-M38S-38,332.47,1,332.47
20080421,BK-M38S-46,291.89,1,291.89
20080421,BK-M68B-38,733.48,1,733.48
20080421,BK-M68B-42,716.39,1,716.39
20080421,BK-M68B-46,644.46,2,1288.92
20080421,BK-M68S-46,780.89,1,780.89
20080421,BK-R19B-44,200.0,1,200.0
20080421,BK-R19B-48,185.12,1,185.12
20080421,BK-R19B-52,240.73,1,240.73
20080421,BK-R64Y-40,523.23,1,523.23
20080421,BK-R64Y-48,411.5,1,411.5
20080421,BK-R79Y-40,716.96,1,716.96
20080421,BK-R79Y-48,620.36,1,620.36
20080421,BK-R89B-44,1072.41,1,1072.41
20080421,BK-T18U-44,199.99,1,199.99
20080421,BK-T18U-58,198.56,1,198.56
20080421,BK-T18Y-58,162.01,1,162.01
20080421,BK-T79U-46,803.26,1,803.26
20080421,BK-T79U-50,694.63,1,694.63
20080421,BK-T79U-54,671.12,1,671.12
20080421,BK-T79U-60,657.14,1,657.14
20080421,BK-T79Y-46,454.32,1,454.32
20080421,BK-T79Y-50,650.5,1,650.5
20080421,BK-T79Y-60,472.44,1,472.44
20080422,BK-M18B-42,159.08,1,159.08
20080422,BK-M18B-44,197.14,2,394.28
20080422,BK-M38S-46,292.83,1,292.83
20080422,BK-M68B-42,717.32,2,1434.64
20080422,BK-M68S-38,720.63,1,720.63
20080422,BK-M68S-42,743.01,1,743.01
20080422,BK-R19B-52,241.31,2,482.62
20080422,BK-R19B-58,259.83,1,259.83
20080422,BK-R64Y-38,419.77,1,419.77
20080422,BK-R64Y-40,522.61,1,522.61
20080422,BK-R64Y-44,440.09,2,880.18
20080422,BK-R79Y-40,716.74,1,716.74
20080422,BK-R79Y-42,539.46,2,1078.92
20080422,BK-R79Y-44,719.23,1,719.23
20080422,BK-R79Y-48,617.94,1,617.94
20080422,BK-R89B-44,1069.51,1,1069.51
20080422,BK-T18U-54,166.05,1,166.05
20080422,BK-T18U-62,205.36,1,205.36
20080422,BK-T18Y-62,168.67,1,168.67
20080422,BK-T44U-54,366.44,3,1099.32
20080422,BK-T44U-60,385.98,1,385.98
20080422,BK-T79U-46,804.14,1,804.14
20080422,BK-T79U-54,669.11,1,669.11
20080422,BK-T79Y-46,453.32,3,1359.96
20080422,BK-T79Y-50,650.44,1,650.44
20080422,BK-T79Y-54,658.02,1,658.02
20080423,BK-M38S-40,274.89,1,274.89
20080423,BK-M68B-38,728.5,3,2185.5
20080423,BK-M68B-42,718.26,4,2873.04
20080423,BK-M68B-46,644.58,1,644.58
20080423,BK-M68S-38,722.21,1,722.21
20080423,BK-M68S-42,740.78,1,740.78
20080423,BK-M68S-46,781.59,2,1563.18
20080423,BK-R19B-44,198.48,3,595.4399999999999
20080423,BK-R19B-48,185.3,1,185.3
20080423,BK-R19B-52,240.85,1,240.85
20080423,BK-R19B-58,259.6,1,259.6
20080423,BK-R64Y-38,418.55,2,837.1
20080423,BK-R64Y-40,520.83,1,520.83
20080423,BK-R64Y-44,439.6,1,439.6
20080423,BK-R64Y-48,411.05,3,1233.15
20080423,BK-R79Y-40,714.45,1,714.45
20080423,BK-R79Y-42,538.65,1,538.65
20080423,BK-R79Y-44,717.22,1,717.22
20080423,BK-R79Y-48,619.61,1,619.61
20080423,BK-R89B-48,923.35,1,923.35
20080423,BK-T18U-54,165.46,1,165.46
20080423,BK-T18U-58,199.03,1,199.03
20080423,BK-T79U-50,695.46,2,1390.92
20080423,BK-T79U-60,654.64,1,654.64
20080423,BK-T79Y-50,653.1,1,653.1
20080423,BK-T79Y-54,654.86,1,654.86
20080424,BK-M38S-40,274.7,1,274.7
20080424,BK-M38S-42,321.79,1,321.79
20080424,BK-M68B-38,725.44,3,2176.32
20080424,BK-M68B-46,644.51,3,1933.53
20080424,BK-M68S-38,719.69,5,3598.4500000000003
20080424,BK-M68S-46,783.93,1,783.93
20080424,BK-R19B-44,199.22,1,199.22
20080424,BK-R19B-58,259.93,2,519.86
20080424,BK-R64Y-38,420.6,1,420.6
20080424,BK-R64Y-40,523.33,3,1569.9900000000002
20080424,BK-R64Y-42,590.27,1,590.27
20080424,BK-R64Y-48,412.32,2,824.64
20080424,BK-R79Y-42,540.38,2,1080.76
20080424,BK-R89B-48,921.13,1,921.13
20080424,BK-T79U-46,811.64,1,811.64
20080424,BK-T79U-54,673.6,2,1347.2
20080424,BK-T79Y-46,453.18,1,453.18
20080425,BK-M18B-52,196.15,1,196.15
20080425,BK-M18S-42,65.83,1,65.83
20080425,BK-M68B-38,729.07,1,729.07
20080425,BK-M68S-38,722.57,2,1445.14
20080425,BK-R19B-44,200.13,4,800.52
20080425,BK-R19B-48,184.97,5,924.85
20080425,BK-R19B-52,240.75,2,481.5
20080425,BK-R64Y-38,421.53,1,421.53
20080425,BK-R64Y-42,589.86,2,1179.72
20080425,BK-R64Y-44,438.72,2,877.44
20080425,BK-R64Y-48,412.61,1,412.61
20080425,BK-R79Y-40,714.3,1,714.3
20080425,BK-R79Y-48,618.92,1,618.92
20080425,BK-R89B-48,919.57,1,919.57
20080425,BK-R89B-58,947.44,2,1894.88
20080425,BK-R89R-58,1057.52,1,1057.52
20080425,BK-T18Y-50,177.76,1,177.76
20080425,BK-T44U-60,386.64,1,386.64
20080425,BK-T79U-60,659.03,1,659.03
20080425,BK-T79Y-50,650.81,1,650.81
20080425,BK-T79Y-54,658.99,2,1317.98
20080425,BK-T79Y-60,476.89,1,476.89
20080426,BK-M18B-42,160.1,1,160.1
20080426,BK-M18B-44,198.36,1,198.36
20080426,BK-M18S-40,79.91,1,79.91
20080426,BK-M18S-44,86.29,1,86.29
20080426,BK-M38S-38,332.23,1,332.23
20080426,BK-M38S-42,321.91,1,321.91
20080426,BK-M68B-38,731.26,1,731.26
20080426,BK-M68B-42,720.55,2,1441.1
20080426,BK-M68B-46,645.28,1,645.28
20080426,BK-M68S-38,726.11,3,2178.33
20080426,BK-M68S-42,742.55,2,1485.1
20080426,BK-R19B-44,199.67,1,199.67
20080426,BK-R19B-52,240.31,2,480.62
20080426,BK-R19B-58,259.52,2,519.04
20080426,BK-R64Y-44,439.51,3,1318.53
20080426,BK-R64Y-48,414.47,2,828.94
20080426,BK-R79Y-40,714.3,1,714.3
20080426,BK-R79Y-42,542.11,1,542.11
20080426,BK-R79Y-48,617.31,1,617.31
20080426,BK-T18Y-50,177.07,1,177.07
20080426,BK-T18Y-58,163.64,1,163.64
20080426,BK-T18Y-62,169.06,1,169.06
20080426,BK-T44U-46,414.42,1,414.42
20080426,BK-T44U-60,388.11,2,776.22
20080426,BK-T79U-50,692.82,1,692.82
20080426,BK-T79Y-46,453.09,1,453.09
20080426,BK-T79Y-60,475.6,2,951.2
20080427,BK-M18B-44,198.2,1,198.2
20080427,BK-M38S-46,291.33,1,291.33
20080427,BK-M68B-38,729.36,1,729.36
20080427,BK-M68B-46,647.41,1,647.41
20080427,BK-M68S-38,722.91,5,3614.5499999999997
20080427,BK-M68S-42,743.82,3,2231.46
20080427,BK-M68S-46,788.65,3,2365.95
20080427,BK-R19B-44,199.79,1,199.79
20080427,BK-R19B-48,185.1,1,185.1
20080427,BK-R19B-52,241.04,3,723.12
20080427,BK-R64Y-38,424.95,1,424.95
20080427,BK-R79Y-40,714.59,1,714.59
20080427,BK-R79Y-42,544.11,1,544.11
20080427,BK-R79Y-44,718.07,1,718.07
20080427,BK-R79Y-48,618.11,2,1236.22
20080427,BK-R89B-44,1056.94,1,1056.94
20080427,BK-R89B-48,917.09,2,1834.18
20080427,BK-R89R-58,1057.51,1,1057.51
20080427,BK-T18U-54,165.73,1,165.73
20080427,BK-T18Y-50,176.24,1,176.24
20080427,BK-T79U-46,815.21,4,3260.84
20080427,BK-T79U-50,692.54,1,692.54
20080427,BK-T79U-54,668.76,2,1337.52
20080427,BK-T79U-60,662.13,1,662.13
20080427,BK-T79Y-46,453.18,1,453.18
20080427,BK-T79Y-50,651.14,1,651.14
20080428,BK-M18S-52,64.63,1,64.63
20080428,BK-M38S-46,292.64,1,292.64
20080428,BK-M68B-38,728.41,4,2913.64
20080428,BK-M68B-42,722.79,2,1445.58
20080428,BK-M68B-46,647.02,2,1294.04
20080428,BK-M68S-38,725.73,1,725.73
20080428,BK-M68S-42,740.84,1,740.84
20080428,BK-R19B-44,199.01,1,199.01
20080428,BK-R19B-48,185.54,1,185.54
20080428,BK-R19B-52,241.23,1,241.23
20080428,BK-R19B-58,260.22,2,520.44
20080428,BK-R64Y-38,426.39,1,426.39
20080428,BK-R64Y-40,522.28,1,522.28
20080428,BK-R64Y-44,439.64,1,439.64
20080428,BK-R79Y-42,541.67,1,541.67
20080428,BK-R79Y-44,715.7,1,715.7
20080428,BK-R79Y-48,618.67,1,618.67
20080428,BK-R89B-52,953.85,1,953.85
20080428,BK-T18U-54,165.17,1,165.17
20080428,BK-T18Y-58,163.72,1,163.72
20080428,BK-T44U-46,415.13,1,415.13
20080428,BK-T44U-54,366.84,1,366.84
20080428,BK-T44U-60,389.07,1,389.07
20080428,BK-T79U-50,693.03,1,693.03
20080428,BK-T79U-54,671.1,1,671.1
20080428,BK-T79U-60,659.22,1,659.22
20080428,BK-T79Y-46,453.81,2,907.62
20080428,BK-T79Y-60,475.41,2,950.82
20080429,BK-M38S-40,272.78,1,272.78
20080429,BK-M38S-46,292.91,3,878.73
20080429,BK-M68B-38,729.21,4,2916.84
20080429,BK-M68B-42,719.75,1,719.75
20080429,BK-M68B-46,647.8,1,647.8
20080429,BK-M68S-42,743.88,4,2975.52
20080429,BK-M68S-46,784.16,2,1568.32
20080429,BK-R19B-44,198.95,1,198.95
20080429,BK-R19B-48,185.06,1,185.06
20080429,BK-R19B-52,240.34,2,480.68
20080429,BK-R64Y-38,426.01,1,426.01
20080429,BK-R64Y-40,524.63,1,524.63
20080429,BK-R64Y-42,589.02,1,589.02
20080429,BK-R79Y-40,715.15,1,715.15
20080429,BK-R79Y-44,714.56,1,714.56
20080429,BK-R79Y-48,618.67,1,618.67
20080429,BK-R89B-52,954.14,1,954.14
20080429,BK-R89B-58,959.62,1,959.62
20080429,BK-R89R-58,1061.11,1,1061.11
20080429,BK-T79Y-50,649.05,1,649.05
20080430,BK-M18B-42,159.1,1,159.1
20080430,BK-M18B-44,196.54,1,196.54
20080430,BK-M18B-48,178.81,1,178.81
20080430,BK-M18B-52,197.36,1,197.36
20080430,BK-M38S-42,321.14,1,321.14
20080430,BK-M68B-38,731.47,3,2194.41
20080430,BK-M68B-42,723.35,1,723.35
20080430,BK-M68S-38,730.02,3,2190.06
20080430,BK-M68S-42,744.18,2,1488.36
20080430,BK-M68S-46,781.88,1,781.88
20080430,BK-R19B-44,199.81,1,199.81
20080430,BK-R19B-48,185.93,1,185.93
20080430,BK-R19B-52,240.58,1,240.58
20080430,BK-R64Y-38,425.24,1,425.24
20080430,BK-R64Y-40,525.31,2,1050.62
20080430,BK-R64Y-42,591.55,1,591.55
20080430,BK-R64Y-44,441.05,1,441.05
20080430,BK-R64Y-48,412.36,1,412.36
20080430,BK-R79Y-42,541.29,2,1082.58
20080430,BK-R89B-44,1052.9,1,1052.9
20080430,BK-R89B-48,919.19,1,919.19
20080430,BK-R89B-52,954.71,2,1909.42
20080430,BK-R89B-58,959.43,1,959.43
20080430,BK-T44U-50,382.56,1,382.56
20080430,BK-T44U-60,390.79,1,390.79
20080501,BK-M18B-40,205.97,16,3295.52
20080501,BK-M18B-42,158.52,24,3804.4800000000005
20080501,BK-M18B-44,196.48,17,3340.16
20080501,BK-M18B-48,178.44,37,6602.28
20080501,BK-M18B-52,197.87,15,2968.05
20080501,BK-M18S-40,80.53,36,2899.08
20080501,BK-M18S-42,66.13,45,2975.85
20080501,BK-M18S-44,87.03,35,3046.05
20080501,BK-M18S-48,72.69,47,3416.43
20080501,BK-M18S-52,64.77,41,2655.5699999999997
20080501,BK-M38S-38,333.79,21,7009.59
20080501,BK-M38S-40,273.54,57,15591.78
20080501,BK-M38S-42,321.65,22,7076.299999999999
20080501,BK-M38S-46,292.47,20,5849.400000000001
20080501,BK-M68B-38,728.25,115,83748.75
20080501,BK-M68B-42,722.63,78,56365.14
20080501,BK-M68B-46,646.89,66,42694.74
20080501,BK-M68S-38,727.24,81,58906.44
20080501,BK-M68S-42,747.0,88,65736.0
20080501,BK-M68S-46,780.4,67,52286.799999999996
20080501,BK-R19B-44,200.63,37,7423.3099999999995
20080501,BK-R19B-48,185.11,112,20732.32
20080501,BK-R19B-52,240.67,89,21419.629999999997
20080501,BK-R19B-58,258.45,55,14214.75
20080501,BK-R64Y-38,426.35,64,27286.4
20080501,BK-R64Y-40,522.73,59,30841.07
20080501,BK-R64Y-42,588.65,45,26489.25
20080501,BK-R64Y-44,442.37,47,20791.39
20080501,BK-R64Y-48,413.47,64,26462.08
20080501,BK-R79Y-40,717.51,120,86101.2
20080501,BK-R79Y-42,541.72,68,36836.96
20080501,BK-R79Y-44,713.2,40,28528.0
20080501,BK-R79Y-48,617.74,137,84630.38
20080501,BK-R89B-44,1056.59,55,58112.45
20080501,BK-R89B-48,915.7,46,42122.200000000004
20080501,BK-R89B-52,956.52,46,43999.92
20080501,BK-R89B-58,960.68,32,30741.76
20080501,BK-R89R-58,1061.08,38,40321.03999999999
20080501,BK-T18U-44,199.12,21,4181.52
20080501,BK-T18U-50,165.61,56,9274.16
20080501,BK-T18U-54,165.64,49,8116.36
20080501,BK-T18U-58,195.51,28,5474.28
20080501,BK-T18U-62,208.79,9,1879.11
20080501,BK-T18Y-44,159.41,82,13071.619999999999
20080501,BK-T18Y-50,175.63,45,7903.349999999999
20080501,BK-T18Y-54,165.45,38,6287.099999999999
20080501,BK-T18Y-58,162.1,16,2593.6
20080501,BK-T18Y-62,171.92,77,13237.839999999998
20080501,BK-T44U-46,413.42,34,14056.28
20080501,BK-T44U-50,380.76,18,6853.68
20080501,BK-T44U-54,369.56,90,33260.4
20080501,BK-T44U-60,392.47,73,28650.31
20080501,BK-T79U-46,819.68,58,47541.439999999995
20080501,BK-T79U-50,693.43,43,29817.489999999998
20080501,BK-T79U-54,673.11,8,5384.88
20080501,BK-T79U-60,658.36,83,54643.880000000005
20080501,BK-T79Y-46,452.63,91,41189.33
20080501,BK-T79Y-50,650.48,45,29271.600000000002
20080501,BK-T79Y-54,663.01,15,9945.15
20080501,BK-T79Y-60,476.59,83,39556.97
20080501,FR-M21B-42,72.79,26,1892.5400000000002
20080501,FR-M21B-44,75.96,51,3873.9599999999996
20080501,FR-M21B-48,95.74,45,4308.3
20080501,FR-M21S-40,91.89,30,2756.7
20080501,FR-M21S-42,77.69,52,4039.88
20080501,FR-M21S-44,96.65,52,5025.8
20080501,FR-M21S-52,79.64,33,2628.12
20080501,FR-M63S-40,120.54,76,9161.04
20080501,FR-M63S-42,122.19,46,5620.74
20080501,FR-M63S-46,124.36,13,1616.68
20080501,FR-M94B-38,403.63,23,9283.49
20080501,FR-M94B-42,343.72,44,15123.68
20080501,FR-M94S-38,446.26,53,23651.78
20080501,FR-M94S-42,399.47,14,5592.58
20080501,FR-M94S-46,463.86,23,10668.78
20080501,FR-R38B-52,160.28,57,9135.960000000001
20080501,FR-R38B-58,122.23,22,2689.06
20080501,FR-R72Y-38,210.91,46,9701.86
20080501,FR-R72Y-44,190.1,59,11215.9
20080501,FR-R72Y-48,249.16,34,8471.44
20080501,FR-R92B-44,561.89,13,7304.57
20080501,FR-R92R-44,517.6,18,9316.800000000001
20080501,FR-R92R-62,443.49,15,6652.35
20080501,FR-T67U-50,109.15,29,3165.3500000000004
20080501,FR-T67U-54,131.54,20,2630.7999999999997
20080501,FR-T67Y-44,110.6,22,2433.2
20080501,FR-T67Y-50,106.61,24,2558.64
20080501,FR-T67Y-62,114.19,34,3882.46
20080501,FR-T98U-46,344.28,17,5852.759999999999
20080501,FR-T98U-50,327.11,14,4579.54
20080501,FR-T98U-54,299.92,42,12596.640000000001
20080501,FR-T98U-60,346.53,36,12475.079999999998
20080501,FR-T98Y-46,334.8,15,5022.0
20080501,FR-T98Y-50,342.92,10,3429.2000000000003
20080501,FR-T98Y-54,325.69,52,16935.88
20080501,FR-T98Y-60,287.82,44,12664.08
20080502,BK-M18B-48,177.76,1,177.76
20080502,BK-M38S-38,334.82,1,334.82
20080502,BK-M38S-40,273.46,1,273.46
20080502,BK-M38S-46,292.5,1,292.5
20080502,BK-M68B-42,721.4,1,721.4
20080502,BK-M68B-46,649.48,3,1948.44
20080502,BK-M68S-38,729.35,1,729.35
20080502,BK-M68S-46,780.47,1,780.47
20080502,BK-R19B-52,240.74,1,240.74
20080502,BK-R19B-58,259.15,1,259.15
20080502,BK-R64Y-38,426.01,2,852.02
20080502,BK-R64Y-40,523.15,1,523.15
20080502,BK-R64Y-42,591.3,4,2365.2
20080502,BK-R79Y-42,542.91,1,542.91
20080502,BK-R79Y-48,617.0,1,617.0
20080502,BK-T79U-60,656.78,1,656.78
20080503,BK-M18B-48,178.02,1,178.02
20080503,BK-M18S-44,86.8,1,86.8
20080503,BK-M38S-38,334.42,3,1003.26
20080503,BK-M38S-40,272.97,2,545.94
20080503,BK-M38S-42,321.94,2,643.88
20080503,BK-M68B-38,728.24,1,728.24
20080503,BK-M68B-42,719.02,1,719.02
20080503,BK-M68S-38,727.67,1,727.67
20080503,BK-M68S-42,747.3,2,1494.6
20080503,BK-M68S-46,777.74,1,777.74
20080503,BK-R19B-44,201.09,2,402.18
20080503,BK-R19B-52,240.48,2,480.96
20080503,BK-R19B-58,258.71,1,258.71
20080503,BK-R64Y-38,424.47,1,424.47
20080503,BK-R64Y-40,521.79,1,521.79
20080503,BK-R64Y-42,591.95,2,1183.9
20080503,BK-R64Y-44,438.22,1,438.22
20080503,BK-R79Y-40,716.14,1,716.14
20080503,BK-R79Y-42,541.28,1,541.28
20080503,BK-R79Y-48,616.01,1,616.01
20080503,BK-R89B-48,911.04,1,911.04
20080503,BK-R89B-52,954.9,1,954.9
20080503,BK-T18Y-50,176.09,2,352.18
20080503,BK-T44U-50,383.62,1,383.62
20080503,BK-T44U-60,391.68,1,391.68
20080503,BK-T79U-46,823.05,3,2469.1499999999996
20080503,BK-T79U-50,694.19,2,1388.38
20080503,BK-T79Y-50,649.38,1,649.38
20080504,BK-M18B-42,158.41,1,158.41
20080504,BK-M18S-48,72.49,1,72.49
20080504,BK-M38S-40,271.68,1,271.68
20080504,BK-M38S-42,320.75,1,320.75
20080504,BK-M68B-42,721.25,2,1442.5
20080504,BK-M68B-46,648.5,2,1297.0
20080504,BK-M68S-38,726.8,1,726.8
20080504,BK-M68S-46,779.92,1,779.92
20080504,BK-R19B-44,201.41,1,201.41
20080504,BK-R19B-52,240.58,5,1202.9
20080504,BK-R19B-58,259.3,1,259.3
20080504,BK-R64Y-44,438.88,2,877.76
20080504,BK-R64Y-48,412.14,1,412.14
20080504,BK-R79Y-40,717.36,1,717.36
20080504,BK-R79Y-42,543.77,1,543.77
20080504,BK-R79Y-44,717.48,2,1434.96
20080504,BK-R79Y-48,615.58,1,615.58
20080504,BK-R89B-52,950.7,1,950.7
20080504,BK-T18U-44,198.65,1,198.65
20080504,BK-T18U-54,166.37,1,166.37
20080504,BK-T18U-62,207.97,1,207.97
20080504,BK-T18Y-54,164.9,2,329.8
20080504,BK-T18Y-58,162.8,1,162.8
20080504,BK-T79U-46,823.87,2,1647.74
20080504,BK-T79Y-46,451.4,1,451.4
20080504,BK-T79Y-54,665.52,1,665.52
20080504,BK-T79Y-60,479.79,2,959.58
20080505,BK-M18S-40,80.59,1,80.59
20080505,BK-M18S-48,72.79,1,72.79
20080505,BK-M68B-38,727.0,2,1454.0
20080505,BK-M68B-42,721.68,3,2165.04
20080505,BK-M68B-46,649.6,1,649.6
20080505,BK-M68S-38,724.04,3,2172.12
20080505,BK-M68S-42,750.14,1,750.14
20080505,BK-M68S-46,782.26,2,1564.52
20080505,BK-R19B-44,201.65,2,403.3
20080505,BK-R19B-48,184.5,3,553.5
20080505,BK-R19B-52,241.42,2,482.84
20080505,BK-R19B-58,259.02,1,259.02
20080505,BK-R64Y-40,521.01,2,1042.02
20080505,BK-R64Y-42,591.77,1,591.77
20080505,BK-R79Y-40,717.43,2,1434.86
20080505,BK-R79Y-42,542.3,1,542.3
20080505,BK-R79Y-48,614.84,1,614.84
20080505,BK-R89B-58,964.22,2,1928.44
20080505,BK-T18U-62,207.64,1,207.64
20080505,BK-T44U-50,382.35,3,1147.0500000000002
20080505,BK-T44U-54,369.88,1,369.88
20080505,BK-T44U-60,391.64,1,391.64
20080505,BK-T79U-54,669.01,1,669.01
20080505,BK-T79U-60,654.15,1,654.15
20080505,BK-T79Y-46,453.66,1,453.66
20080505,BK-T79Y-54,664.45,1,664.45
20080505,BK-T79Y-60,480.07,1,480.07
20080506,BK-M18B-40,205.45,1,205.45
20080506,BK-M18S-44,86.98,1,86.98
20080506,BK-M18S-52,65.44,1,65.44
20080506,BK-M38S-38,334.88,1,334.88
20080506,BK-M38S-46,295.81,1,295.81
20080506,BK-M68B-38,724.02,2,1448.04
20080506,BK-M68B-42,720.38,1,720.38
20080506,BK-M68B-46,648.82,1,648.82
20080506,BK-M68S-38,722.08,3,2166.2400000000002
20080506,BK-M68S-42,747.96,1,747.96
20080506,BK-R19B-44,202.52,1,202.52
20080506,BK-R19B-48,184.83,2,369.66
20080506,BK-R19B-52,241.49,3,724.47
20080506,BK-R19B-58,259.95,2,519.9
20080506,BK-R64Y-38,424.34,1,424.34
20080506,BK-R64Y-40,520.8,2,1041.6
20080506,BK-R64Y-42,592.65,1,592.65
20080506,BK-R64Y-48,413.63,2,827.26
20080506,BK-R79Y-44,715.83,2,1431.66
20080506,BK-R89B-52,953.16,1,953.16
20080506,BK-T18U-44,199.16,1,199.16
20080506,BK-T18U-54,166.29,1,166.29
20080506,BK-T18Y-54,164.64,1,164.64
20080506,BK-T44U-54,371.4,1,371.4
20080506,BK-T44U-60,390.59,1,390.59
20080506,BK-T79U-50,699.2,1,699.2
20080506,BK-T79U-60,655.19,1,655.19
20080506,BK-T79Y-54,662.99,1,662.99
20080506,BK-T79Y-60,480.75,1,480.75
20080507,BK-M18S-42,66.41,1,66.41
20080507,BK-M38S-38,333.78,1,333.78
20080507,BK-M38S-46,294.87,1,294.87
20080507,BK-M68B-38,727.43,2,1454.86
20080507,BK-M68B-42,718.22,4,2872.88
20080507,BK-M68B-46,647.01,2,1294.02
20080507,BK-M68S-38,721.36,1,721.36
20080507,BK-M68S-42,746.39,1,746.39
20080507,BK-M68S-46,778.82,3,2336.46
20080507,BK-R19B-48,185.07,1,185.07
20080507,BK-R19B-58,259.77,1,259.77
20080507,BK-R64Y-38,426.0,1,426.0
20080507,BK-R64Y-40,518.35,2,1036.7
20080507,BK-R64Y-42,591.88,1,591.88
20080507,BK-R64Y-44,439.1,2,878.2
20080507,BK-R79Y-40,720.66,1,720.66
20080507,BK-R79Y-42,541.81,3,1625.4299999999998
20080507,BK-R79Y-44,714.83,2,1429.66
20080507,BK-R79Y-48,612.32,2,1224.64
20080507,BK-T18U-62,206.72,1,206.72
20080507,BK-T18Y-54,164.19,1,164.19
20080507,BK-T44U-50,382.61,1,382.61
20080507,BK-T44U-54,371.84,1,371.84
20080507,BK-T79U-46,820.4,1,820.4
20080507,BK-T79U-54,666.87,1,666.87
20080507,BK-T79Y-50,651.12,1,651.12
20080507,BK-T79Y-60,482.43,1,482.43
20080508,BK-M18B-44,195.46,1,195.46
20080508,BK-M18B-48,179.29,1,179.29
20080508,BK-M18S-40,81.22,1,81.22
20080508,BK-M18S-42,66.63,1,66.63
20080508,BK-M38S-38,335.01,1,335.01
20080508,BK-M38S-42,322.55,1,322.55
20080508,BK-M38S-46,293.87,1,293.87
20080508,BK-M68B-38,729.32,1,729.32
20080508,BK-M68B-42,719.58,1,719.58
20080508,BK-M68B-46,649.21,3,1947.63
20080508,BK-M68S-38,719.2,4,2876.8
20080508,BK-M68S-42,743.86,2,1487.72
20080508,BK-M68S-46,780.77,2,1561.54
20080508,BK-R19B-44,201.55,1,201.55
20080508,BK-R19B-48,185.68,2,371.36
20080508,BK-R19B-52,242.84,1,242.84
20080508,BK-R19B-58,259.93,2,519.86
20080508,BK-R64Y-40,520.37,1,520.37
20080508,BK-R64Y-42,593.01,1,593.01
20080508,BK-R64Y-44,437.08,1,437.08
20080508,BK-R79Y-44,716.83,1,716.83
20080508,BK-R89B-48,913.02,1,913.02
20080508,BK-R89B-52,954.96,1,954.96
20080508,BK-T18U-44,197.71,2,395.42
20080508,BK-T18U-50,164.83,1,164.83
20080508,BK-T44U-46,414.81,1,414.81
20080508,BK-T44U-60,392.15,1,392.15
20080508,BK-T79U-54,665.2,1,665.2
20080509,BK-M18B-52,199.26,1,199.26
20080509,BK-M18S-48,72.04,1,72.04
20080509,BK-M38S-38,335.42,1,335.42
20080509,BK-M38S-42,321.16,1,321.16
20080509,BK-M68B-38,731.14,2,1462.28
20080509,BK-M68B-42,718.36,5,3591.8
20080509,BK-M68B-46,649.72,3,1949.16
20080509,BK-M68S-38,716.75,1,716.75
20080509,BK-M68S-42,742.89,2,1485.78
20080509,BK-M68S-46,783.5,1,783.5
20080509,BK-R19B-44,200.98,1,200.98
20080509,BK-R19B-52,241.8,2,483.6
20080509,BK-R19B-58,260.84,1,260.84
20080509,BK-R64Y-40,522.04,1,522.04
20080509,BK-R64Y-42,594.31,3,1782.9299999999998
20080509,BK-R64Y-44,437.56,2,875.12
20080509,BK-R64Y-48,415.03,1,415.03
20080509,BK-R79Y-44,718.77,1,718.77
20080509,BK-T18U-50,165.49,1,165.49
20080509,BK-T18U-62,206.79,2,413.58
20080509,BK-T44U-50,381.31,1,381.31
20080509,BK-T44U-54,373.48,1,373.48
20080509,BK-T79U-50,700.81,1,700.81
20080509,BK-T79U-60,657.68,1,657.68
20080509,BK-T79Y-46,450.04,2,900.08
20080509,BK-T79Y-50,650.73,1,650.73
20080509,BK-T79Y-54,660.73,1,660.73
20080510,BK-M38S-38,337.03,1,337.03
20080510,BK-M38S-46,293.63,2,587.26
20080510,BK-M68B-42,721.66,3,2164.98
20080510,BK-M68B-46,649.34,4,2597.36
20080510,BK-M68S-38,718.54,1,718.54
20080510,BK-M68S-42,745.04,1,745.04
20080510,BK-M68S-46,781.31,2,1562.62
20080510,BK-R19B-44,200.72,1,200.72
20080510,BK-R19B-48,185.2,1,185.2
20080510,BK-R19B-52,241.51,1,241.51
20080510,BK-R64Y-38,428.6,1,428.6
20080510,BK-R64Y-40,523.61,1,523.61
20080510,BK-R64Y-42,592.71,1,592.71
20080510,BK-R64Y-48,416.94,1,416.94
20080510,BK-R79Y-40,723.19,1,723.19
20080510,BK-R79Y-44,720.71,1,720.71
20080510,BK-T18Y-54,163.99,1,163.99
20080510,BK-T44U-50,381.88,2,763.76
20080510,BK-T79U-54,665.07,1,665.07
20080510,BK-T79Y-60,487.07,2,974.14
20080511,BK-M18B-40,203.44,1,203.44
20080511,BK-M18S-52,65.35,1,65.35
20080511,BK-M38S-38,335.51,1,335.51
20080511,BK-M38S-46,294.54,1,294.54
20080511,BK-M68B-38,733.7,2,1467.4
20080511,BK-M68B-42,720.15,2,1440.3
20080511,BK-M68S-38,717.25,2,1434.5
20080511,BK-M68S-42,748.77,4,2995.08
20080511,BK-M68S-46,779.67,3,2339.0099999999998
20080511,BK-R19B-48,186.0,1,186.0
20080511,BK-R19B-52,242.72,1,242.72
20080511,BK-R19B-58,260.6,1,260.6
20080511,BK-R64Y-38,429.24,1,429.24
20080511,BK-R64Y-40,523.97,1,523.97
20080511,BK-R64Y-42,591.05,2,1182.1
20080511,BK-R64Y-44,437.9,1,437.9
20080511,BK-R79Y-48,619.01,1,619.01
20080511,BK-R89B-44,1059.4,1,1059.4
20080511,BK-R89B-52,957.92,1,957.92
20080511,BK-R89R-58,1062.54,1,1062.54
20080511,BK-T18Y-54,163.29,1,163.29
20080511,BK-T18Y-62,169.33,2,338.66
20080511,BK-T44U-60,392.65,1,392.65
20080511,BK-T79Y-54,658.09,1,658.09
20080511,BK-T79Y-60,487.12,1,487.12
20080512,BK-M18B-44,194.31,2,388.62
20080512,BK-M38S-38,334.87,1,334.87
20080512,BK-M38S-42,320.32,1,320.32
20080512,BK-M38S-46,293.48,2,586.96
20080512,BK-M68B-38,736.34,1,736.34
20080512,BK-M68B-42,717.12,2,1434.24
20080512,BK-M68B-46,651.28,1,651.28
20080512,BK-M68S-38,719.76,1,719.76
20080512,BK-M68S-42,750.86,3,2252.58
20080512,BK-M68S-46,779.67,1,779.67
20080512,BK-R19B-44,200.44,2,400.88
20080512,BK-R19B-48,185.31,3,555.9300000000001
20080512,BK-R19B-52,243.15,2,486.3
20080512,BK-R19B-58,260.05,1,260.05
20080512,BK-R64Y-38,427.48,1,427.48
20080512,BK-R64Y-44,439.57,1,439.57
20080512,BK-R64Y-48,417.48,1,417.48
20080512,BK-R79Y-44,720.7,1,720.7
20080512,BK-R89B-44,1062.15,1,1062.15
20080512,BK-R89B-58,959.19,1,959.19
20080512,BK-T18U-58,197.38,1,197.38
20080512,BK-T79U-46,822.03,1,822.03
20080512,BK-T79U-54,660.49,1,660.49
20080512,BK-T79U-60,655.24,1,655.24
20080512,BK-T79Y-46,447.79,1,447.79
20080512,BK-T79Y-50,657.58,2,1315.16
20080512,BK-T79Y-54,655.39,1,655.39
20080513,BK-M38S-40,270.02,1,270.02
20080513,BK-M68B-38,734.65,4,2938.6
20080513,BK-M68S-42,748.76,2,1497.52
20080513,BK-M68S-46,776.31,3,2328.93
20080513,BK-R19B-48,185.79,1,185.79
20080513,BK-R19B-52,242.79,3,728.37
20080513,BK-R64Y-42,594.54,2,1189.08
20080513,BK-R64Y-44,437.72,2,875.44
20080513,BK-R64Y-48,417.85,2,835.7
20080513,BK-R79Y-40,722.96,1,722.96
20080513,BK-R79Y-44,722.28,1,722.28
20080513,BK-R79Y-48,619.81,1,619.81
20080513,BK-R89B-44,1065.34,1,1065.34
20080513,BK-T18U-62,209.0,2,418.0
20080513,BK-T79Y-54,652.83,1,652.83
20080514,BK-M18B-44,193.39,2,386.78
20080514,BK-M18S-40,80.2,1,80.2
20080514,BK-M18S-48,72.13,1,72.13
20080514,BK-M68B-42,718.33,2,1436.66
20080514,BK-M68B-46,648.09,1,648.09
20080514,BK-M68S-38,721.7,1,721.7
20080514,BK-M68S-46,775.69,1,775.69
20080514,BK-R19B-44,201.54,2,403.08
20080514,BK-R19B-48,185.51,1,185.51
20080514,BK-R19B-52,243.78,1,243.78
20080514,BK-R64Y-38,426.54,3,1279.6200000000001
20080514,BK-R64Y-44,436.98,1,436.98
20080514,BK-R64Y-48,417.98,1,417.98
20080514,BK-R79Y-40,723.46,1,723.46
20080514,BK-R79Y-42,540.82,1,540.82
20080514,BK-R79Y-44,722.35,3,2167.05
20080514,BK-R79Y-48,621.12,2,1242.24
20080514,BK-R89B-58,955.26,1,955.26
20080514,BK-T18Y-50,177.43,2,354.86
20080514,BK-T18Y-62,168.69,1,168.69
20080514,BK-T44U-46,412.77,1,412.77
20080514,BK-T44U-54,376.85,1,376.85
20080514,BK-T44U-60,394.3,1,394.3
20080514,BK-T79U-50,706.21,1,706.21
20080514,BK-T79U-54,661.81,2,1323.62
20080514,BK-T79U-60,657.14,1,657.14
20080514,BK-T79Y-50,658.63,1,658.63
20080514,BK-T79Y-60,488.09,1,488.09
20080515,BK-M18B-48,178.6,1,178.6
20080515,BK-M18S-52,64.95,1,64.95
20080515,BK-M38S-40,268.7,1,268.7
20080515,BK-M38S-42,321.31,1,321.31
20080515,BK-M38S-46,291.37,1,291.37
20080515,BK-M68B-38,735.97,3,2207.91
20080515,BK-M68B-42,718.26,1,718.26
20080515,BK-M68B-46,649.46,3,1948.38
20080515,BK-M68S-38,724.37,2,1448.74
20080515,BK-M68S-42,751.24,1,751.24
20080515,BK-M68S-46,774.37,1,774.37
20080515,BK-R19B-48,184.68,1,184.68
20080515,BK-R19B-52,243.27,4,973.08
20080515,BK-R64Y-38,424.49,2,848.98
20080515,BK-R64Y-40,523.55,1,523.55
20080515,BK-R64Y-42,596.09,3,1788.27
20080515,BK-R64Y-44,438.55,1,438.55
20080515,BK-R64Y-48,417.69,2,835.38
20080515,BK-R79Y-40,722.96,2,1445.92
20080515,BK-T18U-58,195.37,1,195.37
20080515,BK-T18Y-50,176.95,1,176.95
20080515,BK-T18Y-54,163.58,1,163.58
20080515,BK-T44U-60,396.08,1,396.08
20080515,BK-T79U-54,660.55,2,1321.1
20080515,BK-T79U-60,655.63,1,655.63
20080515,BK-T79Y-46,448.68,1,448.68
20080515,BK-T79Y-54,650.74,1,650.74
20080516,BK-M18B-48,179.12,1,179.12
20080516,BK-M38S-38,338.27,1,338.27
20080516,BK-M38S-42,322.05,1,322.05
20080516,BK-M68B-38,733.32,5,3666.6000000000004
20080516,BK-M68B-42,721.13,1,721.13
20080516,BK-M68B-46,652.64,2,1305.28
20080516,BK-M68S-38,723.86,1,723.86
20080516,BK-M68S-42,753.49,1,753.49
20080516,BK-M68S-46,776.62,3,2329.86
20080516,BK-R19B-44,201.5,3,604.5
20080516,BK-R19B-48,185.21,1,185.21
20080516,BK-R19B-52,242.2,1,242.2
20080516,BK-R19B-58,261.69,1,261.69
20080516,BK-R64Y-38,426.48,2,852.96
20080516,BK-R64Y-40,521.77,2,1043.54
20080516,BK-R64Y-44,436.75,1,436.75
20080516,BK-R64Y-48,418.19,1,418.19
20080516,BK-R79Y-42,542.33,1,542.33
20080516,BK-R79Y-44,727.49,1,727.49
20080516,BK-R79Y-48,623.17,1,623.17
20080516,BK-T18U-58,195.02,1,195.02
20080516,BK-T18Y-44,160.09,2,320.18
20080516,BK-T18Y-50,176.89,2,353.78
20080516,BK-T18Y-54,163.32,1,163.32
20080516,BK-T79U-46,819.64,4,3278.56
20080516,BK-T79Y-54,653.73,1,653.73
20080516,BK-T79Y-60,489.3,1,489.3
20080517,BK-M18B-44,191.26,1,191.26
20080517,BK-M18B-48,179.57,1,179.57
20080517,BK-M38S-42,322.44,1,322.44
20080517,BK-M68B-38,733.17,1,733.17
20080517,BK-M68B-42,718.54,1,718.54
20080517,BK-M68B-46,655.12,3,1965.3600000000001
20080517,BK-M68S-38,724.44,2,1448.88
20080517,BK-M68S-42,753.87,1,753.87
20080517,BK-M68S-46,776.39,1,776.39
20080517,BK-R19B-44,201.42,1,201.42
20080517,BK-R19B-52,242.18,1,242.18
20080517,BK-R19B-58,262.82,1,262.82
20080517,BK-R64Y-38,428.45,1,428.45
20080517,BK-R64Y-40,519.37,1,519.37
20080517,BK-R64Y-42,591.86,2,1183.72
20080517,BK-R64Y-44,434.96,1,434.96
20080517,BK-R64Y-48,419.57,3,1258.71
20080517,BK-R79Y-44,724.58,1,724.58
20080517,BK-R79Y-48,622.98,1,622.98
20080517,BK-R89B-44,1065.01,1,1065.01
20080517,BK-T18U-44,198.08,1,198.08
20080517,BK-T18Y-44,159.45,2,318.9
20080517,BK-T79U-46,819.64,1,819.64
20080517,BK-T79U-50,706.21,1,706.21
20080517,BK-T79U-60,654.25,1,654.25
20080517,BK-T79Y-60,487.01,1,487.01
20080518,BK-M18B-48,179.89,1,179.89
20080518,BK-M38S-38,339.04,2,678.08
20080518,BK-M38S-42,322.15,1,322.15
20080518,BK-M68B-38,732.51,2,1465.02
20080518,BK-M68B-42,717.75,1,717.75
20080518,BK-M68B-46,654.46,1,654.46
20080518,BK-M68S-42,754.02,1,754.02
20080518,BK-M68S-46,772.82,3,2318.46
20080518,BK-R19B-48,184.3,3,552.9000000000001
20080518,BK-R19B-52,242.06,1,242.06
20080518,BK-R19B-58,263.95,1,263.95
20080518,BK-R64Y-38,427.03,1,427.03
20080518,BK-R79Y-40,719.42,2,1438.84
20080518,BK-R79Y-42,542.0,1,542.0
20080518,BK-R79Y-44,726.9,1,726.9
20080518,BK-R79Y-48,625.22,2,1250.44
20080518,BK-R89R-58,1061.34,1,1061.34
20080518,BK-T18U-44,198.16,1,198.16
20080518,BK-T18U-62,211.29,1,211.29
20080518,BK-T44U-50,382.91,1,382.91
20080518,BK-T79U-46,822.68,1,822.68
20080518,BK-T79Y-54,649.43,1,649.43
20080519,BK-M18B-42,160.5,1,160.5
20080519,BK-M18B-48,179.58,1,179.58
20080519,BK-M18S-40,80.85,1,80.85
20080519,BK-M18S-48,72.13,1,72.13
20080519,BK-M38S-46,292.94,1,292.94
20080519,BK-M68B-38,729.8,1,729.8
20080519,BK-M68B-46,651.32,3,1953.96
20080519,BK-M68S-38,723.7,1,723.7
20080519,BK-M68S-42,751.83,2,1503.66
20080519,BK-R19B-44,201.14,1,201.14
20080519,BK-R19B-52,241.38,1,241.38
20080519,BK-R19B-58,264.87,1,264.87
20080519,BK-R64Y-38,428.19,1,428.19
20080519,BK-R64Y-44,436.31,1,436.31
20080519,BK-R64Y-48,419.02,1,419.02
20080519,BK-R79Y-40,717.48,2,1434.96
20080519,BK-R79Y-42,541.51,5,2707.55
20080519,BK-R79Y-44,726.32,1,726.32
20080519,BK-R79Y-48,624.16,4,2496.64
20080519,BK-R89B-44,1063.71,1,1063.71
20080519,BK-R89B-48,912.8,1,912.8
20080519,BK-R89B-58,945.54,1,945.54
20080519,BK-T18Y-50,175.99,1,175.99
20080519,BK-T44U-50,381.83,1,381.83
20080519,BK-T44U-54,379.6,1,379.6
20080519,BK-T79U-46,821.69,1,821.69
20080519,BK-T79Y-54,650.53,1,650.53
20080520,BK-M18B-48,179.23,1,179.23
20080520,BK-M38S-38,341.45,1,341.45
20080520,BK-M68B-38,729.8,2,1459.6
20080520,BK-M68B-42,718.32,1,718.32
20080520,BK-M68B-46,653.47,3,1960.41
20080520,BK-M68S-38,727.32,3,2181.96
20080520,BK-M68S-42,748.97,1,748.97
20080520,BK-M68S-46,770.65,4,3082.6
20080520,BK-R19B-44,201.32,3,603.96
20080520,BK-R19B-48,185.28,3,555.84
20080520,BK-R19B-52,241.69,1,241.69
20080520,BK-R19B-58,265.96,3,797.8799999999999
20080520,BK-R64Y-40,521.5,1,521.5
20080520,BK-R64Y-44,437.45,1,437.45
20080520,BK-R79Y-40,719.92,1,719.92
20080520,BK-R79Y-44,723.99,3,2171.9700000000003
20080520,BK-R79Y-48,622.1,2,1244.2
20080520,BK-R89B-48,909.7,1,909.7
20080520,BK-T18U-58,194.8,1,194.8
20080520,BK-T44U-46,414.25,1,414.25
20080520,BK-T79U-46,822.18,1,822.18
20080520,BK-T79U-50,706.13,1,706.13
20080520,BK-T79U-54,662.86,2,1325.72
20080520,BK-T79U-60,650.85,1,650.85
20080520,BK-T79Y-46,449.12,1,449.12
20080520,BK-T79Y-54,650.53,1,650.53
20080520,BK-T79Y-60,486.61,1,486.61
20080521,BK-M18B-40,202.94,1,202.94
20080521,BK-M18B-44,191.14,1,191.14
20080521,BK-M18S-40,81.08,1,81.08
20080521,BK-M68B-38,733.45,6,4400.700000000001
20080521,BK-M68S-38,730.67,2,1461.34
20080521,BK-M68S-42,748.97,1,748.97
20080521,BK-M68S-46,770.8,6,4624.799999999999
20080521,BK-R19B-44,201.2,3,603.5999999999999
20080521,BK-R19B-48,186.04,1,186.04
20080521,BK-R19B-52,240.8,1,240.8
20080521,BK-R64Y-38,428.22,1,428.22
20080521,BK-R64Y-44,435.87,1,435.87
20080521,BK-R64Y-48,418.01,2,836.02
20080521,BK-R79Y-40,720.56,1,720.56
20080521,BK-R79Y-48,619.05,2,1238.1
20080521,BK-T18U-58,195.02,1,195.02
20080521,BK-T18U-62,210.8,1,210.8
20080521,BK-T18Y-58,164.93,1,164.93
20080521,BK-T18Y-62,168.5,1,168.5
20080521,BK-T44U-50,381.87,1,381.87
20080521,BK-T44U-54,380.28,2,760.56
20080521,BK-T79U-60,650.01,2,1300.02
20080521,BK-T79Y-54,650.92,1,650.92
20080521,BK-T79Y-60,487.92,1,487.92
20080522,BK-M18B-48,178.7,1,178.7
20080522,BK-M38S-42,322.85,1,322.85
20080522,BK-M68B-42,717.88,1,717.88
20080522,BK-M68B-46,656.28,2,1312.56
20080522,BK-M68S-38,734.25,1,734.25
20080522,BK-M68S-42,749.05,1,749.05
20080522,BK-M68S-46,774.5,3,2323.5
20080522,BK-R19B-44,201.94,1,201.94
20080522,BK-R19B-48,185.22,2,370.44
20080522,BK-R64Y-40,520.61,1,520.61
20080522,BK-R64Y-42,594.63,1,594.63
20080522,BK-R64Y-44,437.96,1,437.96
20080522,BK-R64Y-48,418.85,2,837.7
20080522,BK-R79Y-44,723.55,2,1447.1
20080522,BK-R79Y-48,622.02,1,622.02
20080522,BK-T18U-58,194.59,1,194.59
20080522,BK-T79U-50,710.23,2,1420.46
20080522,BK-T79U-54,668.44,1,668.44
20080522,BK-T79Y-50,661.31,3,1983.9299999999998
20080522,BK-T79Y-54,651.7,3,1955.1000000000001
20080522,BK-T79Y-60,486.31,1,486.31
20080523,BK-M38S-40,271.12,1,271.12
20080523,BK-M38S-46,291.36,1,291.36
20080523,BK-M68S-38,734.98,1,734.98
20080523,BK-M68S-42,748.9,2,1497.8
20080523,BK-M68S-46,775.04,1,775.04
20080523,BK-R19B-44,202.06,4,808.24
20080523,BK-R19B-48,184.89,3,554.67
20080523,BK-R19B-52,241.76,3,725.28
20080523,BK-R19B-58,267.45,1,267.45
20080523,BK-R64Y-38,427.15,2,854.3
20080523,BK-R64Y-42,597.13,1,597.13
20080523,BK-R64Y-48,420.44,1,420.44
20080523,BK-R79Y-44,722.83,2,1445.66
20080523,BK-R79Y-48,619.91,2,1239.82
20080523,BK-R89B-48,913.7,1,913.7
20080523,BK-R89B-52,952.35,1,952.35
20080523,BK-R89B-58,940.34,1,940.34
20080523,BK-T18Y-54,164.4,1,164.4
20080523,BK-T18Y-62,167.36,1,167.36
20080523,BK-T44U-46,414.41,2,828.82
20080523,BK-T79U-46,823.73,1,823.73
20080523,BK-T79U-50,707.46,1,707.46
20080523,BK-T79U-54,666.04,2,1332.08
20080523,BK-T79U-60,646.57,1,646.57
20080523,BK-T79Y-46,452.86,3,1358.58
20080524,BK-M18B-48,178.15,1,178.15
20080524,BK-M18S-40,81.16,1,81.16
20080524,BK-M38S-40,270.9,1,270.9
20080524,BK-M38S-42,323.76,1,323.76
20080524,BK-M38S-46,291.88,1,291.88
20080524,BK-M68B-38,733.37,6,4400.22
20080524,BK-M68B-46,658.12,2,1316.24
20080524,BK-M68S-38,732.85,1,732.85
20080524,BK-M68S-42,745.23,1,745.23
20080524,BK-M68S-46,778.76,2,1557.52
20080524,BK-R19B-48,185.5,2,371.0
20080524,BK-R19B-58,267.18,2,534.36
20080524,BK-R64Y-38,425.53,2,851.06
20080524,BK-R64Y-42,594.92,1,594.92
20080524,BK-R64Y-48,421.15,1,421.15
20080524,BK-R79Y-44,720.08,1,720.08
20080524,BK-R79Y-48,618.61,1,618.61
20080524,BK-R89B-52,950.82,1,950.82
20080524,BK-T18Y-50,177.44,1,177.44
20080524,BK-T18Y-54,164.29,1,164.29
20080524,BK-T44U-54,379.71,1,379.71
20080524,BK-T79U-46,820.6,1,820.6
20080524,BK-T79U-54,666.63,1,666.63
20080524,BK-T79U-60,644.69,1,644.69
20080524,BK-T79Y-46,451.32,1,451.32
20080524,BK-T79Y-50,659.78,2,1319.56
20080524,BK-T79Y-60,484.66,1,484.66
20080525,BK-M18B-52,202.07,1,202.07
20080525,BK-M18S-40,81.26,1,81.26
20080525,BK-M18S-52,64.45,1,64.45
20080525,BK-M68B-38,736.67,2,1473.34
20080525,BK-M68B-42,723.93,1,723.93
20080525,BK-M68B-46,657.66,1,657.66
20080525,BK-M68S-42,744.86,4,2979.44
20080525,BK-R19B-44,202.3,1,202.3
20080525,BK-R19B-48,185.57,1,185.57
20080525,BK-R19B-52,240.89,1,240.89
20080525,BK-R19B-58,265.9,3,797.6999999999999
20080525,BK-R64Y-40,520.5,1,520.5
20080525,BK-R64Y-44,442.18,3,1326.54
20080525,BK-R64Y-48,422.76,3,1268.28
20080525,BK-R79Y-40,725.18,1,725.18
20080525,BK-R79Y-42,541.44,1,541.44
20080525,BK-R79Y-48,619.41,1,619.41
20080525,BK-R89B-44,1055.0,1,1055.0
20080525,BK-R89B-52,946.83,1,946.83
20080525,BK-R89B-58,939.86,2,1879.72
20080525,BK-R89R-58,1064.71,1,1064.71
20080525,BK-T44U-60,399.44,1,399.44
20080525,BK-T79U-50,702.17,1,702.17
20080525,BK-T79U-60,645.08,1,645.08
20080525,BK-T79Y-46,449.11,2,898.22
20080525,BK-T79Y-60,485.68,1,485.68
20080526,BK-M18S-48,72.75,1,72.75
20080526,BK-M18S-52,64.59,1,64.59
20080526,BK-M38S-42,322.59,1,322.59
20080526,BK-M38S-46,292.73,2,585.46
20080526,BK-M68B-38,734.02,2,1468.04
20080526,BK-M68B-42,724.07,1,724.07
20080526,BK-M68S-38,734.1,3,2202.3
20080526,BK-M68S-42,745.45,1,745.45
20080526,BK-M68S-46,775.57,2,1551.14
20080526,BK-R19B-58,265.02,1,265.02
20080526,BK-R64Y-40,518.31,1,518.31
20080526,BK-R64Y-42,597.12,1,597.12
20080526,BK-R79Y-40,727.71,1,727.71
20080526,BK-R79Y-44,720.66,2,1441.32
20080526,BK-T79U-46,817.64,1,817.64
20080526,BK-T79Y-46,448.48,2,896.96
20080526,BK-T79Y-50,661.1,1,661.1
20080526,BK-T79Y-54,655.03,1,655.03
20080527,BK-M38S-38,341.33,1,341.33
20080527,BK-M68B-38,731.82,1,731.82
20080527,BK-M68B-46,660.23,3,1980.69
20080527,BK-M68S-38,731.31,2,1462.62
20080527,BK-M68S-46,776.58,3,2329.7400000000002
20080527,BK-R19B-44,201.25,1,201.25
20080527,BK-R19B-58,264.62,1,264.62
20080527,BK-R64Y-38,423.65,1,423.65
20080527,BK-R64Y-40,518.0,1,518.0
20080527,BK-R64Y-42,599.93,2,1199.86
20080527,BK-R64Y-44,443.95,1,443.95
20080527,BK-R64Y-48,420.52,1,420.52
20080527,BK-R79Y-40,726.7,1,726.7
20080527,BK-R79Y-42,544.1,2,1088.2
20080527,BK-R79Y-44,720.8,2,1441.6
20080527,BK-R79Y-48,624.69,1,624.69
20080527,BK-T18U-54,168.3,1,168.3
20080527,BK-T18Y-50,176.0,1,176.0
20080527,BK-T44U-54,375.44,1,375.44
20080527,BK-T79U-54,662.71,2,1325.42
20080527,BK-T79Y-46,449.29,2,898.58
20080528,BK-M18S-42,66.46,1,66.46
20080528,BK-M18S-44,83.86,1,83.86
20080528,BK-M38S-38,341.06,1,341.06
20080528,BK-M38S-40,270.79,1,270.79
20080528,BK-M38S-46,291.12,1,291.12
20080528,BK-M68B-42,725.37,2,1450.74
20080528,BK-M68S-38,734.31,2,1468.62
20080528,BK-M68S-42,744.85,2,1489.7
20080528,BK-M68S-46,779.29,1,779.29
20080528,BK-R19B-44,201.71,3,605.13
20080528,BK-R19B-48,185.24,1,185.24
20080528,BK-R19B-52,240.33,1,240.33
20080528,BK-R64Y-40,519.76,2,1039.52
20080528,BK-R64Y-44,444.93,1,444.93
20080528,BK-R79Y-42,541.54,1,541.54
20080528,BK-R79Y-44,724.05,1,724.05
20080528,BK-R89B-44,1055.82,2,2111.64
20080528,BK-R89B-48,915.7,1,915.7
20080528,BK-R89B-52,945.97,1,945.97
20080528,BK-R89B-58,940.13,1,940.13
20080528,BK-R89R-58,1061.5,1,1061.5
20080528,BK-T44U-54,375.1,1,375.1
20080528,BK-T79Y-46,451.04,4,1804.16
20080528,BK-T79Y-54,655.03,1,655.03
20080529,BK-M38S-42,322.17,1,322.17
20080529,BK-M38S-46,292.4,1,292.4
20080529,BK-M68B-38,738.49,1,738.49
20080529,BK-M68B-42,726.24,1,726.24
20080529,BK-M68B-46,664.13,1,664.13
20080529,BK-M68S-38,736.21,2,1472.42
20080529,BK-M68S-42,743.14,2,1486.28
20080529,BK-M68S-46,782.8,1,782.8
20080529,BK-R19B-44,202.26,2,404.52
20080529,BK-R19B-48,186.13,3,558.39
20080529,BK-R19B-52,239.9,1,239.9
20080529,BK-R19B-58,263.8,1,263.8
20080529,BK-R64Y-38,423.86,1,423.86
20080529,BK-R64Y-42,601.43,1,601.43
20080529,BK-R64Y-48,422.28,1,422.28
20080529,BK-R79Y-40,726.55,4,2906.2
20080529,BK-R79Y-42,542.19,1,542.19
20080529,BK-R79Y-48,629.82,3,1889.46
20080529,BK-R89B-44,1050.75,1,1050.75
20080529,BK-R89B-52,942.66,1,942.66
20080529,BK-R89B-58,936.37,2,1872.74
20080529,BK-T44U-50,379.77,1,379.77
20080529,BK-T79U-46,816.73,1,816.73
20080529,BK-T79U-54,664.03,2,1328.06
20080529,BK-T79U-60,650.7,1,650.7
20080530,BK-M18B-40,204.06,1,204.06
20080530,BK-M18B-42,161.06,1,161.06
20080530,BK-M18B-44,190.42,1,190.42
20080530,BK-M18S-44,84.2,1,84.2
20080530,BK-M38S-38,340.65,1,340.65
20080530,BK-M38S-42,322.01,2,644.02
20080530,BK-M38S-46,291.38,1,291.38
20080530,BK-M68B-38,739.53,2,1479.06
20080530,BK-M68B-42,729.07,1,729.07
20080530,BK-M68B-46,663.8,3,1991.3999999999999
20080530,BK-M68S-38,737.54,1,737.54
20080530,BK-M68S-42,745.3,1,745.3
20080530,BK-R19B-44,202.58,1,202.58
20080530,BK-R19B-48,186.13,3,558.39
20080530,BK-R19B-52,240.55,2,481.1
20080530,BK-R19B-58,262.8,1,262.8
20080530,BK-R64Y-38,425.9,1,425.9
20080530,BK-R64Y-40,520.59,2,1041.18
20080530,BK-R79Y-44,723.32,1,723.32
20080530,BK-R89B-58,938.24,1,938.24
20080530,BK-T18U-44,197.12,1,197.12
20080530,BK-T79U-46,813.63,1,813.63
20080530,BK-T79U-50,701.59,1,701.59
20080530,BK-T79Y-60,487.47,1,487.47
20080531,BK-M68B-38,742.41,1,742.41
20080531,BK-M68B-42,727.03,3,2181.09
20080531,BK-M68B-46,665.72,2,1331.44
20080531,BK-M68S-38,738.13,3,2214.39
20080531,BK-M68S-42,745.82,3,2237.46
20080531,BK-M68S-46,786.25,3,2358.75
20080531,BK-R19B-44,203.11,5,1015.5500000000001
20080531,BK-R19B-52,239.54,1,239.54
20080531,BK-R19B-58,263.32,1,263.32
20080531,BK-R64Y-38,424.45,1,424.45
20080531,BK-R64Y-42,600.29,1,600.29
20080531,BK-R64Y-44,442.57,1,442.57
20080531,BK-R64Y-48,424.78,1,424.78
20080531,BK-R79Y-40,724.08,1,724.08
20080531,BK-R79Y-44,723.1,1,723.1
20080531,BK-R79Y-48,625.23,1,625.23
20080531,BK-R89B-48,912.48,1,912.48
20080531,BK-R89B-58,939.93,1,939.93
20080531,BK-T18U-62,208.34,1,208.34
20080531,BK-T18Y-44,159.39,1,159.39
20080531,BK-T18Y-58,165.84,1,165.84
20080531,BK-T44U-46,411.3,1,411.3
20080531,BK-T44U-50,379.35,1,379.35
20080531,BK-T44U-54,377.58,1,377.58
20080531,BK-T79U-46,812.73,1,812.73
20080531,BK-T79U-50,699.98,1,699.98
20080531,BK-T79Y-46,450.95,1,450.95
20080531,BK-T79Y-60,487.47,2,974.94
20080531,FR-R72Y-44,189.99,2,379.98
20080601,BK-M18B-40,205.14,18,3692.5199999999995
20080601,BK-M18B-42,160.94,19,3057.86
20080601,BK-M18B-44,191.0,21,4011.0
20080601,BK-M18B-48,176.85,33,5836.05
20080601,BK-M18B-52,202.88,24,4869.12
20080601,BK-M18S-40,81.41,30,2442.2999999999997
20080601,BK-M18S-42,66.42,40,2656.8
20080601,BK-M18S-44,83.77,22,1842.9399999999998
20080601,BK-M18S-48,72.75,39,2837.25
20080601,BK-M18S-52,64.4,48,3091.2000000000003
20080601,BK-M38S-38,340.44,22,7489.68
20080601,BK-M38S-40,271.08,28,7590.24
20080601,BK-M38S-42,320.91,28,8985.480000000001
20080601,BK-M38S-46,291.29,33,9612.570000000002
20080601,BK-M68B-38,739.59,122,90229.98000000001
20080601,BK-M68B-42,726.88,100,72688.0
20080601,BK-M68B-46,664.86,68,45210.48
20080601,BK-M68S-38,739.16,85,62828.6
20080601,BK-M68S-42,746.86,54,40330.44
20080601,BK-M68S-46,783.02,71,55594.42
20080601,BK-R19B-44,202.46,25,5061.5
20080601,BK-R19B-48,185.49,98,18178.02
20080601,BK-R19B-52,239.71,77,18457.670000000002
20080601,BK-R19B-58,263.64,55,14500.199999999999
20080601,BK-R64Y-38,424.15,58,24600.699999999997
20080601,BK-R64Y-40,519.97,42,21838.74
20080601,BK-R64Y-42,602.33,31,18672.23
20080601,BK-R64Y-44,441.81,17,7510.77
20080601,BK-R64Y-48,424.95,55,23372.25
20080601,BK-R79Y-40,724.3,81,58668.299999999996
20080601,BK-R79Y-42,546.15,69,37684.35
20080601,BK-R79Y-44,719.56,23,16549.879999999997
20080601,BK-R79Y-48,626.42,114,71411.87999999999
20080601,BK-R89B-44,1046.33,39,40806.869999999995
20080601,BK-R89B-48,914.31,49,44801.189999999995
20080601,BK-R89B-52,940.95,35,32933.25
20080601,BK-R89B-58,937.39,24,22497.36
20080601,BK-R89R-58,1053.97,23,24241.31
20080601,BK-T18U-44,195.74,21,4110.54
20080601,BK-T18U-50,165.18,81,13379.58
20080601,BK-T18U-54,168.48,66,11119.679999999998
20080601,BK-T18U-58,192.22,57,10956.539999999999
20080601,BK-T18U-62,209.01,36,7524.36
20080601,BK-T18Y-44,159.79,78,12463.619999999999
20080601,BK-T18Y-50,175.23,69,12090.869999999999
20080601,BK-T18Y-54,163.8,48,7862.400000000001
20080601,BK-T18Y-58,166.5,35,5827.5
20080601,BK-T18Y-62,165.95,73,12114.349999999999
20080601,BK-T44U-46,411.47,49,20162.030000000002
20080601,BK-T44U-50,380.76,25,9519.0
20080601,BK-T44U-54,379.32,96,36414.72
20080601,BK-T44U-60,397.86,64,25463.04
20080601,BK-T79U-46,816.8,94,76779.2
20080601,BK-T79U-50,698.37,53,37013.61
20080601,BK-T79U-54,669.09,37,24756.33
20080601,BK-T79U-60,654.55,80,52364.0
20080601,BK-T79Y-46,451.04,77,34730.08
20080601,BK-T79Y-50,663.6,59,39152.4
20080601,BK-T79Y-54,651.81,34,22161.539999999997
20080601,BK-T79Y-60,487.18,109,53102.62
20080601,FR-M21B-42,74.92,33,2472.36
20080601,FR-M21B-44,75.35,45,3390.7499999999995
20080601,FR-M21B-48,96.53,42,4054.26
20080601,FR-M21S-40,90.3,46,4153.8
20080601,FR-M21S-42,78.48,51,4002.48
20080601,FR-M21S-44,95.38,42,4005.96
20080601,FR-M21S-52,81.61,32,2611.52
20080601,FR-M63S-40,119.41,81,9672.21
20080601,FR-M63S-42,123.11,59,7263.49
20080601,FR-M63S-46,125.18,5,625.9000000000001
20080601,FR-M94B-38,396.87,33,13096.710000000001
20080601,FR-M94B-42,345.57,49,16932.93
20080601,FR-M94S-38,450.33,46,20715.18
20080601,FR-M94S-42,396.15,14,5546.099999999999
20080601,FR-M94S-46,472.48,35,16536.8
20080601,FR-R38B-44,124.31,1,124.31
20080601,FR-R38B-52,162.22,46,7462.12
20080601,FR-R38B-58,118.95,23,2735.85
20080601,FR-R72Y-38,211.97,25,5299.25
20080601,FR-R72Y-44,190.53,49,9335.97
20080601,FR-R72Y-48,250.98,40,10039.199999999999
20080601,FR-R92B-44,570.43,22,12549.46
20080601,FR-R92R-44,516.5,17,8780.5
20080601,FR-R92R-62,442.39,17,7520.63
20080601,FR-T67U-50,108.93,24,2614.32
20080601,FR-T67U-54,133.47,15,2002.05
20080601,FR-T67Y-44,110.69,17,1881.73
20080601,FR-T67Y-50,107.27,15,1609.05
20080601,FR-T67Y-62,114.43,36,4119.4800000000005
20080601,FR-T98U-46,353.86,12,4246.32
20080601,FR-T98U-50,320.55,17,5449.35
20080601,FR-T98U-54,302.71,66,19978.859999999997
20080601,FR-T98U-60,350.88,49,17193.12
20080601,FR-T98Y-46,330.9,5,1654.5
20080601,FR-T98Y-50,349.04,2,698.08
20080601,FR-T98Y-54,333.93,63,21037.59
20080601,FR-T98Y-60,285.91,52,14867.320000000002
20080602,BK-M18B-48,177.36,1,177.36
20080602,BK-M18S-40,81.32,1,81.32
20080602,BK-M38S-38,339.45,2,678.9
20080602,BK-M38S-40,270.35,1,270.35
20080602,BK-M38S-42,319.57,1,319.57
20080602,BK-M68B-42,724.48,1,724.48
20080602,BK-M68S-38,736.35,1,736.35
20080602,BK-M68S-42,746.79,1,746.79
20080602,BK-M68S-46,779.26,1,779.26
20080602,BK-R19B-44,203.43,2,406.86
20080602,BK-R19B-48,185.86,1,185.86
20080602,BK-R19B-58,264.9,1,264.9
20080602,BK-R64Y-42,603.59,1,603.59
20080602,BK-R79Y-40,727.7,1,727.7
20080602,BK-R79Y-44,719.34,1,719.34
20080602,BK-R79Y-48,627.67,3,1883.0099999999998
20080602,BK-R89B-48,914.4,1,914.4
20080602,BK-R89R-58,1057.24,1,1057.24
20080602,BK-T18U-62,209.18,1,209.18
20080602,BK-T18Y-58,165.97,1,165.97
20080602,BK-T44U-50,379.31,1,379.31
20080603,BK-M18B-48,178.16,1,178.16
20080603,BK-M18S-42,66.55,2,133.1
20080603,BK-M38S-38,339.52,1,339.52
20080603,BK-M38S-42,319.12,1,319.12
20080603,BK-M68B-42,724.85,3,2174.55
20080603,BK-M68S-38,734.59,2,1469.18
20080603,BK-M68S-42,746.04,4,2984.16
20080603,BK-M68S-46,776.46,2,1552.92
20080603,BK-R19B-44,202.47,2,404.94
20080603,BK-R19B-48,186.78,2,373.56
20080603,BK-R19B-52,238.7,3,716.0999999999999
20080603,BK-R19B-58,264.9,4,1059.6
20080603,BK-R64Y-38,425.0,2,850.0
20080603,BK-R64Y-40,518.98,2,1037.96
20080603,BK-R64Y-42,605.95,2,1211.9
20080603,BK-R64Y-44,441.23,2,882.46
20080603,BK-R79Y-40,726.75,1,726.75
20080603,BK-R79Y-42,547.85,1,547.85
20080603,BK-T18U-44,194.98,1,194.98
20080603,BK-T18U-62,208.9,1,208.9
20080603,BK-T18Y-54,163.57,1,163.57
20080603,BK-T44U-60,396.95,1,396.95
20080603,BK-T79U-46,811.98,1,811.98
20080603,BK-T79Y-46,452.53,1,452.53
20080604,BK-M18B-42,160.75,1,160.75
20080604,BK-M18S-42,66.49,1,66.49
20080604,BK-M38S-38,338.13,3,1014.39
20080604,BK-M38S-42,319.15,1,319.15
20080604,BK-M38S-46,291.49,1,291.49
20080604,BK-M68B-38,738.04,1,738.04
20080604,BK-M68S-38,735.69,1,735.69
20080604,BK-M68S-42,745.0,2,1490.0
20080604,BK-R19B-44,202.39,1,202.39
20080604,BK-R19B-58,265.91,2,531.82
20080604,BK-R64Y-40,517.47,1,517.47
20080604,BK-R64Y-44,442.16,2,884.32
20080604,BK-R79Y-40,729.73,1,729.73
20080604,BK-R79Y-42,549.93,2,1099.86
20080604,BK-R79Y-44,717.97,1,717.97
20080604,BK-R79Y-48,624.97,1,624.97
20080604,BK-R89B-52,934.37,1,934.37
20080604,BK-T18U-62,208.15,1,208.15
20080604,BK-T18Y-44,159.52,1,159.52
20080604,BK-T18Y-62,166.12,1,166.12
20080604,BK-T79U-50,698.08,1,698.08
20080604,BK-T79U-60,651.47,1,651.47
20080604,BK-T79Y-46,453.21,1,453.21
20080604,BK-T79Y-50,659.23,1,659.23
20080604,BK-T79Y-54,645.45,2,1290.9
20080605,BK-M18S-40,81.53,1,81.53
20080605,BK-M18S-42,66.4,1,66.4
20080605,BK-M38S-46,290.12,1,290.12
20080605,BK-M68B-38,739.51,1,739.51
20080605,BK-M68B-42,724.92,1,724.92
20080605,BK-M68B-46,664.12,1,664.12
20080605,BK-M68S-38,733.7,3,2201.1000000000004
20080605,BK-M68S-42,745.59,1,745.59
20080605,BK-M68S-46,773.97,3,2321.91
20080605,BK-R19B-44,202.43,1,202.43
20080605,BK-R19B-48,188.25,1,188.25
20080605,BK-R19B-52,240.57,2,481.14
20080605,BK-R64Y-40,518.41,2,1036.82
20080605,BK-R64Y-42,604.97,1,604.97
20080605,BK-R79Y-44,719.12,2,1438.24
20080605,BK-R79Y-48,627.35,1,627.35
20080605,BK-R89B-44,1031.76,1,1031.76
20080605,BK-R89B-48,915.57,2,1831.14
20080605,BK-T18U-50,165.67,1,165.67
20080605,BK-T18Y-44,159.01,1,159.01
20080605,BK-T18Y-62,166.9,2,333.8
20080605,BK-T44U-46,411.09,2,822.18
20080605,BK-T79U-50,697.11,2,1394.22
20080605,BK-T79U-60,649.91,2,1299.82
20080605,BK-T79Y-50,659.49,1,659.49
20080605,BK-T79Y-60,487.17,1,487.17
20080606,BK-M18S-52,64.37,1,64.37
20080606,BK-M38S-38,335.83,1,335.83
20080606,BK-M38S-46,289.83,1,289.83
20080606,BK-M68B-38,738.11,3,2214.33
20080606,BK-M68B-42,723.76,1,723.76
20080606,BK-M68B-46,661.53,6,3969.18
20080606,BK-M68S-38,736.34,3,2209.02
20080606,BK-M68S-42,746.41,1,746.41
20080606,BK-M68S-46,773.66,1,773.66
20080606,BK-R19B-44,201.99,3,605.97
20080606,BK-R19B-48,187.54,2,375.08
20080606,BK-R19B-52,240.83,2,481.66
20080606,BK-R19B-58,265.56,3,796.6800000000001
20080606,BK-R64Y-40,520.32,2,1040.64
20080606,BK-R64Y-48,425.83,3,1277.49
20080606,BK-R79Y-42,550.25,1,550.25
20080606,BK-R79Y-44,719.19,3,2157.57
20080606,BK-R79Y-48,629.11,2,1258.22
20080606,BK-R89B-48,917.13,1,917.13
20080606,BK-R89B-52,940.45,1,940.45
20080606,BK-R89B-58,933.62,1,933.62
20080606,BK-T18U-44,195.06,1,195.06
20080606,BK-T18Y-44,159.37,1,159.37
20080606,BK-T18Y-54,163.36,1,163.36
20080606,BK-T18Y-62,167.01,1,167.01
20080606,BK-T44U-50,381.74,1,381.74
20080606,BK-T79U-46,814.09,1,814.09
20080606,BK-T79Y-46,451.98,2,903.96
20080606,BK-T79Y-54,642.86,1,642.86
20080607,BK-M18B-42,161.75,2,323.5
20080607,BK-M18S-44,84.39,1,84.39
20080607,BK-M38S-38,335.43,1,335.43
20080607,BK-M38S-42,318.41,1,318.41
20080607,BK-M68B-38,734.64,4,2938.56
20080607,BK-M68B-42,721.3,3,2163.8999999999996
20080607,BK-M68B-46,663.97,3,1991.91
20080607,BK-M68S-38,736.64,3,2209.92
20080607,BK-M68S-42,747.01,2,1494.02
20080607,BK-M68S-46,774.9,2,1549.8
20080607,BK-R19B-48,186.84,2,373.68
20080607,BK-R19B-52,240.85,2,481.7
20080607,BK-R19B-58,266.6,2,533.2
20080607,BK-R64Y-38,424.82,1,424.82
20080607,BK-R64Y-48,427.11,2,854.22
20080607,BK-R79Y-40,732.72,1,732.72
20080607,BK-R79Y-42,548.54,1,548.54
20080607,BK-R79Y-44,720.77,2,1441.54
20080607,BK-R89B-44,1027.73,1,1027.73
20080607,BK-R89B-48,916.03,1,916.03
20080607,BK-T18Y-54,163.26,1,163.26
20080607,BK-T44U-46,413.8,1,413.8
20080607,BK-T44U-50,383.27,1,383.27
20080607,BK-T44U-54,377.31,1,377.31
20080607,BK-T44U-60,397.74,1,397.74
20080607,BK-T79U-46,810.18,1,810.18
20080607,BK-T79U-50,695.99,3,2087.9700000000003
20080607,BK-T79U-54,671.41,1,671.41
20080607,BK-T79U-60,653.94,2,1307.88
20080607,BK-T79Y-46,451.12,1,451.12
20080608,BK-M18B-44,192.89,1,192.89
20080608,BK-M18B-48,177.93,1,177.93
20080608,BK-M38S-38,334.73,1,334.73
20080608,BK-M38S-40,268.08,1,268.08
20080608,BK-M68B-38,731.11,1,731.11
20080608,BK-M68B-42,719.64,3,2158.92
20080608,BK-M68S-38,733.77,1,733.77
20080608,BK-M68S-42,744.69,2,1489.38
20080608,BK-M68S-46,775.9,2,1551.8
20080608,BK-R19B-44,203.24,1,203.24
20080608,BK-R19B-48,186.0,1,186.0
20080608,BK-R19B-52,240.16,1,240.16
20080608,BK-R19B-58,267.05,2,534.1
20080608,BK-R64Y-38,425.67,1,425.67
20080608,BK-R64Y-40,522.56,1,522.56
20080608,BK-R64Y-42,610.62,2,1221.24
20080608,BK-R64Y-44,445.75,1,445.75
20080608,BK-R79Y-40,729.94,2,1459.88
20080608,BK-R79Y-42,551.28,1,551.28
20080608,BK-R79Y-44,724.16,1,724.16
20080608,BK-R79Y-48,625.52,4,2502.08
20080608,BK-R89B-52,939.23,1,939.23
20080608,BK-R89B-58,934.91,1,934.91
20080608,BK-T18U-50,166.1,1,166.1
20080608,BK-T18U-58,193.54,1,193.54
20080608,BK-T79U-54,670.0,1,670.0
20080608,BK-T79Y-54,641.64,1,641.64
20080608,BK-T79Y-60,486.92,1,486.92
20080609,BK-M18B-42,161.18,1,161.18
20080609,BK-M38S-38,334.29,1,334.29
20080609,BK-M38S-40,267.6,1,267.6
20080609,BK-M38S-42,318.73,1,318.73
20080609,BK-M68B-42,720.86,4,2883.44
20080609,BK-M68B-46,668.83,2,1337.66
20080609,BK-M68S-42,743.87,3,2231.61
20080609,BK-M68S-46,774.82,1,774.82
20080609,BK-R19B-44,203.83,1,203.83
20080609,BK-R19B-48,185.78,2,371.56
20080609,BK-R19B-52,239.63,2,479.26
20080609,BK-R19B-58,267.77,2,535.54
20080609,BK-R64Y-38,426.06,1,426.06
20080609,BK-R64Y-42,613.06,3,1839.1799999999998
20080609,BK-R64Y-44,444.41,3,1333.23
20080609,BK-R79Y-40,728.62,1,728.62
20080609,BK-R79Y-42,551.95,1,551.95
20080609,BK-R79Y-44,723.94,1,723.94
20080609,BK-R79Y-48,627.28,2,1254.56
20080609,BK-T44U-50,383.88,1,383.88
20080609,BK-T44U-54,378.21,1,378.21
20080609,BK-T79U-50,697.66,1,697.66
20080609,BK-T79Y-46,448.87,1,448.87
20080609,BK-T79Y-50,659.62,1,659.62
20080609,BK-T79Y-54,639.46,2,1278.92
20080610,BK-M18B-44,194.24,1,194.24
20080610,BK-M18B-52,200.87,1,200.87
20080610,BK-M38S-38,334.09,1,334.09
20080610,BK-M38S-40,268.27,1,268.27
20080610,BK-M68B-38,730.38,3,2191.14
20080610,BK-M68B-42,722.09,2,1444.18
20080610,BK-M68B-46,670.97,2,1341.94
20080610,BK-M68S-38,730.98,1,730.98
20080610,BK-M68S-46,774.59,4,3098.36
20080610,BK-R19B-48,185.33,1,185.33
20080610,BK-R19B-52,239.77,1,239.77
20080610,BK-R64Y-40,523.76,1,523.76
20080610,BK-R64Y-42,614.29,2,1228.58
20080610,BK-R64Y-44,446.14,2,892.28
20080610,BK-R79Y-42,550.9,2,1101.8
20080610,BK-R79Y-44,725.39,1,725.39
20080610,BK-R89B-48,916.48,1,916.48
20080610,BK-T18U-54,169.61,1,169.61
20080610,BK-T18U-58,193.36,1,193.36
20080610,BK-T44U-46,412.31,1,412.31
20080610,BK-T44U-50,385.41,1,385.41
20080610,BK-T79U-50,694.8,1,694.8
20080610,BK-T79U-54,674.57,1,674.57
20080610,BK-T79U-60,655.71,1,655.71
20080611,BK-M18B-48,178.23,1,178.23
20080611,BK-M18B-52,199.92,2,399.84
20080611,BK-M18S-40,80.86,1,80.86
20080611,BK-M18S-48,71.83,2,143.66
20080611,BK-M18S-52,64.6,1,64.6
20080611,BK-M38S-38,335.53,2,671.06
20080611,BK-M38S-40,268.64,1,268.64
20080611,BK-M38S-42,320.04,1,320.04
20080611,BK-M38S-46,290.58,1,290.58
20080611,BK-M68B-38,727.97,3,2183.91
20080611,BK-M68B-42,720.64,3,2161.92
20080611,BK-M68B-46,668.62,2,1337.24
20080611,BK-M68S-38,730.91,5,3654.5499999999997
20080611,BK-M68S-42,743.57,2,1487.14
20080611,BK-M68S-46,774.66,2,1549.32
20080611,BK-R19B-44,203.06,2,406.12
20080611,BK-R19B-48,185.97,1,185.97
20080611,BK-R19B-52,238.76,4,955.04
20080611,BK-R19B-58,267.21,1,267.21
20080611,BK-R64Y-40,524.65,1,524.65
20080611,BK-R64Y-42,611.83,1,611.83
20080611,BK-R64Y-48,425.06,1,425.06
20080611,BK-R79Y-40,734.03,2,1468.06
20080611,BK-R79Y-48,624.96,1,624.96
20080611,BK-R89B-58,931.09,1,931.09
20080611,BK-R89R-58,1046.23,2,2092.46
20080611,BK-T18U-58,192.86,1,192.86
20080611,BK-T18Y-54,162.3,1,162.3
20080611,BK-T79U-54,676.46,2,1352.92
20080611,BK-T79Y-46,446.71,1,446.71
20080612,BK-M18B-40,202.62,1,202.62
20080612,BK-M18B-52,200.02,1,200.02
20080612,BK-M18S-44,84.57,1,84.57
20080612,BK-M38S-38,336.1,1,336.1
20080612,BK-M38S-40,267.51,1,267.51
20080612,BK-M68B-38,727.75,3,2183.25
20080612,BK-M68S-38,731.2,3,2193.6000000000004
20080612,BK-M68S-42,744.62,1,744.62
20080612,BK-R19B-44,202.37,2,404.74
20080612,BK-R19B-52,238.55,2,477.1
20080612,BK-R64Y-42,612.56,1,612.56
20080612,BK-R79Y-40,736.67,2,1473.34
20080612,BK-R79Y-44,732.01,1,732.01
20080612,BK-T18Y-44,160.27,1,160.27
20080612,BK-T79U-46,800.5,2,1601.0
20080612,BK-T79U-50,693.41,1,693.41
20080612,BK-T79U-54,674.22,3,2022.66
20080612,BK-T79Y-46,445.06,2,890.12
20080612,BK-T79Y-54,639.39,1,639.39
20080612,BK-T79Y-60,488.04,1,488.04
20080613,BK-M18B-44,194.61,1,194.61
20080613,BK-M18S-52,64.38,1,64.38
20080613,BK-M38S-42,318.54,1,318.54
20080613,BK-M68B-38,725.86,1,725.86
20080613,BK-M68B-46,672.7,1,672.7
20080613,BK-M68S-38,734.2,3,2202.6000000000004
20080613,BK-R19B-44,201.96,1,201.96
20080613,BK-R19B-52,239.22,3,717.66
20080613,BK-R19B-58,269.81,2,539.62
20080613,BK-R64Y-38,425.2,1,425.2
20080613,BK-R64Y-42,612.81,2,1225.62
20080613,BK-R64Y-48,424.46,1,424.46
20080613,BK-R79Y-40,738.58,1,738.58
20080613,BK-R79Y-42,553.65,1,553.65
20080613,BK-R79Y-44,729.96,1,729.96
20080613,BK-R79Y-48,626.9,2,1253.8
20080613,BK-R89B-52,934.52,1,934.52
20080613,BK-T18U-62,204.96,1,204.96
20080613,BK-T18Y-58,167.37,1,167.37
20080613,BK-T44U-46,413.8,1,413.8
20080613,BK-T44U-50,383.45,1,383.45
20080613,BK-T79U-46,796.58,2,1593.16
20080613,BK-T79Y-46,445.15,1,445.15
20080613,BK-T79Y-50,658.23,1,658.23
20080613,BK-T79Y-54,642.52,2,1285.04
20080613,BK-T79Y-60,489.99,2,979.98
20080614,BK-M18S-42,66.66,1,66.66
20080614,BK-M38S-40,267.46,2,534.92
20080614,BK-M38S-42,319.87,4,1279.48
20080614,BK-M68B-38,727.09,4,2908.36
20080614,BK-M68B-42,719.12,5,3595.6
20080614,BK-M68B-46,675.19,1,675.19
20080614,BK-M68S-38,732.14,3,2196.42
20080614,BK-M68S-42,743.5,1,743.5
20080614,BK-M68S-46,777.14,1,777.14
20080614,BK-R19B-44,201.36,3,604.08
20080614,BK-R19B-58,268.59,1,268.59
20080614,BK-R64Y-38,423.24,1,423.24
20080614,BK-R64Y-40,528.49,2,1056.98
20080614,BK-R64Y-44,451.11,1,451.11
20080614,BK-R64Y-48,424.63,4,1698.52
20080614,BK-R79Y-40,736.22,8,5889.76
20080614,BK-R79Y-42,552.65,4,2210.6
20080614,BK-R79Y-44,730.1,3,2190.3
20080614,BK-R89B-58,933.22,1,933.22
20080614,BK-T18U-44,194.82,1,194.82
20080614,BK-T18U-62,205.27,1,205.27
20080614,BK-T44U-46,412.35,1,412.35
20080614,BK-T44U-50,383.91,1,383.91
20080614,BK-T44U-54,381.28,1,381.28
20080614,BK-T44U-60,399.24,2,798.48
20080614,BK-T79Y-46,446.44,1,446.44
20080614,BK-T79Y-50,657.77,1,657.77
20080615,BK-M18B-40,202.38,1,202.38
20080615,BK-M18B-48,177.75,1,177.75
20080615,BK-M18B-52,198.45,1,198.45
20080615,BK-M18S-52,63.98,1,63.98
20080615,BK-M38S-40,267.16,1,267.16
20080615,BK-M38S-46,292.85,1,292.85
20080615,BK-M68B-38,725.2,2,1450.4
20080615,BK-M68B-42,719.19,3,2157.57
20080615,BK-M68B-46,676.41,2,1352.82
20080615,BK-M68S-42,743.57,1,743.57
20080615,BK-M68S-46,774.65,2,1549.3
20080615,BK-R19B-44,200.73,1,200.73
20080615,BK-R19B-48,185.42,1,185.42
20080615,BK-R19B-52,239.36,1,239.36
20080615,BK-R19B-58,268.97,1,268.97
20080615,BK-R64Y-38,422.78,2,845.56
20080615,BK-R64Y-40,528.86,1,528.86
20080615,BK-R64Y-42,612.25,1,612.25
20080615,BK-R64Y-44,450.21,1,450.21
20080615,BK-R79Y-40,733.35,1,733.35
20080615,BK-R79Y-44,732.44,1,732.44
20080615,BK-R79Y-48,624.64,1,624.64
20080615,BK-T18U-50,165.87,1,165.87
20080615,BK-T18U-54,167.36,1,167.36
20080615,BK-T18Y-44,160.49,1,160.49
20080615,BK-T44U-54,381.58,1,381.58
20080615,BK-T79U-46,794.58,2,1589.16
20080615,BK-T79U-50,690.36,1,690.36
20080615,BK-T79Y-50,660.53,4,2642.12
20080615,BK-T79Y-60,491.41,1,491.41
20080616,BK-M18B-48,177.11,1,177.11
20080616,BK-M38S-38,336.29,1,336.29
20080616,BK-M38S-42,319.27,1,319.27
20080616,BK-M68B-38,726.29,2,1452.58
20080616,BK-M68B-42,718.91,1,718.91
20080616,BK-M68B-46,678.84,2,1357.68
20080616,BK-M68S-42,746.33,2,1492.66
20080616,BK-M68S-46,773.57,2,1547.14
20080616,BK-R19B-48,185.7,1,185.7
20080616,BK-R19B-52,238.95,3,716.8499999999999
20080616,BK-R64Y-38,423.37,2,846.74
20080616,BK-R64Y-44,451.52,1,451.52
20080616,BK-R79Y-40,736.72,3,2210.16
20080616,BK-R79Y-42,550.33,1,550.33
20080616,BK-R79Y-48,625.27,1,625.27
20080616,BK-T18U-58,191.47,2,382.94
20080616,BK-T18Y-44,160.52,1,160.52
20080616,BK-T44U-46,412.22,1,412.22
20080616,BK-T44U-50,383.87,2,767.74
20080616,BK-T44U-60,398.68,1,398.68
20080616,BK-T79U-50,692.15,1,692.15
20080616,BK-T79U-54,669.84,2,1339.68
20080616,BK-T79Y-46,449.08,1,449.08
20080616,BK-T79Y-60,493.48,1,493.48
20080617,BK-M18B-42,159.16,1,159.16
20080617,BK-M18B-48,177.28,1,177.28
20080617,BK-M18S-40,81.14,1,81.14
20080617,BK-M18S-44,83.63,1,83.63
20080617,BK-M18S-48,72.33,1,72.33
20080617,BK-M38S-38,336.09,1,336.09
20080617,BK-M38S-40,267.59,1,267.59
20080617,BK-M68B-42,722.21,1,722.21
20080617,BK-M68B-46,681.9,1,681.9
20080617,BK-M68S-38,730.89,6,4385.34
20080617,BK-M68S-42,749.98,1,749.98
20080617,BK-M68S-46,770.71,3,2312.13
20080617,BK-R19B-44,199.11,3,597.33
20080617,BK-R19B-48,186.05,3,558.1500000000001
20080617,BK-R19B-52,239.74,2,479.48
20080617,BK-R19B-58,269.53,2,539.06
20080617,BK-R64Y-42,614.02,2,1228.04
20080617,BK-R79Y-40,734.14,1,734.14
20080617,BK-R79Y-42,550.55,3,1651.6499999999999
20080617,BK-R89B-48,905.34,1,905.34
20080617,BK-T18Y-44,160.28,2,320.56
20080617,BK-T44U-50,382.8,1,382.8
20080617,BK-T44U-54,381.65,1,381.65
20080617,BK-T79U-46,788.24,2,1576.48
20080617,BK-T79U-60,658.99,1,658.99
20080617,BK-T79Y-60,495.45,3,1486.35
20080618,BK-M18B-44,194.08,1,194.08
20080618,BK-M18B-52,197.28,1,197.28
20080618,BK-M18S-48,72.66,1,72.66
20080618,BK-M38S-42,320.54,1,320.54
20080618,BK-M38S-46,295.16,3,885.48
20080618,BK-M68B-38,727.73,1,727.73
20080618,BK-M68B-42,718.96,1,718.96
20080618,BK-M68B-46,679.92,2,1359.84
20080618,BK-M68S-38,729.21,2,1458.42
20080618,BK-M68S-42,752.08,2,1504.16
20080618,BK-M68S-46,767.39,1,767.39
20080618,BK-R19B-44,200.0,2,400.0
20080618,BK-R19B-58,270.02,1,270.02
20080618,BK-R64Y-38,421.51,1,421.51
20080618,BK-R64Y-42,612.73,2,1225.46
20080618,BK-R64Y-48,423.39,1,423.39
20080618,BK-R79Y-42,548.07,2,1096.14
20080618,BK-R79Y-44,732.57,3,2197.71
20080618,BK-R79Y-48,627.71,1,627.71
20080618,BK-R89R-58,1045.04,1,1045.04
20080618,BK-T18Y-44,160.02,2,320.04
20080618,BK-T18Y-62,166.49,1,166.49
20080618,BK-T44U-50,381.69,1,381.69
20080618,BK-T79U-54,670.38,1,670.38
20080618,BK-T79U-60,661.95,1,661.95
20080618,BK-T79Y-54,643.59,1,643.59
20080619,BK-M38S-40,269.06,1,269.06
20080619,BK-M38S-42,320.16,1,320.16
20080619,BK-M38S-46,296.34,2,592.68
20080619,BK-M68B-38,727.15,2,1454.3
20080619,BK-M68B-42,719.75,3,2159.25
20080619,BK-M68B-46,680.19,1,680.19
20080619,BK-M68S-38,730.37,1,730.37
20080619,BK-M68S-42,755.39,2,1510.78
20080619,BK-M68S-46,769.31,1,769.31
20080619,BK-R19B-44,200.77,1,200.77
20080619,BK-R19B-48,186.85,2,373.7
20080619,BK-R19B-52,238.99,1,238.99
20080619,BK-R19B-58,271.15,2,542.3
20080619,BK-R64Y-38,420.54,1,420.54
20080619,BK-R64Y-40,526.58,2,1053.16
20080619,BK-R64Y-44,447.42,2,894.84
20080619,BK-R64Y-48,424.03,1,424.03
20080619,BK-R79Y-40,738.41,2,1476.82
20080619,BK-R79Y-48,629.09,2,1258.18
20080619,BK-R89B-52,934.59,1,934.59
20080619,BK-T18U-54,169.41,2,338.82
20080619,BK-T44U-46,411.6,2,823.2
20080619,BK-T44U-50,379.82,2,759.64
20080619,BK-T79U-50,695.75,2,1391.5
20080619,BK-T79U-54,671.45,1,671.45
20080619,BK-T79Y-46,450.96,1,450.96
20080619,BK-T79Y-50,657.36,2,1314.72
20080619,BK-T79Y-54,646.1,1,646.1
20080620,BK-M18S-52,64.01,1,64.01
20080620,BK-M38S-42,321.09,1,321.09
20080620,BK-M68B-38,723.95,2,1447.9
20080620,BK-M68B-42,717.31,2,1434.62
20080620,BK-M68B-46,681.15,3,2043.4499999999998
20080620,BK-M68S-38,727.09,1,727.09
20080620,BK-M68S-42,754.71,2,1509.42
20080620,BK-M68S-46,773.0,1,773.0
20080620,BK-R19B-44,200.99,2,401.98
20080620,BK-R19B-48,186.52,1,186.52
20080620,BK-R19B-52,239.71,1,239.71
20080620,BK-R19B-58,272.21,3,816.6299999999999
20080620,BK-R64Y-38,420.83,1,420.83
20080620,BK-R64Y-42,612.3,1,612.3
20080620,BK-R64Y-44,447.64,2,895.28
20080620,BK-R64Y-48,423.86,1,423.86
20080620,BK-R79Y-40,738.92,1,738.92
20080620,BK-R79Y-44,735.06,2,1470.12
20080620,BK-R79Y-48,626.44,1,626.44
20080620,BK-R89B-44,1056.12,1,1056.12
20080620,BK-R89R-58,1043.57,1,1043.57
20080620,BK-T18U-44,199.01,1,199.01
20080620,BK-T18U-50,166.03,4,664.12
20080620,BK-T18U-62,206.17,1,206.17
20080620,BK-T79U-46,789.25,1,789.25
20080620,BK-T79U-60,662.8,1,662.8
20080620,BK-T79Y-46,451.55,1,451.55
20080620,BK-T79Y-50,659.79,2,1319.58
20080621,BK-M18S-44,84.31,1,84.31
20080621,BK-M38S-38,335.08,1,335.08
20080621,BK-M38S-40,270.08,1,270.08
20080621,BK-M38S-42,321.18,2,642.36
20080621,BK-M68B-42,716.45,4,2865.8
20080621,BK-M68B-46,680.94,1,680.94
20080621,BK-M68S-38,727.23,3,2181.69
20080621,BK-M68S-42,754.64,1,754.64
20080621,BK-M68S-46,772.69,1,772.69
20080621,BK-R19B-44,201.93,2,403.86
20080621,BK-R19B-48,186.33,2,372.66
20080621,BK-R19B-52,238.58,4,954.32
20080621,BK-R64Y-38,420.24,2,840.48
20080621,BK-R64Y-40,526.2,2,1052.4
20080621,BK-R79Y-40,738.26,1,738.26
20080621,BK-R79Y-42,545.34,2,1090.68
20080621,BK-R79Y-44,733.45,3,2200.3500000000004
20080621,BK-R79Y-48,628.64,3,1885.92
20080621,BK-R89B-52,941.24,2,1882.48
20080621,BK-T18U-50,165.38,1,165.38
20080621,BK-T44U-54,384.56,3,1153.68
20080621,BK-T79U-50,696.1,1,696.1
20080621,BK-T79U-60,665.85,1,665.85
20080621,BK-T79Y-46,453.76,2,907.52
20080621,BK-T79Y-54,642.1,3,1926.3000000000002
20080621,BK-T79Y-60,498.13,1,498.13
20080622,BK-M18S-44,84.16,1,84.16
20080622,BK-M18S-48,72.78,1,72.78
20080622,BK-M38S-42,320.28,1,320.28
20080622,BK-M68B-38,728.96,1,728.96
20080622,BK-M68B-42,714.87,2,1429.74
20080622,BK-M68B-46,682.37,2,1364.74
20080622,BK-M68S-38,725.78,4,2903.12
20080622,BK-M68S-42,755.62,5,3778.1
20080622,BK-M68S-46,772.39,2,1544.78
20080622,BK-R19B-44,201.85,2,403.7
20080622,BK-R19B-58,271.31,1,271.31
20080622,BK-R64Y-40,525.04,1,525.04
20080622,BK-R64Y-42,608.02,4,2432.08
20080622,BK-R79Y-40,739.0,1,739.0
20080622,BK-R79Y-42,544.08,1,544.08
20080622,BK-R89B-44,1060.98,1,1060.98
20080622,BK-T18U-58,190.53,1,190.53
20080622,BK-T18U-62,204.3,1,204.3
20080622,BK-T79U-46,793.59,1,793.59
20080622,BK-T79U-54,671.78,1,671.78
20080622,BK-T79U-60,664.92,1,664.92
20080622,BK-T79Y-50,659.78,1,659.78
20080623,BK-M38S-42,321.18,2,642.36
20080623,BK-M38S-46,293.83,1,293.83
20080623,BK-M68B-38,726.99,1,726.99
20080623,BK-M68B-42,716.37,1,716.37
20080623,BK-M68B-46,685.58,1,685.58
20080623,BK-M68S-38,723.6,1,723.6
20080623,BK-R19B-44,201.0,3,603.0
20080623,BK-R19B-52,237.37,3,712.11
20080623,BK-R19B-58,270.61,3,811.83
20080623,BK-R64Y-40,526.78,1,526.78
20080623,BK-R64Y-42,610.03,1,610.03
20080623,BK-R79Y-42,544.03,1,544.03
20080623,BK-R79Y-44,739.99,1,739.99
20080623,BK-T44U-46,413.86,1,413.86
20080623,BK-T44U-60,399.99,1,399.99
20080623,BK-T79U-50,697.41,1,697.41
20080623,BK-T79U-54,669.23,1,669.23
20080623,BK-T79Y-46,451.18,2,902.36
20080623,BK-T79Y-50,660.97,2,1321.94
20080623,BK-T79Y-54,644.68,2,1289.36
20080623,BK-T79Y-60,500.47,1,500.47
20080624,BK-M18B-48,177.44,1,177.44
20080624,BK-M38S-40,270.13,1,270.13
20080624,BK-M68B-38,725.61,4,2902.44
20080624,BK-M68B-42,716.44,2,1432.88
20080624,BK-M68S-38,724.4,1,724.4
20080624,BK-M68S-42,754.25,2,1508.5
20080624,BK-M68S-46,767.99,2,1535.98
20080624,BK-R19B-44,201.95,2,403.9
20080624,BK-R19B-52,238.01,2,476.02
20080624,BK-R19B-58,269.9,3,809.6999999999999
20080624,BK-R64Y-44,448.93,1,448.93
20080624,BK-R79Y-42,545.44,4,2181.76
20080624,BK-R79Y-48,634.12,1,634.12
20080624,BK-T18U-44,198.55,1,198.55
20080624,BK-T18U-50,163.35,1,163.35
20080624,BK-T18Y-50,173.77,1,173.77
20080624,BK-T44U-60,399.11,1,399.11
20080624,BK-T79U-54,667.96,1,667.96
20080624,BK-T79Y-46,452.67,1,452.67
20080624,BK-T79Y-50,661.3,3,1983.8999999999999
20080624,BK-T79Y-54,646.93,2,1293.86
20080624,BK-T79Y-60,500.52,1,500.52
20080625,BK-M18B-42,158.04,2,316.08
20080625,BK-M68B-42,716.16,3,2148.48
20080625,BK-M68B-46,687.97,3,2063.91
20080625,BK-M68S-38,725.55,3,2176.6499999999996
20080625,BK-M68S-46,764.99,2,1529.98
20080625,BK-R19B-44,201.72,1,201.72
20080625,BK-R19B-52,239.15,3,717.45
20080625,BK-R64Y-44,451.18,2,902.36
20080625,BK-R64Y-48,428.71,2,857.42
20080625,BK-R79Y-42,544.41,3,1633.23
20080625,BK-R79Y-44,742.5,2,1485.0
20080625,BK-R79Y-48,634.31,1,634.31
20080625,BK-R89B-44,1054.84,1,1054.84
20080625,BK-R89B-48,903.78,1,903.78
20080625,BK-R89R-58,1031.4,2,2062.8
20080625,BK-T18U-50,163.67,1,163.67
20080625,BK-T18U-62,205.09,1,205.09
20080625,BK-T18Y-50,174.08,1,174.08
20080625,BK-T44U-60,399.15,1,399.15
20080625,BK-T79U-46,793.74,1,793.74
20080625,BK-T79U-50,696.36,1,696.36
20080625,BK-T79U-54,668.29,1,668.29
20080625,BK-T79U-60,665.52,1,665.52
20080625,BK-T79Y-46,453.8,1,453.8
20080625,BK-T79Y-50,658.06,1,658.06
20080625,BK-T79Y-60,502.32,1,502.32
20080626,BK-M18B-52,194.76,1,194.76
20080626,BK-M38S-40,268.54,2,537.08
20080626,BK-M38S-46,292.21,2,584.42
20080626,BK-M68B-38,729.23,1,729.23
20080626,BK-M68B-46,686.67,3,2060.0099999999998
20080626,BK-M68S-38,729.18,1,729.18
20080626,BK-M68S-42,754.25,5,3771.25
20080626,BK-R19B-44,200.98,2,401.96
20080626,BK-R19B-48,186.75,1,186.75
20080626,BK-R19B-58,270.69,2,541.38
20080626,BK-R64Y-38,419.98,1,419.98
20080626,BK-R64Y-40,530.05,2,1060.1
20080626,BK-R64Y-42,615.05,1,615.05
20080626,BK-R79Y-40,740.54,2,1481.08
20080626,BK-R79Y-42,544.3,1,544.3
20080626,BK-R79Y-44,744.13,1,744.13
20080626,BK-R79Y-48,634.37,1,634.37
20080626,BK-R89B-48,907.76,1,907.76
20080626,BK-R89B-58,933.17,1,933.17
20080626,BK-T18Y-62,166.25,1,166.25
20080626,BK-T44U-50,386.78,1,386.78
20080626,BK-T79U-50,698.59,1,698.59
20080626,BK-T79U-54,670.97,4,2683.88
20080626,BK-T79U-60,666.52,1,666.52
20080626,BK-T79Y-46,451.94,1,451.94
20080627,BK-M18B-42,157.41,1,157.41
20080627,BK-M18B-44,193.44,1,193.44
20080627,BK-M18S-44,83.9,1,83.9
20080627,BK-M18S-52,63.61,1,63.61
20080627,BK-M38S-38,334.77,1,334.77
20080627,BK-M38S-42,322.72,1,322.72
20080627,BK-M68B-42,716.94,2,1433.88
20080627,BK-M68S-38,732.17,2,1464.34
20080627,BK-M68S-42,752.74,2,1505.48
20080627,BK-R19B-44,201.46,2,402.92
20080627,BK-R19B-48,187.52,2,375.04
20080627,BK-R19B-52,240.09,1,240.09
20080627,BK-R19B-58,270.06,2,540.12
20080627,BK-R64Y-48,428.14,1,428.14
20080627,BK-R79Y-40,739.8,4,2959.2
20080627,BK-R79Y-48,635.52,1,635.52
20080627,BK-R89B-52,947.93,1,947.93
20080627,BK-R89B-58,935.03,3,2805.09
20080627,BK-R89R-58,1034.29,2,2068.58
20080627,BK-T18U-44,197.63,1,197.63
20080627,BK-T18Y-44,158.79,1,158.79
20080627,BK-T18Y-50,172.99,1,172.99
20080627,BK-T79U-50,698.38,1,698.38
20080627,BK-T79U-54,671.1,1,671.1
20080627,BK-T79Y-46,450.81,1,450.81
20080628,BK-M18B-48,178.18,1,178.18
20080628,BK-M18S-40,80.01,1,80.01
20080628,BK-M38S-38,334.61,1,334.61
20080628,BK-M68B-42,717.73,1,717.73
20080628,BK-M68B-46,689.14,2,1378.28
20080628,BK-M68S-38,729.46,5,3647.3
20080628,BK-M68S-42,750.48,4,3001.92
20080628,BK-M68S-46,761.78,1,761.78
20080628,BK-R19B-44,200.76,1,200.76
20080628,BK-R19B-48,188.42,1,188.42
20080628,BK-R19B-52,239.29,3,717.87
20080628,BK-R64Y-38,418.72,2,837.44
20080628,BK-R64Y-40,529.67,3,1589.0099999999998
20080628,BK-R64Y-42,619.24,4,2476.96
20080628,BK-R64Y-44,452.57,4,1810.28
20080628,BK-R64Y-48,429.77,1,429.77
20080628,BK-R79Y-40,740.54,1,740.54
20080628,BK-R79Y-44,741.83,1,741.83
20080628,BK-R89B-48,913.12,1,913.12
20080628,BK-R89B-58,936.44,1,936.44
20080628,BK-R89R-58,1034.08,1,1034.08
20080628,BK-T18Y-62,165.1,1,165.1
20080628,BK-T44U-54,387.8,1,387.8
20080628,BK-T79U-54,671.24,2,1342.48
20080628,BK-T79U-60,669.79,1,669.79
20080628,BK-T79Y-46,452.03,1,452.03
20080628,BK-T79Y-54,646.93,1,646.93
20080629,BK-M18S-42,65.34,1,65.34
20080629,BK-M18S-48,72.73,1,72.73
20080629,BK-M38S-38,336.28,1,336.28
20080629,BK-M38S-42,321.59,3,964.77
20080629,BK-M68B-38,729.45,2,1458.9
20080629,BK-M68B-42,720.6,1,720.6
20080629,BK-M68B-46,692.45,2,1384.9
20080629,BK-M68S-42,752.73,1,752.73
20080629,BK-M68S-46,759.88,3,2279.64
20080629,BK-R19B-44,200.55,1,200.55
20080629,BK-R19B-48,188.29,1,188.29
20080629,BK-R19B-52,238.55,1,238.55
20080629,BK-R19B-58,270.63,2,541.26
20080629,BK-R64Y-44,450.9,1,450.9
20080629,BK-R64Y-48,427.88,1,427.88
20080629,BK-R79Y-40,742.09,2,1484.18
20080629,BK-R79Y-42,541.63,2,1083.26
20080629,BK-R79Y-44,742.12,1,742.12
20080629,BK-R89B-44,1050.09,1,1050.09
20080629,BK-R89R-58,1031.81,1,1031.81
20080629,BK-T18U-58,189.84,1,189.84
20080629,BK-T18Y-44,159.88,2,319.76
20080629,BK-T18Y-50,173.83,1,173.83
20080629,BK-T18Y-58,165.53,1,165.53
20080629,BK-T44U-46,414.97,1,414.97
20080629,BK-T44U-50,389.06,2,778.12
20080629,BK-T79U-54,672.78,1,672.78
20080629,BK-T79U-60,670.52,1,670.52
20080629,BK-T79Y-54,647.96,1,647.96
20080630,BK-M68B-38,726.02,2,1452.04
20080630,BK-M68B-42,723.19,3,2169.57
20080630,BK-M68S-38,725.45,2,1450.9
20080630,BK-M68S-42,750.25,3,2250.75
20080630,BK-M68S-46,762.92,2,1525.84
20080630,BK-R19B-44,201.26,1,201.26
20080630,BK-R19B-48,188.66,1,188.66
20080630,BK-R19B-52,238.07,1,238.07
20080630,BK-R19B-58,271.82,1,271.82
20080630,BK-R64Y-40,526.81,1,526.81
20080630,BK-R89B-48,914.76,2,1829.52
20080630,BK-T18U-44,197.32,1,197.32
20080630,BK-T18Y-44,160.5,1,160.5
20080630,BK-T44U-54,389.82,2,779.64
20080630,BK-T44U-60,399.29,1,399.29
20080630,BK-T79U-50,693.71,1,693.71
20080630,BK-T79Y-46,451.98,1,451.98
